path,is_dir,size,compressed_size,crc32,sha256,ownership,component,confidence
Payload/,True,0,0,00000000,,ORIGINAL_APPLICATION,game resource,MEDIUM
Payload/pool.app/,True,0,0,00000000,,ORIGINAL_APPLICATION,game resource,MEDIUM
Payload/pool.app/MCFButtonOrangeFrameFromHSFFixedParameters.plist,False,335,252,d95b9f1f,0160b9dafe8f3cdb600cba196463d3240b46cb789e14a269d53f902c555e8463,ORIGINAL_APPLICATION,game resource,MEDIUM
Payload/pool.app/de.lproj/,True,0,0,00000000,,ORIGINAL_APPLICATION,bundle metadata / localization,HIGH
Payload/pool.app/de.lproj/strings.strings,False,73,67,271593cb,f55c7db739fba8921e60443a61281f0e76276e114b11f6a841b57c1bf96fdbb5,ORIGINAL_APPLICATION,bundle metadata / localization,HIGH
Payload/pool.app/de.lproj/InfoPlist.strings,False,154,128,b4e8c7a5,717b6cc3310c6654585346ce63751b034e5e68fac35c8d20ef97a9664b77e893,ORIGINAL_APPLICATION,bundle metadata / localization,HIGH
Payload/pool.app/Particle_Star.png,False,872,872,01ee96c4,e88b1cfd58522cb3ab8c108de138f1b9b02e7ebf4a2145da5b1d377e0fe7ae9a,ORIGINAL_APPLICATION,game resource,MEDIUM
Payload/pool.app/flag_PS-hd.png,False,630,630,6e44dd78,1c1e2b85ccac8f2585d10bbaaed398870d05c5baeda2a535bd449cb69dc06776,ORIGINAL_APPLICATION,game resource,MEDIUM
Payload/pool.app/iMessenger_background-hd.png,False,80498,80513,a8fc585e,5d9992a3ee9a4931235f5e73de98917b96e18cb0c6f2dfa73fc7330c5288309b,ORIGINAL_APPLICATION,game resource,MEDIUM
Payload/pool.app/QFP0AVAYR.png,False,3774,3774,fcab6ca6,330d6a1f01265a5336c3fe231bc56b516b968dd492251f91d74654bc9e80aa0c,ORIGINAL_APPLICATION,game resource,MEDIUM
Payload/pool.app/CellNumberDescriptionProductDisplayWidget.ccbi,False,1895,1039,47b7fd87,97e419bc405728d1462f647355e1d3c4fd947615915dd8316be0fa00719c1f43,ORIGINAL_APPLICATION,game resource,MEDIUM
Payload/pool.app/MCFLeaderboardPopupTabSelectedDesc.plist,False,328,251,d0aa6a47,2691644c6da02e1f7cfb1f6aeca3a172e6faa4f0cbf9449ac9df516b2169fc3e,ORIGINAL_APPLICATION,game resource,MEDIUM
Payload/pool.app/FramedSpriteMenuFrameDesc.plist,False,206,176,8404e60e,33ba99e0cf64204930646e104e2229aa3a12bcb589fbd2bd24f81d6d3c5c83fc,ORIGINAL_APPLICATION,game resource,MEDIUM
Payload/pool.app/Smoke_White.png,False,500,500,348852a3,02788ed70c6763baef169b635edac5728d21bd5736f0dff0fb36646326cdadcc,ORIGINAL_APPLICATION,game resource,MEDIUM
Payload/pool.app/FramedSpriteTurnBaseSettings.plist,False,206,180,67156cfa,0f9d41034c5258cb26902f5fbdb8f7a4ab569f16c9a851c790d849a8be5b4659,ORIGINAL_APPLICATION,game resource,MEDIUM
Payload/pool.app/37226_productIcon-hd.png,False,12150,12150,33f101e6,1f509b9dbd1b4b9053635d3176ca17b0976de9be9cb93b5a052e0c70eaaf13f2,ORIGINAL_APPLICATION,game resource,MEDIUM
Payload/pool.app/ProgressiveVideoAdRewardNode_vShopRevamp.ccbi,False,2398,1293,8bec94a5,3af6c8f76f60470d9a75ce43ac3f373651967a4809ca3d8992a8a8b02a8afb15,ORIGINAL_APPLICATION,game resource,MEDIUM
Payload/pool.app/iMessenger_background-ipad.png,False,102124,102144,d0c2395a,792a7c8880712a3fd3bc88cf7f94c20e08fe3a2ac345190e6df9e355487f48b7,ORIGINAL_APPLICATION,game resource,MEDIUM
Payload/pool.app/PlayerMatchProgressionNode.ccbi,False,2203,1187,996e99e2,936bffceead9578cf65a05e7f8fba6af48bcda08c4e62ae61987ea894b85493c,ORIGINAL_APPLICATION,game resource,MEDIUM
Payload/pool.app/hud.png,False,41786,41796,154fb663,307bdb79e96c219ad38d1ddcb08c53d81a56fbbf1568eff1b153c7eafd66f274,ORIGINAL_APPLICATION,game resource,MEDIUM
Payload/pool.app/MCFSSettingsButtonSide.plist,False,334,253,2bb8aae6,153bf594d6b1c8ef6f82832240909d60af2c987c23b381c09d482c1efabbdb4a,ORIGINAL_APPLICATION,game resource,MEDIUM
Payload/pool.app/MenuClubsLandingTabClubs.ccbi,False,151,132,7d50ad0b,de6cacffff6086483ef4239f8ae9ededfdf07e9661eff58f5eec897012470eab,ORIGINAL_APPLICATION,game resource,MEDIUM
Payload/pool.app/tableBase.png,False,4960,4960,f1bd0d79,19a297c5fda5757563c68831bde7b2d4f14343543ff06a553267af15604ff6b7,ORIGINAL_APPLICATION,game resource,MEDIUM
Payload/pool.app/localization1_es-hd.png,False,39938,39948,00592e60,020a55a37cab1605abb394e26b93eeb3acf9fe083da7927d0d80004562a8ad39,ORIGINAL_APPLICATION,game resource,MEDIUM
Payload/pool.app/CircularProgressBarRingFill-hd.png,False,4150,4150,2b0725dd,be2389958d63bb145b730161c707920087b60112f24988ae02ec013538b691ac,ORIGINAL_APPLICATION,game resource,MEDIUM
Payload/pool.app/_CodeSignature/,True,0,0,00000000,,SHARED,code signature resource map,HIGH
Payload/pool.app/_CodeSignature/CodeResources,False,1089386,305945,9baaf500,05f25e8819912c2f13a91ab1c84914e6838a11d2ac5291ff2f9e334ab5066e7a,SHARED,code signature resource map,HIGH
Payload/pool.app/MCFSGenericFrame10.plist,False,352,257,d4da463f,6d239505ce70fb1951eadf8fcff6e88e2fe9ce446bdb4d3727789eca8c613583,ORIGINAL_APPLICATION,game resource,MEDIUM
Payload/pool.app/MCFButtonLight.plist,False,322,245,a7ad40c9,866c2b923aa47dfaa482350b5c9a47060f3e0598dfac2b77b4a26d98dd6c98c5,ORIGINAL_APPLICATION,game resource,MEDIUM
Payload/pool.app/Particule_2.plist,False,1419,732,b4c04943,19a9d93ed64a3d83cfe9c85501d4dd6922f6e75df56da906c908a3a058c1a204,ORIGINAL_APPLICATION,game resource,MEDIUM
Payload/pool.app/Petals_particles_01.png,False,1368,1368,5ef1e4d0,4f9fa9860b257a1c2b8144b196ccab62e17c4ae20319b92cebd08ed528994778,ORIGINAL_APPLICATION,game resource,MEDIUM
Payload/pool.app/40070_productIcon-hd.png,False,12828,12828,c069c879,87e1ddc0c695d9bc62385cb827eaa8c86ba3cf380df69dcd57f35761a2a744f7,ORIGINAL_APPLICATION,game resource,MEDIUM
Payload/pool.app/ClubGiftingButtonCoins.ccbi,False,1144,745,9197b1cf,c3a95083413f1950d60288678ced48de3283a6d6eba407ac16bbe2de776ec998,ORIGINAL_APPLICATION,game resource,MEDIUM
Payload/pool.app/slider-hd.png,False,1864,1864,4eb3c295,2cedf8b14950360884f3b502d40e0783989e88dd357eef1d13caaaccb76d55e1,ORIGINAL_APPLICATION,game resource,MEDIUM
Payload/pool.app/Legendary_Particles.png,False,556,556,e986073d,01a48de9f9e82cc5f6784d22eea6039248f2181b3afe42587822ffddb6715153,ORIGINAL_APPLICATION,game resource,MEDIUM
Payload/pool.app/MenuVIPBenefitsInfoView.ccbi,False,1413,919,6f548f2a,0fd0abe1d6c09d34f86d7ad8a4bd043b8aab228c1fbcc9a8df25013df798685e,ORIGINAL_APPLICATION,game resource,MEDIUM
Payload/pool.app/menuModes_Bundled-hd.plist,False,741,440,ce11c234,3802eb6ed0a48ec7db76d67a00fa24f52ef872b5c2ce6a8e458156cf6bd3e2a3,ORIGINAL_APPLICATION,game resource,MEDIUM
Payload/pool.app/flag_BR-hd.png,False,1032,1032,491a3eb8,3ff0e8b479d41716858abafe8e298006d034516269f3daa2c9edea6c345b901c,ORIGINAL_APPLICATION,game resource,MEDIUM
Payload/pool.app/MCFSNewShopCellGreen.plist,False,331,253,8f4182ee,516132e9128cfc4f3fa42743eb16b0a07ef33371e03c6111e3d8c80656f2b0b6,ORIGINAL_APPLICATION,game resource,MEDIUM
Payload/pool.app/dailySpin-hd.plist,False,1545,819,73f99d85,fdd429e4c4c745ccd1b995ea7fcb33cd7165bb29ac79d6c654c6735712d25c00,ORIGINAL_APPLICATION,game resource,MEDIUM
Payload/pool.app/vi_promo_text.plist,False,103109,36552,ae681829,03e6750cdb4e28cea522f772e0387523e4a57c9e0bdebf9d3fef9d3fbab087f5,ORIGINAL_APPLICATION,game resource,MEDIUM
Payload/pool.app/MCFDailyRewardArrow3SelectedFrameDesc.plist,False,373,276,c0da311c,c95b94247de12a0b7db3b30bc2f16b54cb270436df289932fcd119fb9fd60079,ORIGINAL_APPLICATION,game resource,MEDIUM
Payload/pool.app/GoldenShotTrophies.ccbi,False,298,232,d6586c11,6d373fe882bcc69189da7d3aed5d80b9c4d818778e880ed05deddf59ce11cbd7,ORIGINAL_APPLICATION,game resource,MEDIUM
Payload/pool.app/GS_Popup_Flip.png,False,972,972,e3209090,bf3a7cc192e9fbb61e145dbc26208607d446cd4f08a92a29f96f421a7f958e90,ORIGINAL_APPLICATION,game resource,MEDIUM
Payload/pool.app/localization1_fr-hd.plist,False,476,362,222b5710,8fc38cf257f45e9a4be2318d49e57b62dd5f2c32026ccbe97a814f1ef5b9efda,ORIGINAL_APPLICATION,game resource,MEDIUM
Payload/pool.app/tr_text.plist,False,1279663,447915,67dd5f37,f38d68eb94916e42b369713512f88d5332a4268d60783f72542f5739c4b74c57,ORIGINAL_APPLICATION,game resource,MEDIUM
Payload/pool.app/flag_AL-hd.png,False,826,826,f95d4943,7df7e2231a3c1a26ab3ca9fdaebfc7081ea540e2a3d64e1242890891be15871a,ORIGINAL_APPLICATION,game resource,MEDIUM
Payload/pool.app/ProgressBarIconArrow.ccbi,False,669,416,09d0cb2b,6ee1e25d9bb02efdf891e377104225521750b480851f36d079d183469017b78b,ORIGINAL_APPLICATION,game resource,MEDIUM
Payload/pool.app/sfx_victoryBoxes_box_cardJump_coins.mp3,False,61796,47260,b3c48072,2a75675a3b69cd2eb91f41f11a4e859d7fa2d79f0cfb3437bb5f020c2a279a04,ORIGINAL_APPLICATION,game resource,MEDIUM
Payload/pool.app/HSF_Generic_Red_Button.plist,False,131,107,741b2fe2,17661f0e677bb4848345b1402f2010a5a91294e9656403ca9b8eb0a4145f7b24,ORIGINAL_APPLICATION,game resource,MEDIUM
Payload/pool.app/sfx_button.mp3,False,3475,971,abded8eb,05b24d161351f4cad2a7186b0b78b92ead269336d9b4dc5b653997eba95167fe,ORIGINAL_APPLICATION,game resource,MEDIUM
Payload/pool.app/Level_Up_Particule.plist,False,1448,765,c1a3fb53,36a38ecc140a3caa1ce92265350977dcec0d01c4c0a109690e28b2d0a64ce3c0,ORIGINAL_APPLICATION,game resource,MEDIUM
Payload/pool.app/flag_VE.png,False,404,404,7962dbd6,3ab35e4147810ecba7ac9367dbf168f4025da1279d4b5ad81abc06e268e35632,ORIGINAL_APPLICATION,game resource,MEDIUM
Payload/pool.app/GenericSliderWidget.ccbi,False,1017,631,3656a486,a95831200c19eb1f19865d2809fade0f30a3c6c004f454e8df4bb4b42f339993,ORIGINAL_APPLICATION,game resource,MEDIUM
Payload/pool.app/iMessenger_background_blurred.png,False,3686,3686,d403bfae,fa71139f3d27ff63d8d99ef35c2fcd42bca592bbcee094b7b447aed3e5835e98,ORIGINAL_APPLICATION,game resource,MEDIUM
Payload/pool.app/flag_FM-hd.png,False,748,748,005291bc,5738c68066ef1f4eb9bdd1e764e0c238273547803bf79cb5d42b9e37756590b2,ORIGINAL_APPLICATION,game resource,MEDIUM
Payload/pool.app/flag_TZ.png,False,534,534,464ecac8,cd3ff9119a8d08eb92acfde3a368576a596236453013cdea80a297a91b8a0457,ORIGINAL_APPLICATION,game resource,MEDIUM
Payload/pool.app/localization1_id-hd.plist,False,476,365,3b071527,551e168217b2ccf18d23a2aefef8219e7de83c790204a7cd730e23041f9b77f7,ORIGINAL_APPLICATION,game resource,MEDIUM
Payload/pool.app/sfx_victoryBoxes_infoPages_cueUpgrades.mp3,False,183145,132285,dbfe9914,baae9568fea53c3daa00bd7793378b14a2a92c347d27de4b5ca7c55930255668,ORIGINAL_APPLICATION,game resource,MEDIUM
Payload/pool.app/CircularProgressBarRing-hd.png,False,4110,4110,9ff73f8e,c714350d622f05e4735ec80e7e7d572e4f9a53501dc27d05f8bdfdb79b47f6bb,ORIGINAL_APPLICATION,game resource,MEDIUM
Payload/pool.app/MenuFriendsNew.plist,False,601,466,95d11979,fce4a3923c9b7e5ecd46ea0af6e9e2f3a242626082ef39b563b97ead8032f041,ORIGINAL_APPLICATION,game resource,MEDIUM
Payload/pool.app/MenuUnlockTierSelectorPopup.ccbi,False,1787,1077,c9ab5126,a6e22ba83e4be398500e036e50bbcfe3fa69026143c56d0c1e63957c94354b54,ORIGINAL_APPLICATION,game resource,MEDIUM
Payload/pool.app/flag_TM.png,False,374,374,4a0a3955,7f7e67a994586e54afc34738f7264dc2d05fc41894a73ffee89dfa67899885fc,ORIGINAL_APPLICATION,game resource,MEDIUM
Payload/pool.app/androidHud.plist,False,305,242,5c8ab7d1,eb9493f21cafb3955f5df32447eff64bcca99ecdafefc2192326352273eb452a,ORIGINAL_APPLICATION,game resource,MEDIUM
Payload/pool.app/FramedSpriteTableCellSelectedFrameDesc.plist,False,214,184,3c3158c7,473362765027d1f9d58f0ae56d257c03ab8f640e5c61cc741987f8cf5b0185f5,ORIGINAL_APPLICATION,game resource,MEDIUM
Payload/pool.app/ProductListDisplayWidgetCell.ccbi,False,181,153,828b837d,457558dd42911a1d035a90ad1664638f60f0d706395b6c4c1c707231ff746fd7,ORIGINAL_APPLICATION,game resource,MEDIUM
Payload/pool.app/flag_ES-hd.png,False,500,500,f3bf1e4e,5bd1a02bc542f91f607576ea0998dc7d25ea181c63efa5b3b29d5ac92569d34a,ORIGINAL_APPLICATION,game resource,MEDIUM
Payload/pool.app/CueMastery-FeatureUnlock-hd.png,False,150290,150151,4b48b8b9,7ca2f72ed5d3034f20827de31494eeede6a68bda0f433c6e3a5c1844a77dc64e,ORIGINAL_APPLICATION,game resource,MEDIUM
Payload/pool.app/ShopSubscriptionButton.ccbi,False,1529,911,dc9617e1,361ea86186c1e3a2c54950f737f5b5cea80a2a29c3d8e63e48a04ce6ec0b9f18,ORIGINAL_APPLICATION,game resource,MEDIUM
Payload/pool.app/CushionShotTutorial.json,False,229493,11604,86267297,1e4b0cfc97562b2309a5716d9f468c817c93a23fb8c08afcd7999129575f1fc9,ORIGINAL_APPLICATION,game resource,MEDIUM
Payload/pool.app/Coin_Particule.png,False,3206,3206,e918d830,fd07a29c9a876241976be8ff186f61292d07e4e4badfcd1896932e6247e0b6e1,ORIGINAL_APPLICATION,game resource,MEDIUM
Payload/pool.app/flag_RO-hd.png,False,610,610,7f40848b,3e9d4922ce9c7d7fc91a30899455f26e745f908f23fb69f598217215d9cf64ac,ORIGINAL_APPLICATION,game resource,MEDIUM
Payload/pool.app/ball10-hd.png,False,1424,1424,dbef4110,ade55d3c073a0bff0578f464fb6b57dd0c62d1dac4b8d9e47e6b18bddd47f29e,ORIGINAL_APPLICATION,game resource,MEDIUM
Payload/pool.app/flag_NC.png,False,334,334,3962463d,37e6fc6be7ebd1d5254cce4b506ae03942676ef3a8fabd02ac56857401e7e391,ORIGINAL_APPLICATION,game resource,MEDIUM
Payload/pool.app/sfx_victoryBoxes_box_levelBarGrows.mp3,False,30939,20161,05dfced2,80450be126215b2ca59e3f65803e69e148301fbc0b7ff251a2d376642c2b92af,ORIGINAL_APPLICATION,game resource,MEDIUM
Payload/pool.app/flag_MX.png,False,406,406,8d739864,5b81e66abd6b72e155a31667ed879fc1305b0cb8c5ba74352cc8c63cc610ef7b,ORIGINAL_APPLICATION,game resource,MEDIUM
Payload/pool.app/slider.png,False,912,912,daf1a2d1,c94027af8fc7dec86a18f04fe031c09ce8c2841ed46690587e475e4b4f77b8bb,ORIGINAL_APPLICATION,game resource,MEDIUM
Payload/pool.app/flag_TL-hd.png,False,800,800,0f888c4c,d52cac3685e785ac19d4d939ffd6a9a8fdb7b9b4ab0356e97144d0a4fc31991b,ORIGINAL_APPLICATION,game resource,MEDIUM
Payload/pool.app/flag_MO.png,False,358,358,5a418edd,9d9891f3c06cacc77afe1055af4e0b6a8fbcd1334ea5fab5f1ad331bb5c4e11e,ORIGINAL_APPLICATION,game resource,MEDIUM
Payload/pool.app/QFP0AVS5A-ipad.png,False,17832,17832,6e51e9b8,f88a94a8e0a30341537dc7d25fbdf89c474bcc9ed5e46d05d0b0afadd08eaf01,ORIGINAL_APPLICATION,game resource,MEDIUM
Payload/pool.app/VictoryBoxDetailsInfoListNodesLayout.ccbi,False,3205,1630,6efea9d5,5c36cab0a8301024cb8499d25fd50f9a8d98b4a436731aa5c9ed6dfbf3ca4cf2,ORIGINAL_APPLICATION,game resource,MEDIUM
Payload/pool.app/DailySpin_Arrow.json,False,49096,2109,dbc4cecc,aa2a67fcb10cda1c5d702d1d375c026d1f67edec92eaea7cdabf030c531d3b30,ORIGINAL_APPLICATION,game resource,MEDIUM
Payload/pool.app/sfx_victoryBoxes_menu_boxFlyIntoSlot.mp3,False,36653,26130,a4c22891,9e9bfb146d80a0ece84228a3b4ea43c8d95e098eccfd726c219b9e447f556dda,ORIGINAL_APPLICATION,game resource,MEDIUM
Payload/pool.app/flag_LK.png,False,470,470,229867b3,67502c613d21367a22d19a8f45133095342d1505355fa50a0e8be7ccca72f33d,ORIGINAL_APPLICATION,game resource,MEDIUM
Payload/pool.app/dailyMissions.png,False,844,844,6e0a1690,7ede7b6a760d13f527d0e7d9b50094ff903cb0534a848d229ba3c510a7f0dfd2,ORIGINAL_APPLICATION,game resource,MEDIUM
Payload/pool.app/MCFSLeagueInfoNodeTintFrame.plist,False,347,259,2362c287,a5c2d2b4e0734783f61c4019687c7bd6d2aa36545f8c20808f72e6f7590bb088,ORIGINAL_APPLICATION,game resource,MEDIUM
Payload/pool.app/Pink_Top_Particles.png,False,556,556,e986073d,01a48de9f9e82cc5f6784d22eea6039248f2181b3afe42587822ffddb6715153,ORIGINAL_APPLICATION,game resource,MEDIUM
Payload/pool.app/MCFGrayscalePopupFrameDesc.plist,False,338,250,01162496,a0f6eb143ffc84769006f823420f6f07addb60ad729d516a5e8ceabb933aa13d,ORIGINAL_APPLICATION,game resource,MEDIUM
Payload/pool.app/flag_CD.png,False,530,530,0f24e644,c551a7479f5b6bd0aad56bee1d1a085be814a5f0d6a3c003eac923b2d7ace4f0,ORIGINAL_APPLICATION,game resource,MEDIUM
Payload/pool.app/sfx_spinNormalSpinPrize.mp3,False,50112,35579,50128b6e,7beaf37999a0f4f0b422c0ee51524482b86d9c406899bd35b5c25ef0366fb8ba,ORIGINAL_APPLICATION,game resource,MEDIUM
Payload/pool.app/flag_SA-hd.png,False,746,746,a0bbb3f6,991a909b9a5baacded4c217c4b9c28a01208fffcdff8b65014e381ed86f4bbae,ORIGINAL_APPLICATION,game resource,MEDIUM
Payload/pool.app/MCFButtonBlueFrameSmall.plist,False,348,259,f7783b4d,3c38342a35be5b2ca91191d2879ce51acb48a08eccd7e9004048f70ff9c4971c,ORIGINAL_APPLICATION,game resource,MEDIUM
Payload/pool.app/OpenGift.atlas,False,572,224,999246e2,12e2abb2084cfe2d9e74ed16c8193a07100f41956e2c82679896d8c6def664c3,ORIGINAL_APPLICATION,game resource,MEDIUM
Payload/pool.app/GD-Animation-PrizeGlow.png,False,12178,12175,4865483f,a32cc9ecbab5cbe884a90b6636c9fe1d90ac5fe7fb3aed6acab3fb14d0e3fdc9,ORIGINAL_APPLICATION,game resource,MEDIUM
Payload/pool.app/theme7.png,False,20470,20418,6cb53137,97e3a21261d91be79a23230f159d2833edff12f9fb5b6c16ed565276e292e0dc,ORIGINAL_APPLICATION,game resource,MEDIUM
Payload/pool.app/CashDefault.ccbi,False,777,341,6cd04714,282c8833c932c8130f28d3112e46f197eb92f82ed70aed2ab86a1db5b68f0508,ORIGINAL_APPLICATION,game resource,MEDIUM
Payload/pool.app/PiggyBankMatchEndProgressBar.ccbi,False,3405,1752,b86d55b5,3e3552cdb2304a12fd40afdfddbd3bd0ab32dd9d003c3845fabc7774e0a1d5d0,ORIGINAL_APPLICATION,game resource,MEDIUM
Payload/pool.app/BG_Particles_3.plist,False,9822,7323,cbe1f162,68982279a89dfdd1a1f2af29a3a032d90e7ad67f3a60664401d8772d4dc80131,ORIGINAL_APPLICATION,game resource,MEDIUM
Payload/pool.app/flag_BW.png,False,378,378,5eea360b,6c1c1c057c5977d0fded39bdd5432db34c6a12fbfdefecf3570ae36ea2602b16,ORIGINAL_APPLICATION,game resource,MEDIUM
Payload/pool.app/flag_AL.png,False,428,428,7ce5d28c,c1cb93574dec075f818b90926febc74e007a9df54a132e6042ea59229c42cff4,ORIGINAL_APPLICATION,game resource,MEDIUM
Payload/pool.app/sfx_spinTransitionToGolden.mp3,False,79221,62689,0c249bb3,3ca0b3a91c72710c2e866d2805c1247089905a3a63e066a3d2520438caca8eb1,ORIGINAL_APPLICATION,game resource,MEDIUM
Payload/pool.app/Gold_Particles.plist,False,11120,5038,46aee8d8,c2d86affecceb747ea5b7e857d0d144efbb830423dbc5852cd6964841609288f,ORIGINAL_APPLICATION,game resource,MEDIUM
Payload/pool.app/Promotion.atlas,False,2231,504,ab065116,6a2d6b88619385a39d903242ce60b644ecd5ab6fb2cdb2b91bd18824411b5251,ORIGINAL_APPLICATION,game resource,MEDIUM
Payload/pool.app/MCFSettingsButtonSide.plist,False,330,250,d16f448f,aa7e4b40890b0e76f17031ec7822ffd3bfbb03fe8bc8a01a1eaf4757712f1eb4,ORIGINAL_APPLICATION,game resource,MEDIUM
Payload/pool.app/SeasonPassPurchasedClubMessage.ccbi,False,1450,845,fad6eadb,353f38b081a286b26f2c4ffc1016b210232b0ba96df622f8b2c0d8078dfe3e54,ORIGINAL_APPLICATION,game resource,MEDIUM
Payload/pool.app/DailySpin_BigFrames.png,False,17116,16957,f472cc91,cc1d3a50269c0fc28d74bea1c83e76d3af504a26107eed58294fead09a5b5916,ORIGINAL_APPLICATION,game resource,MEDIUM
Payload/pool.app/sfx_spinActivateGolden.mp3,False,39783,32912,02bf3717,5a51e1613229eb02dff17600beb4aad9b774550a0db225836c37ff34ed74786f,ORIGINAL_APPLICATION,game resource,MEDIUM
Payload/pool.app/flag_CR.png,False,372,372,2bf1b573,718fa81865a95202012efeddf6bf195773ef4a7775696725c61149521f2d95f9,ORIGINAL_APPLICATION,game resource,MEDIUM
Payload/pool.app/sfx_matching.mp3,False,6896,6795,ab1b5499,bcd0d8511742fdf36999b02a5456975bef36ea01b282e4a2e06d98f7be930052,ORIGINAL_APPLICATION,game resource,MEDIUM
Payload/pool.app/ShopPromo_Frame_Scratchers_ProgressiveRewards.plist,False,332,253,9e1f2b48,27101caee5948b5097e4bbc46abbd2ceb23ae81706b706d45523c10faed10fc2,ORIGINAL_APPLICATION,game resource,MEDIUM
Payload/pool.app/AvatarFrameRankUp.skel,False,3043,1054,42158f3f,e55d00f5a098305cfe5925874a5a409e3144a5dd3618df625feedb042c1bcbe6,ORIGINAL_APPLICATION,game resource,MEDIUM
Payload/pool.app/mainMenuRevamp.plist,False,1241,718,e8a2fdb5,3da2373b1dfeec7d932194e98d84e7dba59c666744ca3cb4878889d1e829311a,ORIGINAL_APPLICATION,game resource,MEDIUM
Payload/pool.app/flag_RW-hd.png,False,594,594,05fe35c1,16949d2b4282db1ed4c489af14d3599a885ec6122ac2af6f3ede94b2ba607312,ORIGINAL_APPLICATION,game resource,MEDIUM
Payload/pool.app/flag_AM.png,False,364,364,133b4d25,e7b53b8eb65f9b47e01bc48d6e2d513a7c8098b4a6f102a6585011d295b2ae7f,ORIGINAL_APPLICATION,game resource,MEDIUM
Payload/pool.app/flag_BV.png,False,476,476,7336c75a,09a4a851a36902b5f2c30cd3a9b1695751d111f7f9e757d396cfdf1597473897,ORIGINAL_APPLICATION,game resource,MEDIUM
Payload/pool.app/theme6.png,False,17846,17840,43a05056,66b21e62ff70d664f1cfe5927a2a127c2d21e227c08087c4aa733cff829b1d38,ORIGINAL_APPLICATION,game resource,MEDIUM
Payload/pool.app/TemporaryShopFullscreenInfoPopupHeader.ccbi,False,1152,705,cd929b63,113fe24ae2c2fdc35cb9740f581d145ae849860508a9681ad55c56ab59751009,ORIGINAL_APPLICATION,game resource,MEDIUM
Payload/pool.app/Champion_Medal_3-hd.png,False,23422,23044,18168744,f2a31de65f90fa45ae1b3765f5f40a9717841d3fc8d424255acdf71016db0527,ORIGINAL_APPLICATION,game resource,MEDIUM
Payload/pool.app/TrophiesCommon-hd.plist,False,2418,1287,cd976bd9,beb42b7fbe9dab38f5ad41eee4b12f644f7b005d21794bb6f80d5786f74bddce,ORIGINAL_APPLICATION,game resource,MEDIUM
Payload/pool.app/sfx_victoryBoxes_box_cardJump_victoryCue.mp3,False,62213,41275,3247cc38,9bc69d7edcd06da20bbf56df4cec790e930923f6baf3872cb303f470c00106ff,ORIGINAL_APPLICATION,game resource,MEDIUM
Payload/pool.app/ClubChallengeChatBubble.ccbi,False,3085,1655,95ad8d8e,745280753613d5b83ffe6cda1e51be9a4dbc46ae0817c39bb7ea371c9ab03179,ORIGINAL_APPLICATION,game resource,MEDIUM
Payload/pool.app/fbStories-hd.plist,False,947,556,678c98f4,280649b0e37f4255221ea7e864f01548ab0f6cbd59053bc460914a3d522dc2a9,ORIGINAL_APPLICATION,game resource,MEDIUM
Payload/pool.app/flag_AX-hd.png,False,908,908,314b00e2,51d4c571bff32dc5cb4bfa3e5034a8459d651121816554be37fd109d7fa12d29,ORIGINAL_APPLICATION,game resource,MEDIUM
Payload/pool.app/flag_BA.png,False,424,424,e0042b9e,72e0d6f65989f9b16b74a9ee44fa1eeeddd83e585df161f1098be196342ca9e4,ORIGINAL_APPLICATION,game resource,MEDIUM
Payload/pool.app/flag_AZ.png,False,426,426,eabfd4ab,597a79132941ed354dede278196a394755d4732f8e173657aa83d53663841ef8,ORIGINAL_APPLICATION,game resource,MEDIUM
Payload/pool.app/RewardListItem.ccbi,False,3572,1624,ae19b889,5cf0a14693c991c5f00349fc4517a1de347f81ea52442831666e5b76563f0767,ORIGINAL_APPLICATION,game resource,MEDIUM
Payload/pool.app/MedalWidget.ccbi,False,884,620,700ed26a,131f60f0a851f8821e9eac0155a5f19a9d94fb830d7cbf180c6fb1b41ce43516,ORIGINAL_APPLICATION,game resource,MEDIUM
Payload/pool.app/ball15-ipad.png,False,2570,2546,af56747b,44a1185832ad531ceadda6439505f46f38dda5d3fed2652886bcef4a051f0df0,ORIGINAL_APPLICATION,game resource,MEDIUM
Payload/pool.app/Level_Up_Particule.png,False,5264,5264,e0a731d7,70dd13914616d7e81228f10a7557fdc03b511ce39ffcf8b6597660d4a2d6d155,ORIGINAL_APPLICATION,game resource,MEDIUM
Payload/pool.app/GenericProductsView-hd.plist,False,497,368,9283ca98,4bd08e905da8e5305e0a07e2146e049fa6b21ab20719fb7438f5c5cafb2d39e9,ORIGINAL_APPLICATION,game resource,MEDIUM
Payload/pool.app/MCFSTournamentFrameRound1.plist,False,350,263,dfc24c20,7c2c1679ae8ed08fde094e1a69a8dcb3666bf4b838f164be4964fbf69c31df5f,ORIGINAL_APPLICATION,game resource,MEDIUM
Payload/pool.app/ball14-ipad.png,False,2454,2423,49d16660,6ed47687493c4be5d57a0e5fc261093d544d7c00ca4f1142cb18286837f43833,ORIGINAL_APPLICATION,game resource,MEDIUM
Payload/pool.app/ar.lproj/,True,0,0,00000000,,ORIGINAL_APPLICATION,bundle metadata / localization,HIGH
Payload/pool.app/ar.lproj/strings.strings,False,73,67,271593cb,f55c7db739fba8921e60443a61281f0e76276e114b11f6a841b57c1bf96fdbb5,ORIGINAL_APPLICATION,bundle metadata / localization,HIGH
Payload/pool.app/ar.lproj/InfoPlist.strings,False,172,126,3c61fde8,f4447007e256f5db5ed312e06f98fdd06fb1e7a0340ecb935570c2a9033e2848,ORIGINAL_APPLICATION,bundle metadata / localization,HIGH
Payload/pool.app/flag_UZ-hd.png,False,700,700,5a32da82,63fe88777dc2db59179c42ce16bd9461672cc76f16dc9704f2c17e1c5a17b9a4,ORIGINAL_APPLICATION,game resource,MEDIUM
Payload/pool.app/mainMenuRevamp.png,False,8670,8670,f90568ee,6a21cad9c5de2152c95367c4d4cd22368d7da7ffa6e9edbc929fe71af483b396,ORIGINAL_APPLICATION,game resource,MEDIUM
Payload/pool.app/flag_NU.png,False,424,424,6aca56c4,5a0210d512c4a99d61cc1de557abb803724063d13c5d49f340e893ca5cb9c2bb,ORIGINAL_APPLICATION,game resource,MEDIUM
Payload/pool.app/TierLockProgressionWidget.ccbi,False,1799,1049,f63ed7c5,0a0517fecc0aa213b8c16e60ba11546fcbe2e5592e0d959e304e56f6ea53af4b,ORIGINAL_APPLICATION,game resource,MEDIUM
Payload/pool.app/flag_MN.png,False,428,428,cbc14173,a3b0e42cfed8dfefb7d45c8830e3fb8dca3fedf23b30cf68418641af183db4f6,ORIGINAL_APPLICATION,game resource,MEDIUM
Payload/pool.app/surpriseBoxLegendary.png,False,15028,15028,910ba783,2acef1dd93d6987a727be3f4b779dc05c918281cf70743c42d0f25ecb6febd60,ORIGINAL_APPLICATION,game resource,MEDIUM
Payload/pool.app/GS_4_idle_01.plist,False,1542,827,d7cab967,260b016d49daaa28d05af2e128fad693e40cc3cfaedfdb5487fe6e649ed303a1,ORIGINAL_APPLICATION,game resource,MEDIUM
Payload/pool.app/flag_BF-hd.png,False,634,634,ef04d74e,89011c1e30e3962a93591d1f23aa5948ed012fcb0e4a578a682b50c0002fd776,ORIGINAL_APPLICATION,game resource,MEDIUM
Payload/pool.app/sfx_LAchampionship_championshipResults_wonRingAndMoney.mp3,False,97375,79672,69423788,30688981b39b8c728d17e3af231f48b8a0b7a80c06eb080358d270050a08e740,ORIGINAL_APPLICATION,game resource,MEDIUM
Payload/pool.app/MCFGenericBevelFrameNew.plist,False,367,266,1b86e822,a1656c921b503ee5e027e710e4bed8fbb304ff05b632fad93e86864b93a3d105,ORIGINAL_APPLICATION,game resource,MEDIUM
Payload/pool.app/flag_MY.png,False,464,464,77b6fd0c,0b0df5359bdc5ff525e9f6756b5e1679eb743a10a259b0421161872a415c0897,ORIGINAL_APPLICATION,game resource,MEDIUM
Payload/pool.app/SpectateBrowserListNode.ccbi,False,4426,2124,a324ec0f,baf6ad3ec71936b7ce205f3c146af90e24c07c1fe6f52671ab653c6ab8d4c44d,ORIGINAL_APPLICATION,game resource,MEDIUM
Payload/pool.app/MainMenu_Slot-hd.png,False,7806,7806,b0e5da19,e5b16a2ffd5341bdf9555dcd789f054a93bdbc35075cc2c2ea0dd971c1a2171f,ORIGINAL_APPLICATION,game resource,MEDIUM
Payload/pool.app/BG-Tournaments-Amsterdam.png,False,14968,14968,284173ea,37bb6b193a7a30bc7c24169b253cf55534f8a287397dc64d0547407c453a6dc4,ORIGINAL_APPLICATION,game resource,MEDIUM
Payload/pool.app/localization1_kr.plist,False,469,355,0aed2b6f,fca623e9c89e47cc91bb1a46a886fdb47bcf873eea943268ccd048e6671f94c8,ORIGINAL_APPLICATION,game resource,MEDIUM
Payload/pool.app/MCFSProgressionBarEmpty.plist,False,354,257,b7e86a80,6b930cd212f6e9d0779dfbb6ccd20cb8c702abcc659f69f48867e305faa6384c,ORIGINAL_APPLICATION,game resource,MEDIUM
Payload/pool.app/kr_text.plist,False,1037484,421493,1d8400c6,ca2419de789a12a7ff7a10f8702b52a5e71885d11ceafaaaca8c78e637db67da,ORIGINAL_APPLICATION,game resource,MEDIUM
Payload/pool.app/flag_DE-hd.png,False,506,506,d12b4a61,039840f50f80014ed982e7a7d5fb492373795a6f64f59b26d67e8191bf76f013,ORIGINAL_APPLICATION,game resource,MEDIUM
Payload/pool.app/ProductNodesBoxes-hd.plist,False,394,303,50866deb,03a42987c8a1176a5dd6b6b65d2679e6d7263e8f264c68cad2de6175f8a8cba2,ORIGINAL_APPLICATION,game resource,MEDIUM
Payload/pool.app/Cue_Sparkles1.plist,False,6547,4845,14b9d551,92ab072465e84ce33870f63431a859130d98b17bf7b249688576ea3fa07ef6ce,ORIGINAL_APPLICATION,game resource,MEDIUM
Payload/pool.app/singletableGoldenShot-ipadhd.png,False,243302,242836,c5351bb3,7c99a58bcd58799577cacada1f15d4d79d4d0f877eb8fbe0f913cff867c2e6cf,ORIGINAL_APPLICATION,game resource,MEDIUM
Payload/pool.app/UserCueWidget.ccbi,False,2757,1540,96395494,392a46d61252ebdb952c04cb34a1aa3655a4078c2375287d2d934a5e9f81e6e4,ORIGINAL_APPLICATION,game resource,MEDIUM
Payload/pool.app/FramedSpriteTierInfoButtonUnselectedDesc.plist,False,216,191,c4aa6ada,adf64dabefb42bb8a49825f360bb0992b97216e341423f8d38fd8862205a9a7e,ORIGINAL_APPLICATION,game resource,MEDIUM
Payload/pool.app/flag_SY-hd.png,False,758,758,25aaf09d,512534fb84c4ee46a08b5eaf7911ac4b63789f3ec6a2e6eef42d4cfd2f062538,ORIGINAL_APPLICATION,game resource,MEDIUM
Payload/pool.app/SlotCueCardWidget.ccbi,False,3109,1690,82ff8ccc,93af386ef957dc155e0cda01596c153ed61229b0ce445697eb312a716f0fe553,ORIGINAL_APPLICATION,game resource,MEDIUM
Payload/pool.app/flag_TL.png,False,468,468,c164c323,bf965298c3a84789614718f27d78c3b370a3fbca3612513995b1af832fa63510,ORIGINAL_APPLICATION,game resource,MEDIUM
Payload/pool.app/ja.lproj/,True,0,0,00000000,,ORIGINAL_APPLICATION,bundle metadata / localization,HIGH
Payload/pool.app/ja.lproj/strings.strings,False,73,67,271593cb,f55c7db739fba8921e60443a61281f0e76276e114b11f6a841b57c1bf96fdbb5,ORIGINAL_APPLICATION,bundle metadata / localization,HIGH
Payload/pool.app/ja.lproj/InfoPlist.strings,False,138,118,80df101d,8c618a8b4d17e0c265e724511febeb8d2134123a1ba63a2e5a5c1bfaccf02a25,ORIGINAL_APPLICATION,bundle metadata / localization,HIGH
Payload/pool.app/flag_CH-hd.png,False,774,774,70f58373,df7cc279b7b74b73b0634aa3a6e429406e0b4d56296311df5d8919ab40544a1d,ORIGINAL_APPLICATION,game resource,MEDIUM
Payload/pool.app/sfx_scratch.mp3,False,15046,13974,3b04ccca,fa685f29d3fe41648475736e9c9ed667832e7424d9aeafdfb35ddea3c0b5fcb6,ORIGINAL_APPLICATION,game resource,MEDIUM
Payload/pool.app/Shop-Promo-Card-SB-Rare-B-hd.png,False,1192,1192,f9c9ea8f,8955b835adbbde74a09364ed29e70d33ce57e06e7934271493773736080e626f,ORIGINAL_APPLICATION,game resource,MEDIUM
Payload/pool.app/MenuTurnOnNotifications.ccbi,False,3153,1607,70689c06,36ea67ae27412c3395ec09a9552230b7f13288ce99c3faa18a64d14bf3268125,ORIGINAL_APPLICATION,game resource,MEDIUM
Payload/pool.app/flag_PG-hd.png,False,1012,1012,2a60b30f,0522a6c1651b88f18159a634cd0d59624204f8c3234ac56c630326c84c17029b,ORIGINAL_APPLICATION,game resource,MEDIUM
Payload/pool.app/Card-Advance-Front-hd.png,False,6582,6539,2f182bc7,71f834d82b844e30476d67adf2b8afd90f6859638c98aedfab8dbd13536c7896,ORIGINAL_APPLICATION,game resource,MEDIUM
Payload/pool.app/StayIn.skel,False,3621,1126,c2f0aada,15a8af5aa1e197d8f993945898fbd5632c358e91767d091511dbd54e096b61a4,ORIGINAL_APPLICATION,game resource,MEDIUM
Payload/pool.app/GoldenShotCommon-hd.plist,False,1236,773,eb3f060b,8e6b92a8ff2e2440501ee73c5e2ca04aa4ca10165ae9c5ac2530462fe8eefd72,ORIGINAL_APPLICATION,game resource,MEDIUM
Payload/pool.app/flag_TT-hd.png,False,906,906,e3e1ede9,b7b50592537a27e467472cfaab3fa606cb519d0b6e31f3f04af2e594bdacabe8,ORIGINAL_APPLICATION,game resource,MEDIUM
Payload/pool.app/MidBandGradientLabelTTF.ccbi,False,841,545,e89b615f,c31a2869721f951d1172507cfa298d33b719787d813208010b64eb4b3f819286,ORIGINAL_APPLICATION,game resource,MEDIUM
Payload/pool.app/flag_WF-hd.png,False,1090,1090,21c4e8c0,677142ed5f8ba6d644ef9db236b5b2159c28b2fc9ae9518e42e16256a3c6003f,ORIGINAL_APPLICATION,game resource,MEDIUM
Payload/pool.app/ClubProfileComponent.ccbi,False,7285,2914,80b854be,e0a5585f92805fa87e8c28b8e532acd859a919df630ba518f44c671576ff0aac,ORIGINAL_APPLICATION,game resource,MEDIUM
Payload/pool.app/ProgressiveVideoAdRewardsWidgetShop.ccbi,False,5981,2761,58711fe0,fff48cebe3feea2ed2f978c044e32b7feec9ef0435b33b38a27bed919745752d,ORIGINAL_APPLICATION,game resource,MEDIUM
Payload/pool.app/InboxSystemMessagePopupView.ccbi,False,3743,1877,ab0d4618,9a898bcd291bca4f077af221650cae5365143cbaeee710b9881a52cd62a98147,ORIGINAL_APPLICATION,game resource,MEDIUM
Payload/pool.app/CreatorModeHUDButtons_WithCustomTableLoad.ccbi,False,2476,1210,7ef94610,e8684d4eab31101a829c242879b3ef90929ff4a2a1c38450c58a2d8670fb04b5,ORIGINAL_APPLICATION,game resource,MEDIUM
Payload/pool.app/tableCushions-hd.plist,False,426,340,8d9600d7,5d6c32b79addd677381060d919758aa45e1cdacc86c8363a83802a53e8148f90,ORIGINAL_APPLICATION,game resource,MEDIUM
Payload/pool.app/flag_PK-hd.png,False,744,744,ca92e1a7,432bc02d933bb423541ab2c41722eaf646f6e09bd690866cc099be585697eefa,ORIGINAL_APPLICATION,game resource,MEDIUM
Payload/pool.app/widgets.png,False,2962,2962,404211c1,aea1c58571223b051d344cb83df7d1bacde31a182ba5580c964fcd0654b19e4f,ORIGINAL_APPLICATION,game resource,MEDIUM
Payload/pool.app/GS_Table_Rings_Animation-hd.png,False,84062,84023,9c85e835,3ffa0849bb3e5962a5ab245170c67d5d413dea272a680e65eebd24f6b7d761ce,ORIGINAL_APPLICATION,game resource,MEDIUM
Payload/pool.app/flag_GW-hd.png,False,652,652,bbb8a2a7,81d1ca8695e7fef336c4267ad50a13e6305773c267a3f0725aaf5cd66e1cfb17,ORIGINAL_APPLICATION,game resource,MEDIUM
Payload/pool.app/flag_CD-hd.png,False,1066,1066,77d26cc4,0fd105ee737ce3db3f1576bc45160e3e26ffb013b05f9561adae7b3cfb51cb97,ORIGINAL_APPLICATION,game resource,MEDIUM
Payload/pool.app/MCFSLoginButtonGuest.plist,False,335,250,be79fea0,daccc0a891e77885792d236f3cec6aecb93b2eb02d134df806d5df50b21df2db,ORIGINAL_APPLICATION,game resource,MEDIUM
Payload/pool.app/flag_EG-hd.png,False,602,602,340d589f,9de03a1111c2fb61a269b887c0f9d104b84ca80c62314741b6a4ee248f1709da,ORIGINAL_APPLICATION,game resource,MEDIUM
Payload/pool.app/ball9-ipadhd.png,False,4780,4010,ee310f88,8bf5cb974ee1d8e402ecfb166097b4736e03bd75e08bf297e5d75af3047eb214,ORIGINAL_APPLICATION,game resource,MEDIUM
Payload/pool.app/MCFIngamePopupDescHighlighted.plist,False,343,264,71c13e6d,cbaea1bde7e751fd4dbeaa798acd99bdec1d614e811cad4172ce0b66739f05f9,ORIGINAL_APPLICATION,game resource,MEDIUM
Payload/pool.app/flag_AT-hd.png,False,570,570,853d3556,ade6cb2531d07c0817951dc2147a347e61f00101eb0b593b2f9ca4bfd7bd2624,ORIGINAL_APPLICATION,game resource,MEDIUM
Payload/pool.app/MCFSBlueBar.plist,False,349,259,161d5f17,1c3f8c5ceca4e4fd1e326ab0305ea21c97905a24e1c263b742f98f471d519096,ORIGINAL_APPLICATION,game resource,MEDIUM
Payload/pool.app/GoldenSpinWheelNode.ccbi,False,2699,1386,4e9a5fa1,82123ba947dd439116290021d4acb4dd5018ab03d16696f76e1514ea28ad2df9,ORIGINAL_APPLICATION,game resource,MEDIUM
Payload/pool.app/AnchorButtonSpecial.ccbi,False,848,559,cbd5f724,2184ba5412eee9739d3f54b422bc06d43f4820b089b3b90cbb20682c9caccf40,ORIGINAL_APPLICATION,game resource,MEDIUM
Payload/pool.app/8BP-Frame-00-Default.png,False,1308,1308,8d8fd8e1,4ae37a15830132f838515a6cd5f8ce2c43d87a3f0795594ddf3e14619f13b78f,ORIGINAL_APPLICATION,game resource,MEDIUM
Payload/pool.app/ProductNodesCommon-hd.png,False,40588,40581,f04eabd4,2c3225ad8ff2341b79920f5fb5e1a42c20251a4fb150ccc36bd22d5034dcaca1,ORIGINAL_APPLICATION,game resource,MEDIUM
Payload/pool.app/SlotCueMissionListCollectionHeader.ccbi,False,3024,1689,8c960e46,8068ffa9f13652f13ce23511554585d7d7280dcfdb7dad55221769bd251d7bda,ORIGINAL_APPLICATION,game resource,MEDIUM
Payload/pool.app/localization1_de-hd.png,False,36978,36988,d1578946,836f58637efcff7130c242ecbe59fd381f3a545620dd0f6e13874c216c81bfc0,ORIGINAL_APPLICATION,game resource,MEDIUM
Payload/pool.app/SocialActivityTabContent.ccbi,False,1005,676,ae398b87,1b6d733dd139e5c64c86740123634f519792851ed3ee73bd48527dd3c07eb0e1,ORIGINAL_APPLICATION,game resource,MEDIUM
Payload/pool.app/sfx_runner.mp3,False,120416,113487,94c653ef,fe7ee1a04a7f3191893f034ba1320068ab6929faabb2d6607e6ac68fc40c80c5,ORIGINAL_APPLICATION,game resource,MEDIUM
Payload/pool.app/flag_BJ-hd.png,False,586,586,aebb9c82,88661f9680fcbb2c117b79d1576bc9ab143740dd6da74b9873a014951df2a270,ORIGINAL_APPLICATION,game resource,MEDIUM
Payload/pool.app/sfx_luckyShot_prize_tapOpen.mp3,False,23194,18415,7eb46b29,7f2c0c3c6a3c5b6dbb13630cb9b2165ee6718c7f74763a0b12bca6fefcb5ef3b,ORIGINAL_APPLICATION,game resource,MEDIUM
Payload/pool.app/icons-hd.plist,False,6444,2393,c8aefe3e,5271b1b5149dfffc19660840ba120f9661d03ebf00a500e3be7562df7361f5f5,ORIGINAL_APPLICATION,game resource,MEDIUM
Payload/pool.app/FramedSpriteLeaderboardTabSelectedDesc.plist,False,227,201,ee26678b,cb88ec375f9b24b36ff4061a7259d9e49b9420c11df948abc748306784cfbb45,ORIGINAL_APPLICATION,game resource,MEDIUM
Payload/pool.app/seasonPass_bundled.png,False,19410,19410,f5497c20,26efd99e9115c99613d43934c68f3a882dbef96259639c866cccac0e48f80f89,ORIGINAL_APPLICATION,game resource,MEDIUM
Payload/pool.app/MenuEventTeaserPopup.ccbi,False,2710,1567,b1bf8085,383f5d88f5adada75b5335effca3fb41fef6a3b6de7726b2db098f7e3085b059,ORIGINAL_APPLICATION,game resource,MEDIUM
Payload/pool.app/hi_promo_text.plist,False,102759,36338,435c80b7,d5fa6590d42e388796256ae13a624393ebe6107b6259379b0c385a8e697825c8,ORIGINAL_APPLICATION,game resource,MEDIUM
Payload/pool.app/flag_OM-hd.png,False,582,582,01db6250,ddf0b425dec4da05620ffb832bf9827340e96ccc8f930071b227934dc88b2263,ORIGINAL_APPLICATION,game resource,MEDIUM
Payload/pool.app/MasteryMissionProgressDropdown_WithGoButton.ccbi,False,5007,2479,9f802e98,75e9911c21de9dc3beed26554a0163a65bafa01a930b1fff5443e54f1fcdf826,ORIGINAL_APPLICATION,game resource,MEDIUM
Payload/pool.app/CollectRewardWidget.ccbi,False,3463,1532,f04304c9,6906326c7a9f0f939fd5ac81106ba34f1a2c823a955e43a7839df45df9af4ed1,ORIGINAL_APPLICATION,game resource,MEDIUM
Payload/pool.app/FramedSpriteTableCellGreenFrameDesc.plist,False,208,182,38307b4a,ae10b5d651a6422fa0f161f480fd475efc5876dd7bf6e0b8778d25c57d07a4f9,ORIGINAL_APPLICATION,game resource,MEDIUM
Payload/pool.app/DailyRewardsCollectRewardWidget.ccbi,False,5142,2404,b319afbb,fb593c5c716b4c656107c34f16e61e4d6ada3e0d88352e81580ff8bc6e5c4fcc,ORIGINAL_APPLICATION,game resource,MEDIUM
Payload/pool.app/generic-hd.plist,False,17974,7544,6a886a92,fd41122485eb37b75c1a68150cf62470168a2c85fd4ddc7eb012426f840a784d,ORIGINAL_APPLICATION,game resource,MEDIUM
Payload/pool.app/MCFHudYellowButtonFrame.plist,False,332,250,064e22ef,088edb8c3871f9601907ea249c3c7f74478417f74346a51a94244476e9407a3d,ORIGINAL_APPLICATION,game resource,MEDIUM
Payload/pool.app/flag_LS-hd.png,False,908,908,f7cc60c3,17f841a4b57c82d00bfaf9a2f823fc6533a9d826eb7b1c89faf91a011dbcda7e,ORIGINAL_APPLICATION,game resource,MEDIUM
Payload/pool.app/RingWidget.ccbi,False,1270,781,f6415318,3825545f03679fbf4083d6c9de309b58bac1666dcd012f16facc6edcd0027ce7,ORIGINAL_APPLICATION,game resource,MEDIUM
Payload/pool.app/LeagueMedalCollectionPopupView.ccbi,False,2566,1523,916282cd,322880f194f59875f74a4cf460cb0b4b3aa3ca3a9245561bad2d6b7a283dde16,ORIGINAL_APPLICATION,game resource,MEDIUM
Payload/pool.app/MCFSGenericButtonGPlus.plist,False,344,261,a2ef9ab2,0db282f2e3d06ef3cb3f380550f3fd9d513be448ee2c11062dc2acf4a72675f4,ORIGINAL_APPLICATION,game resource,MEDIUM
Payload/pool.app/MenuBoxesOpeningAnimationViewBismuth.ccbi,False,7470,3294,fdea4ae6,caf9f6ab80848ff7d7dbbef1c3640f70600b3fff2ee2e35fad14b7f1b9ce86d4,ORIGINAL_APPLICATION,game resource,MEDIUM
Payload/pool.app/ClubChatPanel_postClubBox.ccbi,False,6974,3205,02370d36,a17512075b890ca1944e251cf2c24221c22294d6871555caebff1acdc2cbbd4a,ORIGINAL_APPLICATION,game resource,MEDIUM
Payload/pool.app/CheerGiftsFeedbackPanelItemContent.ccbi,False,3216,1801,ebc24303,542b4df66ce7368e0433e23b865d88c26623e476dc70307408665be9c50721b5,ORIGINAL_APPLICATION,game resource,MEDIUM
Payload/pool.app/Ring_Shadow-hd.png,False,1198,1198,33530f3a,b99d3b068ce3b6128b36951bd248b9f0d7f84d02e3f95ac8057e633b0f63e3aa,ORIGINAL_APPLICATION,game resource,MEDIUM
Payload/pool.app/MCFButtonYellowGradientFrame.plist,False,331,250,f233fae1,f4919d725c23365565f5742a915650679f7300ca72435a6254363d1f9ea5c49e,ORIGINAL_APPLICATION,game resource,MEDIUM
Payload/pool.app/MCFIngamePopupDesc.plist,False,333,257,0591fe61,980187de63648b172626aee70c01cbcce8e6cb9c9a28a629eea10c6884872d21,ORIGINAL_APPLICATION,game resource,MEDIUM
Payload/pool.app/Shop-Promo-Card-Scratchers-A-hd.png,False,2376,2367,83e18f31,cc92acd81324c543737d500091caad4bde662f53aa0f8308ab688761775dd6dd,ORIGINAL_APPLICATION,game resource,MEDIUM
Payload/pool.app/localization1_kr-hd.png,False,32192,32192,61a64880,6027157157139923216ccfe51f0a421825d7f00ca86bc55b9d59afe0c197e52e,ORIGINAL_APPLICATION,game resource,MEDIUM
Payload/pool.app/Card-Expert-Front-hd.png,False,6540,6458,af1d0f31,8fa927dbcb3d5d2a7b00dadd24c40a6ac625414f66a4a7dbb2195ae703e83cda,ORIGINAL_APPLICATION,game resource,MEDIUM
Payload/pool.app/flag_NC-hd.png,False,584,584,7fa86e94,c142e658fa12c559ced2209dc1909971287d25fc95d2c7034de5ff2d5b243d47,ORIGINAL_APPLICATION,game resource,MEDIUM
Payload/pool.app/LeagueTabButton.ccbi,False,1402,767,3e19b5c1,ac0211786677932471b23cbfbe18fdac4680d86ffe7ba9d1ddf6a703a9d47dad,ORIGINAL_APPLICATION,game resource,MEDIUM
Payload/pool.app/ps_idle_1.plist,False,10765,8081,550459e1,ebb142a5f9f7f0bc15b63bf35e35b525d4a66e3c3e05f8e6c40e9c330e2c5991,ORIGINAL_APPLICATION,game resource,MEDIUM
Payload/pool.app/flag_JP-hd.png,False,580,580,f34c4e71,6a99c05ea22f59189dacaaeece0b386b8fee2b069161196f551b283c3c5b7358,ORIGINAL_APPLICATION,game resource,MEDIUM
Payload/pool.app/localization1_kr-hd.plist,False,477,367,c6dfcbc0,7ee0afb7535e85c86e3f99759cccacb984be9617f238fe3dea707f960ac014b6,ORIGINAL_APPLICATION,game resource,MEDIUM
Payload/pool.app/sfx_spinWheelSlowDown_right.mp3,False,46356,37105,cb0dc90b,6b90e00b59aaf93eb0315e5b7e7dfaf5ec1518074b848627839e63726184573e,ORIGINAL_APPLICATION,game resource,MEDIUM
Payload/pool.app/TournamentWithFriendsChatButton.ccbi,False,810,509,89f14cb6,7476bca2549a2bc84a2a70f9295ff1fdcb7cd561b3db7f4c8fee825816adcbd2,ORIGINAL_APPLICATION,game resource,MEDIUM
Payload/pool.app/flag_ZA-hd.png,False,1008,1008,454a38e7,eedc4dac884d0403a0604a6296d7b398fc7d8266560af7d11613cf702abea930,ORIGINAL_APPLICATION,game resource,MEDIUM
Payload/pool.app/ClubEditorComponent.ccbi,False,4847,2125,c29282a1,0fd0d736655de253a4462ec85ccfa4bb49bb5668250e821f0eb3bcf62f8c046d,ORIGINAL_APPLICATION,game resource,MEDIUM
Payload/pool.app/HSF_VIP_Progression_Arrow_Front.plist,False,125,105,255bd72b,8e2ea39b97518cdc1557556a0a34a895930bad00fa0b1773ac533e0a75732cfa,ORIGINAL_APPLICATION,game resource,MEDIUM
Payload/pool.app/PiggyBank_FullScreen2.png,False,11468,11468,7d7e5358,b9d948c3f5c8042f84a4946788e2c8f85da9e4c7587911609156059119a26295,ORIGINAL_APPLICATION,game resource,MEDIUM
Payload/pool.app/SocialActivitySeparatorNode.ccbi,False,753,496,fe8e5d4f,573e888a0e8870dd4b9349b6b48f7b72c2fdf4dd73a1b31270faf63afbe347b5,ORIGINAL_APPLICATION,game resource,MEDIUM
Payload/pool.app/flag_IN-hd.png,False,628,628,d098c1b4,e8a9777bbbaae881b054ae56a3de334ef3949b430dc1c2326f118b4144cb4ded,ORIGINAL_APPLICATION,game resource,MEDIUM
Payload/pool.app/MCFVIP_Progression_Arrow_Back.plist,False,350,266,3bb73cfa,4076c32220363f9f366f76e2e7e515d0583bbe70cfefd7478bc72e353236d1a6,ORIGINAL_APPLICATION,game resource,MEDIUM
Payload/pool.app/surpriseBoxLegendary.plist,False,626,431,da44e86f,9d0f6198969666b4f021eafb316c85cdb170e5e85a65913c00bd70b478342804,ORIGINAL_APPLICATION,game resource,MEDIUM
Payload/pool.app/MCFScratchersFrameDesc.plist,False,340,249,c48c1470,c142ea6f4ef67c30026c5633a72c0eea4c732c283e7c1d00a3975b7e540731ac,ORIGINAL_APPLICATION,game resource,MEDIUM
Payload/pool.app/localization1_pt_br-hd.plist,False,479,366,071b1ef5,b4cb3e0c5d5de2781497003ba79ce3f0bc97124a5027d35abff1d3cddf32698f,ORIGINAL_APPLICATION,game resource,MEDIUM
Payload/pool.app/DailySpin_MainButton.json,False,49720,1801,019183d7,afa25c05d48855821622f0ce480b9217960539a2b3e3126999cc067249982a9c,ORIGINAL_APPLICATION,game resource,MEDIUM
Payload/pool.app/Box_Smoke_Particles.plist,False,1593,884,9565656e,18d6f539c237d1b0699b9c423b2c8705552df8cc32c53a1e2bfafc2f79877c4e,ORIGINAL_APPLICATION,game resource,MEDIUM
Payload/pool.app/singletableGoldenShot.plist,False,239,199,eb36a148,1ce493445579063fe15a2d78a2058935d5898b7649fdc3fb50279ea52a29a8c4,ORIGINAL_APPLICATION,game resource,MEDIUM
Payload/pool.app/ClockIcon-hd.png,False,1316,1316,09273dd8,bff4be398940fff06448f1daf708dfac35cc6d62472a90f98e3cda73915f1e2a,ORIGINAL_APPLICATION,game resource,MEDIUM
Payload/pool.app/Legendary_Glow.plist,False,6010,4402,f4c32aa6,3dcc02754c754880f86f25595c55cb0802c26a5cd5c5865eb94700929ce167ae,ORIGINAL_APPLICATION,game resource,MEDIUM
Payload/pool.app/MCFSSettingsButtonCenter.plist,False,336,257,0d4445e1,e96e676450584c8a7b350e0f4e67b7788095e1466a94ee1933efa8a4bd050a49,ORIGINAL_APPLICATION,game resource,MEDIUM
Payload/pool.app/flag_NO-hd.png,False,914,914,2dda4ba1,c3485b9e441d27cb36d36ddb56c520c20e50c00ed0750f87fd8469a93da8377d,ORIGINAL_APPLICATION,game resource,MEDIUM
Payload/pool.app/flag_TN.png,False,434,434,10614617,eacb8e38a6f3437cf0dc5c03e448f37f672f4169d684c3e91b8b85c4dc7ba62f,ORIGINAL_APPLICATION,game resource,MEDIUM
Payload/pool.app/VictoryColoredCard.ccbi,False,1532,500,58da984a,86ff09988ea71dcf868731a2e902b159748e6be501d6877e9ce4ac5683967c06,ORIGINAL_APPLICATION,game resource,MEDIUM
Payload/pool.app/GenericCircularCounterBackground.ccbi,False,391,261,044fa446,21000bfebfefde3d5961474ad1443933d6ac31349530518d62aa5522ef4bd44e,ORIGINAL_APPLICATION,game resource,MEDIUM
Payload/pool.app/de_promo_text.plist,False,98486,36776,36ffe471,f846f8758900f8d541a0fb8b37b3f9a0e26421df80de46da9b9dcef213f560ad,ORIGINAL_APPLICATION,game resource,MEDIUM
Payload/pool.app/MCFSShopGreenButton.plist,False,329,251,e5df958f,0a2b9c389e77a567f1212af0812900821799f26f115e2c3b99b427266845c463,ORIGINAL_APPLICATION,game resource,MEDIUM
Payload/pool.app/it_text.plist,False,1124567,433994,b970c57c,803cf7b07bc56dc5a13dd4d9bd7c9cc5c5141361a062d2dd3a94b55a8c7712d0,ORIGINAL_APPLICATION,game resource,MEDIUM
Payload/pool.app/localization1_de-hd.plist,False,476,362,7c97a490,b754dc9bd12ab5906fe0722e91cc81a07f7f8ad31a9fdbfd6d2b41a0816fbfc3,ORIGINAL_APPLICATION,game resource,MEDIUM
Payload/pool.app/flag_MQ-hd.png,False,584,584,7fa86e94,c142e658fa12c559ced2209dc1909971287d25fc95d2c7034de5ff2d5b243d47,ORIGINAL_APPLICATION,game resource,MEDIUM
Payload/pool.app/SubscriptionButtonWidget.ccbi,False,2043,1176,2ee68565,a8b2b0261c7c6d02e26ffb649787d4a35e7aacaec02fc018eae9c428cf19dd88,ORIGINAL_APPLICATION,game resource,MEDIUM
Payload/pool.app/CueCollectionInfoStatsWidget.ccbi,False,1126,591,2ff2a104,4ea16fd2f79d9ec258f940a475252273fbbcb71359a2846b1919754a7155f27d,ORIGINAL_APPLICATION,game resource,MEDIUM
Payload/pool.app/ball1001-hd.png,False,280,280,333383f6,934c8be1467c19648b2fdd84d850c09d1c75253b3c7ed8d178bf35b84d7a5ceb,ORIGINAL_APPLICATION,game resource,MEDIUM
Payload/pool.app/SurpriseBoxes_CardCounter.png,False,768,768,61c88ecc,90f41fbdb34c2ed1bf52a53aabf7a96cb5c2578c7ff5bfd4267bea84755b0f71,ORIGINAL_APPLICATION,game resource,MEDIUM
Payload/pool.app/victoryBoxChampion-hd.plist,False,926,594,4ea47c28,66fdb3f6941904af04903e0ac8a2f9aa878dcf4368510d220a32cc8fcfbd6930,ORIGINAL_APPLICATION,game resource,MEDIUM
Payload/pool.app/flag_ZM-hd.png,False,598,598,11580d4d,c1b9b48daff1b73f1f63869a9022de2b9eff8fa8f79ce8d4db7d46b9360706a3,ORIGINAL_APPLICATION,game resource,MEDIUM
Payload/pool.app/localization1_jp-hd.png,False,58920,58930,bf87cb1c,c8ebc054621ce437d16cf2922d824ecdc29995081faf9d504f11ab9fb6b0fee3,ORIGINAL_APPLICATION,game resource,MEDIUM
Payload/pool.app/sfx_surpriseBoxes_boxOpen_steamONLY.mp3,False,22881,14103,e8d23c1b,83658a13db90ed1de147d2fe14862bc0e0e75fc0d0593b5fc080d981e9c9e881,ORIGINAL_APPLICATION,game resource,MEDIUM
Payload/pool.app/ProgressiveVideoAdRewardsWidget.ccbi,False,4831,2307,f41edd90,78dbc32905dac11da87bd1fac01cddb2d0733b4ee3bccb9b8f53ec889b1a3b00,ORIGINAL_APPLICATION,game resource,MEDIUM
Payload/pool.app/Particle_Card.plist,False,11120,5054,26811a79,aebb14aefe714489e3083eec79ad6c0d6f34314bc12ca34c5515c96853cb3f64,ORIGINAL_APPLICATION,game resource,MEDIUM
Payload/pool.app/flag_ML.png,False,344,344,03dd362f,3f9233470bcd16e5de290821265784d8f151f52687f2405baa86bad27d6bba3b,ORIGINAL_APPLICATION,game resource,MEDIUM
Payload/pool.app/ball0-hd.png,False,470,470,1b5ada30,33385ae0f7357843b67bc11f2009ced6a64863b0244b18917083efa0509055af,ORIGINAL_APPLICATION,game resource,MEDIUM
Payload/pool.app/flag_KR-hd.png,False,940,940,630f14ca,a9549a91f40862b32e2394d75f321ee876703951e09fb5af35203582d137f08f,ORIGINAL_APPLICATION,game resource,MEDIUM
Payload/pool.app/FreeRewards-BG-Texture.png,False,7050,7050,a3864dd0,c253f1c368f734e37509a3f476afa8d4486af32df13d6fd5585803ee495e4a91,ORIGINAL_APPLICATION,game resource,MEDIUM
Payload/pool.app/VictoryCardTransactionButton.ccbi,False,1180,665,0e4c1abb,794b7a90e0afa6099eea680c6befa76f13cbcbd1f456aca53503e0e1ff8f865e,ORIGINAL_APPLICATION,game resource,MEDIUM
Payload/pool.app/MCFSTrophyRoadCurrentProgressBarMiddle.plist,False,351,263,0ee2db37,68e1e6126d48a4f8b7c68b68935893bb9c2f5345253d834b9514760e2c46d2c9,ORIGINAL_APPLICATION,game resource,MEDIUM
Payload/pool.app/hud-hd.png,False,102486,102376,8df4e20a,fc987c1ce57627f58dcb6fa4c7f8fe5db9bfec36b48d3ccc547caab3d4b53940,ORIGINAL_APPLICATION,game resource,MEDIUM
Payload/pool.app/MCFSShopBigTabsFrameSurpriseBoxes.plist,False,346,264,5001d278,664bbab07995d4c47cac832186ce44642ee28587800ff64babb6254298290acd,ORIGINAL_APPLICATION,game resource,MEDIUM
Payload/pool.app/flag_CG.png,False,464,464,b8a67808,3dc7ca0bb526498dd8e529a9e0da100c55c86948a9802c8e34a983e228758d6b,ORIGINAL_APPLICATION,game resource,MEDIUM
Payload/pool.app/flag_AX.png,False,490,490,caed4a63,3dfecc36bf20e7bd1cb465be8666e06102202197a40f063eacc7ae4783c73327,ORIGINAL_APPLICATION,game resource,MEDIUM
Payload/pool.app/HSF_Generic_Gold_Button.plist,False,124,104,9daf9b6a,4b90e65ca4ea60b86c191bd5004b45ecb2cbd13f9d5ad00fba7fab67325c8091,ORIGINAL_APPLICATION,game resource,MEDIUM
Payload/pool.app/Match_Screen_Roulette_Image.png,False,9048,9048,a8ca8bb6,2be7ac479abb1dc6c221fc97c500bb7ad483f3197830e44e6a8dd23af0e824e2,ORIGINAL_APPLICATION,game resource,MEDIUM
Payload/pool.app/CueCollectionRoadBigPrizeCell.ccbi,False,1836,1011,b18332bd,961206696aa427c72229cf5c40c096673a1895982c027b931e32c7e6dc1f6b89,ORIGINAL_APPLICATION,game resource,MEDIUM
Payload/pool.app/MenuEngagementPopup.ccbi,False,2348,1370,a9e8de4c,5b56dec058d71f780d7d03dfc84c25b0c2b6ec7a69415d4eeb07b821cdd91a2b,ORIGINAL_APPLICATION,game resource,MEDIUM
Payload/pool.app/MenuInboxView.ccbi,False,6845,3477,06922de5,02c5dc467e809f09657bb4a762bf754753ba07b483b9d2d7df1061ebad5f3527,ORIGINAL_APPLICATION,game resource,MEDIUM
Payload/pool.app/ball10-ipadhd.png,False,5038,4239,df80fc2c,2079bface45516e09614606046c23165fab118bd214e466c1bc0d4fd9a8d669f,ORIGINAL_APPLICATION,game resource,MEDIUM
Payload/pool.app/DailySpin_Click.atlas,False,307,183,a65cd671,7bb67137c38b437826575a8e5db620d83955bf55cfea5c58a048bb17247efc89,ORIGINAL_APPLICATION,game resource,MEDIUM
Payload/pool.app/ProLounge.plist,False,351,297,60b1c893,f0cf8068a30da8a1233c24ac3ec77650b7621257edd167d3a47e78da550f7736,ORIGINAL_APPLICATION,game resource,MEDIUM
Payload/pool.app/theme4.png,False,20520,20484,c0f9453b,ed2c29fdf67f503c6a626739a0e68bec76cd59dbcea35212db5a410779421646,ORIGINAL_APPLICATION,game resource,MEDIUM
Payload/pool.app/MCFLeaderboardPopupTabDesc.plist,False,353,260,23773dac,bef2bff51288e44402fcc69e4f03d27cdda0be88d62fd1e3f3f91c1e6a88da46,ORIGINAL_APPLICATION,game resource,MEDIUM
Payload/pool.app/flag_BT.png,False,498,498,17f6c96b,214f183b406f80bb0e408579d9edff2e03da91a63f462012aa470720a563d7e0,ORIGINAL_APPLICATION,game resource,MEDIUM
Payload/pool.app/flag_AO.png,False,396,396,706c954d,86f6a33c48f0e01577fb932c670580829707781f90ee61e4f3d852d40df255db,ORIGINAL_APPLICATION,game resource,MEDIUM
Payload/pool.app/MenuProLoungeFTUEPopup.ccbi,False,3231,1696,6f63a5cc,f74526d563468373407fe030f3d31edab7fb241f9696088fa4c42c72652658df,ORIGINAL_APPLICATION,game resource,MEDIUM
Payload/pool.app/MCFClubChatSliderFrame.plist,False,365,269,66e080a0,3a397ea784517e42f8e18ddd5d716254ce2574bce52311fab393de81e0594387,ORIGINAL_APPLICATION,game resource,MEDIUM
Payload/pool.app/ClubBoxUpgradedClubMessage.ccbi,False,971,628,af86d13b,02564f07dca219faf3939dcf7e301f5a9bc74a7ebe5e4c70514f949a7fd6a4b2,ORIGINAL_APPLICATION,game resource,MEDIUM
Payload/pool.app/DailyRewards-hd.png,False,130016,129456,cad65f51,6756834f42b6589bf47ad4cd3f45d99ed4b6ae418b093a20a6e1b941e6d15471,ORIGINAL_APPLICATION,game resource,MEDIUM
Payload/pool.app/flag_AN.png,False,454,454,646ae12d,395b9e4596623f132b6fc84f57c00725318900db8f7553501e4d5dc608e17c21,ORIGINAL_APPLICATION,game resource,MEDIUM
Payload/pool.app/theme5.png,False,25252,25174,c55ed686,ff8891a57016d2e78fc2834a6c2316ddbb4a5c67abf5b7ef4f06ebfef4c8232c,ORIGINAL_APPLICATION,game resource,MEDIUM
Payload/pool.app/ball4-ipadhd.png,False,3854,3176,bd5195a0,ced2c32fc5363c19f3656d949d602d013117067466d62db5f725c3c35484da9e,ORIGINAL_APPLICATION,game resource,MEDIUM
Payload/pool.app/sfx_LAchampionship_potFall.mp3,False,72022,52656,4cda25c7,a36530f4fd2001d74228bc8ee5a64b84cbc1a7a944580f904385fe3a678c77ff,ORIGINAL_APPLICATION,game resource,MEDIUM
Payload/pool.app/NotificationReminder.png,False,47156,47089,aeb0a611,5243a8d731657d9b06afa32a37e0fff1f4b3c2704165e0632bb02ad7712c105e,ORIGINAL_APPLICATION,game resource,MEDIUM
Payload/pool.app/DailyMissionsWidget.ccbi,False,2484,1306,de32b18c,70f4e4d7cc847784e1fc480b66e1d5fe2b1f8028b6613ff00645269b7820796f,ORIGINAL_APPLICATION,game resource,MEDIUM
Payload/pool.app/flag_BB.png,False,438,438,58f64af4,706b95de1b9463b3b60fb30590200ce76f2f4b01cb3a52f1530721c3777ed97b,ORIGINAL_APPLICATION,game resource,MEDIUM
Payload/pool.app/PollPass_Lock-hd.png,False,1110,1110,5e8062ee,9ba420bdaaf71d0731b18eb019570d24682dd711fbf8a583db5601208297726f,ORIGINAL_APPLICATION,game resource,MEDIUM
Payload/pool.app/ClubsIntroductionPopup.ccbi,False,3091,1685,b0cbb5e7,d952a792c073b551fad756640d9b5567f5f086238998028399d3fb3e8679e212,ORIGINAL_APPLICATION,game resource,MEDIUM
Payload/pool.app/Result_Screen.atlas,False,2174,569,dc32ee94,7267267c72de19fd87714c728160a0b29f342c33ad7757298ccc9f24a8a9c7f6,ORIGINAL_APPLICATION,game resource,MEDIUM
Payload/pool.app/flag_CF.png,False,498,498,304e3fa4,00faa3ab64336ea724cdb90452afa8a30287315276f99831c1e2f6f6b796be87,ORIGINAL_APPLICATION,game resource,MEDIUM
Payload/pool.app/GoldenShotCommon.png,False,38414,38424,ffd728f2,161eff9bbc5dada1b5df5e6102185d9ac9ea650922bb3de4c875771026f7117e,ORIGINAL_APPLICATION,game resource,MEDIUM
Payload/pool.app/flag_MM.png,False,398,398,ae1cb932,43ec511f20dd55a64240493f01dbce31dc9a18fcf5e54ce2766362a068e56ffe,ORIGINAL_APPLICATION,game resource,MEDIUM
Payload/pool.app/ChatPackDefault.ccbi,False,318,248,38979bc0,a561ef920e74c0dcfcc22bb90ac7f57140fa7efce1bdc20d7b18ed88de811a84,ORIGINAL_APPLICATION,game resource,MEDIUM
Payload/pool.app/flag_LI.png,False,376,376,5ae8d5d3,b970324c2f502278a24f2cba719936814561598cdbdd8a0c89658a646f99ceb1,ORIGINAL_APPLICATION,game resource,MEDIUM
Payload/pool.app/flag_MZ.png,False,456,456,98866afb,a8a1d3fa4ad46c3df81e6b51a8d56749323b5d6afb98fe3898edc99401dca8e7,ORIGINAL_APPLICATION,game resource,MEDIUM
Payload/pool.app/flag_NA.png,False,544,544,d0613b02,e8546ff86218f4c65c2647c273f7a7888a0c40efe937591467f4b8cfb2a3097a,ORIGINAL_APPLICATION,game resource,MEDIUM
Payload/pool.app/TrophyRoadPrize.ccbi,False,2704,1473,57a3f8b4,9360d610b3c73f2904474461c17898580eb0e675a24ac08ad3023b6ec6b20b81,ORIGINAL_APPLICATION,game resource,MEDIUM
Payload/pool.app/VIPTierProgressionNode2.ccbi,False,482,303,1dfd3d7c,f5f4b3b401bfd2dc500ba004c623178f941614a8162a0a6019bc7bf325a2d8f0,ORIGINAL_APPLICATION,game resource,MEDIUM
Payload/pool.app/v54_EliteSubscriptionContent_ConfigurablePaymentPeriods.ccbi,False,6779,2824,b530a081,d29edea92fd85202ff6a745644449b141417437141c6b9969396075a0c79bf67,ORIGINAL_APPLICATION,game resource,MEDIUM
Payload/pool.app/FramedSpriteCueShopFrameDesc.plist,False,213,183,4266bfb5,1c1d2b09c369556ce0131ce32d9f39c07877e42bedc4dbf1b46b12f5695f324c,ORIGINAL_APPLICATION,game resource,MEDIUM
Payload/pool.app/localization1_it.plist,False,471,354,ec4bcadb,4aede48efe221394f25749501ff47c6985499d1b4972dca0f2b3456145a183c5,ORIGINAL_APPLICATION,game resource,MEDIUM
Payload/pool.app/MenuUserProfileMiniAvatarWidget.ccbi,False,1297,835,90c1894d,256a0d0a08cfec41b9013a4d1dd8539d08b9c31cb2376c6905c2c067156dd52b,ORIGINAL_APPLICATION,game resource,MEDIUM
Payload/pool.app/BG_Particles_1.plist,False,14248,10706,e5efe49a,4121d4fb00f749f40bdce08cc8ead57d51f82d719b03c9a917306a92f1d86484,ORIGINAL_APPLICATION,game resource,MEDIUM
Payload/pool.app/FeatureOutOfServicePopup.ccbi,False,2194,1305,ed1e9332,72f9adab3f9ca97beb9e342c111a92af232a268bfe1d2b2614b20037abae6ff3,ORIGINAL_APPLICATION,game resource,MEDIUM
Payload/pool.app/DailyMissionsFreeCoinsAmazon.ccbi,False,1662,963,47351a46,9af888c8e33bc6cf167487fa84359ec5a1dcfbeb01ff8018b897bbb96fc42289,ORIGINAL_APPLICATION,game resource,MEDIUM
Payload/pool.app/flag_HT-hd.png,False,484,484,ce1df529,2205b021508d883fb43f0dda002e6861701f849331b0574b7d9752236bf2bfaf,ORIGINAL_APPLICATION,game resource,MEDIUM
Payload/pool.app/theme5-hd.png,False,220220,218475,e095a168,75450facc68e5b269aa771da3211f69d727f07b1e6b0b424df3bd0929290ecf5,ORIGINAL_APPLICATION,game resource,MEDIUM
Payload/pool.app/ShopPromo_BG.png,False,962,633,50f3246e,b0f1d33793f9b7b37293954d471c2241422d9216db7fcc011e073601b816db7b,ORIGINAL_APPLICATION,game resource,MEDIUM
Payload/pool.app/sfx_countdownLo.mp3,False,10048,5684,f5f5790c,00211443b2fa5805208e95e2ee6b316edf5b898ef217f0d8e97af6d60ed9223d,ORIGINAL_APPLICATION,game resource,MEDIUM
Payload/pool.app/DailyRewardsBigSlotTransaction.ccbi,False,998,612,a756551b,c454a6662a0c402e254ad35d9e35e01a934f4ff6e2a258c07dedd77971322114,ORIGINAL_APPLICATION,game resource,MEDIUM
Payload/pool.app/flag_UK.png,False,626,626,67ba9dce,2fac9622061d45d45a5756774ce31e21a14420c2b9e7cc8918868d5b135a6c1a,ORIGINAL_APPLICATION,game resource,MEDIUM
Payload/pool.app/GamePowerSlider.ccbi,False,2080,986,a6f4b292,f2e82c33bef1cc340f9573f6be57dda10533ea0ee717670406bd960a1be7de55,ORIGINAL_APPLICATION,game resource,MEDIUM
Payload/pool.app/QFP0AVP4A.png,False,4426,4426,5712ca0d,428efc170daf0d11531f42eda41c63cfd6b26dc13bd3714e2bd575895cb660bd,ORIGINAL_APPLICATION,game resource,MEDIUM
Payload/pool.app/flag_TO.png,False,428,428,bfa2e248,27338428547149b652a5cf4418ea22936956460de970420c8d192de7ca08bcac,ORIGINAL_APPLICATION,game resource,MEDIUM
Payload/pool.app/SocialAvatarFramesTabView.ccbi,False,1533,875,86751c4e,b1ba1a92ac1361c7ba15181d383c0ec70682c4807eb08976c28cc463811c822c,ORIGINAL_APPLICATION,game resource,MEDIUM
Payload/pool.app/MCFButtonFacebookFrame.plist,False,337,253,3b52cecc,7dd4ce21f95a3a6f1bd2ad107b74886db8bc2bdf93148040bcdc612d6bafd467,ORIGINAL_APPLICATION,game resource,MEDIUM
Payload/pool.app/FriendsOfFriendsTabContent.ccbi,False,358,283,5a00d306,902b9846367b5b4779e3aeb6a8259944cb4a14fe21f00aa3c48dd8969bc9489f,ORIGINAL_APPLICATION,game resource,MEDIUM
Payload/pool.app/sfx_luckyShot_ingame_UI_1stPrize.mp3,False,1284,453,6b89c607,7b16a983f862fe9b707ea3f191d196c06f3406d9bd417b2f02ea289a9e1e6392,ORIGINAL_APPLICATION,game resource,MEDIUM
Payload/pool.app/Clubs_Icon_Empty-hd.png,False,4628,4628,9afc26eb,9c5e91c7ec4d05c3aa9b5b9611d4856086e0e4b4634a0b6b48e23393ff1eb192,ORIGINAL_APPLICATION,game resource,MEDIUM
Payload/pool.app/MCFClubPlayerOptionsFrame.plist,False,346,256,de03d8be,26ce940bc4fbe6cae2c4300655366ee850ab3c920b0c709fbb7ec58dcf9b0e8b,ORIGINAL_APPLICATION,game resource,MEDIUM
Payload/pool.app/sfx_lever.mp3,False,12239,9463,34296f5f,e1a5135845c8bb92619ca44b834dc1038b84b2c6e1edeb550a21bbc902581735,ORIGINAL_APPLICATION,game resource,MEDIUM
Payload/pool.app/flag_VG.png,False,444,444,44f7d90a,5d0db1ef724ac654cd1340a4a637c0f82f21124009455e88471363c567be705c,ORIGINAL_APPLICATION,game resource,MEDIUM
Payload/pool.app/Epic_Glow.plist,False,5987,4396,3d0e97a2,e95c9ca82fa1674bf2c6303fd1af984f2d22acdb450f3331c7868e8c178d0f1e,ORIGINAL_APPLICATION,game resource,MEDIUM
Payload/pool.app/sfx_counter_increasing_ticking.mp3,False,40894,39839,2d1b1242,a4dcba11059c8833f8fe24a297b179aa60b7527ed109c48fd15ee11c8bf94b29,ORIGINAL_APPLICATION,game resource,MEDIUM
Payload/pool.app/PromoConfiguration.plist,False,253056,253096,622ec70b,d1c8bf51910707e8972e488773451ec82815d35eb21e1447f641bb886e2caddc,ORIGINAL_APPLICATION,game resource,MEDIUM
Payload/pool.app/56_28_0_MenuUserProfileScrollablePanelContent.ccbi,False,10559,3953,555ed9a0,73c34c628d60be99968a8075a7c6ad94b0191e4559d83e142cffd06eed0720cf,ORIGINAL_APPLICATION,game resource,MEDIUM
Payload/pool.app/DailyRewardsTableNode.ccbi,False,1119,693,fdb41fe9,90697c096444e6c68972fe08e521665ccc20d6c6ed07dbe10373095bf1eafac5,ORIGINAL_APPLICATION,game resource,MEDIUM
Payload/pool.app/sfx_LAchampionship_matchResultStats_WIN_1stTime.mp3,False,36340,28230,1b01d88d,f29a747f3058fd897386f6d56e38d9be3f0e3d4f3bb748ce49d373d95ac22267,ORIGINAL_APPLICATION,game resource,MEDIUM
Payload/pool.app/flag_LK-hd.png,False,918,918,48c224cd,13f0e93a6a20d29af67b71a82106df0d7263d842f1fd0e923113f6c8a0f37854,ORIGINAL_APPLICATION,game resource,MEDIUM
Payload/pool.app/FireworksTexture.png,False,998,998,89548713,49f83c8bb3a0a68b00b954c775f10965de10b929b92044d043af673b579d1394,ORIGINAL_APPLICATION,game resource,MEDIUM
Payload/pool.app/BigBox_Legendary_Explosion.plist,False,79749,59723,2c146d0e,f95a7873f093dda8708cab56296298a39304d2b7d39d712bc53a2c0af77904b9,ORIGINAL_APPLICATION,game resource,MEDIUM
Payload/pool.app/Card-Legendary-Front-hd.png,False,11464,11447,51db2b19,851b2b712e1cb5e075a86f578586e3d05b7d6ab555149ec1a025d99a970991dc,ORIGINAL_APPLICATION,game resource,MEDIUM
Payload/pool.app/Rare_Glow_Particles.plist,False,6539,4813,148a9be2,caf12f0e76b10e30e4cadf9af26bed6d6e07ee9deb25b33d27b7944d0156bf12,ORIGINAL_APPLICATION,game resource,MEDIUM
Payload/pool.app/Relegation-hd.png,False,25924,25718,4314b2a8,8f44517b7f3faf407bd70874a4b747f3a2b4e672b05050a53d65d992356cf644,ORIGINAL_APPLICATION,game resource,MEDIUM
Payload/pool.app/MenuUserProfileView.ccbi,False,1774,1172,4a9c5090,7d046b151600cbc80005ae6c01500481d4bc5b14892782dd04120018c8099c7d,ORIGINAL_APPLICATION,game resource,MEDIUM
Payload/pool.app/GoldenShotHeaderPrizeNode.ccbi,False,896,597,10eb259c,338ee8a71344a988f541bee783582c678f019088330d8ed2a40562028b745365,ORIGINAL_APPLICATION,game resource,MEDIUM
Payload/pool.app/slider.plist,False,285,234,0af19cd7,d4dcde3ea1411653bc38c2ebc0943e40bfb457c848bbf0203e3b74aea002c2c5,ORIGINAL_APPLICATION,game resource,MEDIUM
Payload/pool.app/MenuShopSocialTabbedComponentView.ccbi,False,521,395,109ac112,7b51a4be4b88d2ba956f4a205a96b13d6adbf964d920ca39cf4787f4d8df7541,ORIGINAL_APPLICATION,game resource,MEDIUM
Payload/pool.app/TierTrophyProgressNode.ccbi,False,2938,1378,1b53e95e,52f9b17e84048ee76ae8d2723499295324601e0457621c6becb973389f809306,ORIGINAL_APPLICATION,game resource,MEDIUM
Payload/pool.app/mainMenuRevamp-hd.png,False,22210,22210,4185f546,fc7342a6cebb94bf341329ac487d218b9b33f907543ba39e959cf150c2c2797a,ORIGINAL_APPLICATION,game resource,MEDIUM
Payload/pool.app/MenuUserProfileMiniInviteToClubWidget.ccbi,False,1575,895,aec8709d,50dfbfda9e709405c4df97657fc0603a4da92ebdf014c07fc13665c7bdf81494,ORIGINAL_APPLICATION,game resource,MEDIUM
Payload/pool.app/ShopPromo_Frame_Scratchers_ProgressiveRewards-hd.png,False,930,930,14188638,62f9ef16ad745f08b2427e15e6bb2ede0ee689590690b15beb9979e4a7eb93e4,ORIGINAL_APPLICATION,game resource,MEDIUM
Payload/pool.app/Privacy-hd.png,False,51464,51471,a2b932bf,9f7129c7db72d22aea1aadbaf02e4b977b7646ec2ed03eb154cc9227f6826f93,ORIGINAL_APPLICATION,game resource,MEDIUM
Payload/pool.app/ClubLeaveChatBubble.ccbi,False,594,447,8934b1b6,9ec7dfaac1083b20e52df511bf1c3085dab928ed7fb88c78153f8e4805aa24da,ORIGINAL_APPLICATION,game resource,MEDIUM
Payload/pool.app/ClubLeagues-hd.png,False,112426,112187,5063f6fa,cd164e41430cca554b9e4397ae7074551a6aaa5dda8b0818faa05d76784ac16a,ORIGINAL_APPLICATION,game resource,MEDIUM
Payload/pool.app/SubscriptionPopup-hd.png,False,194302,193674,b5cbeadb,1eae63622c3985b2d00b60f184b389f90e8f3028cdcf272eea402326f40d47ad,ORIGINAL_APPLICATION,game resource,MEDIUM
Payload/pool.app/flag_ME-hd.png,False,696,696,4d63c576,75e27ac3eb27ca70cd558ffda201fc6d874d0af5fb549eadd8b50023d22e7466,ORIGINAL_APPLICATION,game resource,MEDIUM
Payload/pool.app/CueCollectionShopButton.ccbi,False,2040,1046,109cec43,050304c4b676589c81f3f0fd3d655632b53479c4cfb8facd9db9be942d44540f,ORIGINAL_APPLICATION,game resource,MEDIUM
Payload/pool.app/BigBox_Rare_Glow.plist,False,53410,40335,fe62c667,daa2388c276155164f0aa7da719d8108bafcb4b4ae68aa4f91000aea4dacfa2b,ORIGINAL_APPLICATION,game resource,MEDIUM
Payload/pool.app/ClubEditorComponentFullScreen.ccbi,False,5049,2234,04b21088,e00de503a9ade42de3a953372f00669d1a2e26fdaffaad752284a69015b9af1a,ORIGINAL_APPLICATION,game resource,MEDIUM
Payload/pool.app/HSF_Generic_Green_button.plist,False,133,109,b5788dbc,4e409ae65a8454495dc7300da0d5fdfe5afd3de0ef41837af2cf4e4a82c6142e,ORIGINAL_APPLICATION,game resource,MEDIUM
Payload/pool.app/sfx_win.mp3,False,43539,39075,52dadb5b,8f3c9c093106b4270417e92726e6e0b271ec0f177e81d05d921acccd3dd59188,ORIGINAL_APPLICATION,game resource,MEDIUM
Payload/pool.app/Champion_Medal_1.skel,False,1967,763,371ebe4d,ee2f4531a83c32525f5e3c133823d58bc76b71e4d67faacedee475f33b303e68,ORIGINAL_APPLICATION,game resource,MEDIUM
Payload/pool.app/MenuClubEditorPopup.ccbi,False,1630,1034,115720e8,64154fa0e8649502ff5b8581a7ffaea21e167a6ec261407e2981ad00fea58fa4,ORIGINAL_APPLICATION,game resource,MEDIUM
Payload/pool.app/FriendReferral-hd.png,False,8174,8174,3f06ffd6,d278d2db261103d47e3937df05bebe754f407fdeb4b1ae30c05bdcc4ce351605,ORIGINAL_APPLICATION,game resource,MEDIUM
Payload/pool.app/PollPass_Check-hd.png,False,3510,3510,9ce67722,0f89c579d04dad20e352fa726c0e7fada1210460b8f68bcb24982801b44248b1,ORIGINAL_APPLICATION,game resource,MEDIUM
Payload/pool.app/39411_productIcon-hd.png,False,14424,14424,9e4be4f7,8d7a15cb0c58ffe9c32ffd550fc6ec7cc6b8fddf67ef42d06f7aa24e0e02aef2,ORIGINAL_APPLICATION,game resource,MEDIUM
Payload/pool.app/MCFTierInfoButton.plist,False,338,250,cb81e919,79b75166df6b3a4e2dc2522739dff20960a91092dcda9b68c8e8239792a2d22d,ORIGINAL_APPLICATION,game resource,MEDIUM
Payload/pool.app/CueStatsWidget.ccbi,False,1844,1064,ffd08a09,b0848675e37b94fc28912218b87c6ef32da2f2d1a95b581401bbf29a028c8de7,ORIGINAL_APPLICATION,game resource,MEDIUM
Payload/pool.app/singletableLuckyShot-ipad.png,False,37712,37420,fb850d56,62714adb0ab45d940c012e8b597157c1b4a1a8a972a75dc1c66a48fa0c615e4a,ORIGINAL_APPLICATION,game resource,MEDIUM
Payload/pool.app/Shop-FreeRewards-Cell-Blue.png,False,986,986,b3564a57,c54e55a81f7221e6f8887421d176ecd95e46f2f60b9e63d8ea94064f9a0a73cd,ORIGINAL_APPLICATION,game resource,MEDIUM
Payload/pool.app/37226_productIcon.png,False,4814,4814,c877da0d,83db88028ea14d7a4607085cd0162ebaa2c18658d5a849c26e610b69925fca8c,ORIGINAL_APPLICATION,game resource,MEDIUM
Payload/pool.app/Rare_Glow.plist,False,5998,4412,df9c9f21,5c04b068decd395dfe4727ea7b2e770615e0c60eb95204a24bdb4c519f5caa74,ORIGINAL_APPLICATION,game resource,MEDIUM
Payload/pool.app/ball2-hd.png,False,1186,1186,6f3756c7,d496d7476c7cb566177b4434de8bb1fe2e865ed3411b03b074a3f5a11763c973,ORIGINAL_APPLICATION,game resource,MEDIUM
Payload/pool.app/flag_KP-hd.png,False,850,850,c927f29d,fd0dcc6ab2c947fbf02d06c00bd44fd53c7d5ef2eecdd33258699a77f5cabf7c,ORIGINAL_APPLICATION,game resource,MEDIUM
Payload/pool.app/ShopPromo_Button.plist,False,908,562,d04c5fdf,7c0ef5fc808b2c987453096b6d55d0210f8639729229b64e431d0614282222d4,ORIGINAL_APPLICATION,game resource,MEDIUM
Payload/pool.app/SpectatorBrowser_MenuButton-hd.png,False,4452,4452,1ca69543,a2fb52c1ce83af7948b215a10752bc4129fd40a721bb4debefae9988f30fa5ae,ORIGINAL_APPLICATION,game resource,MEDIUM
Payload/pool.app/Fireworks_Green.plist,False,1445,763,2badcdab,f3ce49800079bb5770517daf42ac72a3bc4cf5dfb0f9e48b55a22899b9f00294,ORIGINAL_APPLICATION,game resource,MEDIUM
Payload/pool.app/en_promo_text.plist,False,104847,41654,368093af,0d3f415a38f377a579aeaec758a4c29aaed3278053b59e39b0134a791d4abbc5,ORIGINAL_APPLICATION,game resource,MEDIUM
Payload/pool.app/hud-ipadhd.png,False,291238,289669,9c750859,e8599d94bfefdf4e735a1a6a39e69dd08569f6cb1fdd6f334810dc88d3e7492f,ORIGINAL_APPLICATION,game resource,MEDIUM
Payload/pool.app/GoldenShotPrizeNode.ccbi,False,1236,765,5a3d2c3d,9d9c89995e5038b3b1aeb282b9ef23eacd9304f3405b40967934a6beb6f06050,ORIGINAL_APPLICATION,game resource,MEDIUM
Payload/pool.app/ProductListView.ccbi,False,6255,2999,0b2e01d6,e0bc91d4dfd6a005557b427e9a71a46b5feb75ae58d5d898a2ff70ccf46ed578,ORIGINAL_APPLICATION,game resource,MEDIUM
Payload/pool.app/MCFGenericButtonYellow.plist,False,335,250,73b08ca8,aeebfa8a42e3e92bd951bd485f948cf14f5c82c24b2b433583afd28120703424,ORIGINAL_APPLICATION,game resource,MEDIUM
Payload/pool.app/AvatarFrameRankUp.png,False,33120,33124,410e31a4,345ae7404c75f3297122f67f6cee33f8d65719afab1bc7ce0c5c9dd97bb17bd6,ORIGINAL_APPLICATION,game resource,MEDIUM
Payload/pool.app/MCFSShopBigTabsFrameSocial.plist,False,338,257,80326eee,df1b6dfff495944b9a11846c41dc880d6646147ee5c7c6755fe3ed9473122f6d,ORIGINAL_APPLICATION,game resource,MEDIUM
Payload/pool.app/ShopPromo_CurrencyWidget-hd.plist,False,311,261,6940a402,23cfd9122df142ded274ce96d9e7d8a86ddd4ab8fb9fa80413807d3645c7f097,ORIGINAL_APPLICATION,game resource,MEDIUM
Payload/pool.app/flag_HN-hd.png,False,780,780,1ad55c0b,40d8c1ed07916809e1f7ac13c668dbb540cecefe192c9ba4f4f3bb5f7287308d,ORIGINAL_APPLICATION,game resource,MEDIUM
Payload/pool.app/ShopPromo_Cards-hd.png,False,226026,225566,0d5e5513,bdf73dc53df53bd8c28164c13e379b33e3fd247fae1ce99dfe500887280ea691,ORIGINAL_APPLICATION,game resource,MEDIUM
Payload/pool.app/ball15-ipadhd.png,False,5038,4198,ebc8275e,1f17629a8d7a628483aef35ba166fadcbbda132a84212da8a9401a0218215c10,ORIGINAL_APPLICATION,game resource,MEDIUM
Payload/pool.app/MCFClubsPrizeBarLeft.plist,False,351,259,1fd27193,c4333e19d7d76637df7834270810d9558dd4b9119d3af6ba94ab3e3b8553980b,ORIGINAL_APPLICATION,game resource,MEDIUM
Payload/pool.app/MCFSCueCollectionRankPanel.plist,False,367,268,2f91331d,54fc10d88e15fa4da76da46bde4b744f7d55c73e7e13821f2fd615105ed4e7a1,ORIGINAL_APPLICATION,game resource,MEDIUM
Payload/pool.app/CueUpgradeBGFull_15_Years-hd.png,False,41796,41806,0281bb08,ed3837b8e35e27dbebf2c0bf46080e2dc479d8aedb4eef919723acb2a22efc5c,ORIGINAL_APPLICATION,game resource,MEDIUM
Payload/pool.app/DailyRewardsSlotTransaction.ccbi,False,1097,670,c42648ab,5865ae5719a1e36be7a9b9395be39d9817bdbf1aafad909f8674d97f488cf5e3,ORIGINAL_APPLICATION,game resource,MEDIUM
Payload/pool.app/MCFSShopBigTabsFrameCues.plist,False,336,255,a302758f,68285018cdf089b81ca83a79d7d046969ae973cb5c8fff618f8e8117250ade7a,ORIGINAL_APPLICATION,game resource,MEDIUM
Payload/pool.app/DailySpin_Click.json,False,6666,981,420a0213,4d8aff50bcd604ecb4244affda1a4099aa71c980046dfd5fad0414aa079151be,ORIGINAL_APPLICATION,game resource,MEDIUM
Payload/pool.app/General-hd.plist,False,985,628,a05abd38,ab1174e0965e41eb8fd25e32a7b592bcb2a7c0f2796f82e0508874be0b3a1408,ORIGINAL_APPLICATION,game resource,MEDIUM
Payload/pool.app/MCFSTier2RoundRibbon.plist,False,340,261,0588b8b3,f2d20549d5f011f7ec0fae4eeb5c5e8f7d794e2bed39a4576a03002e7a98fa03,ORIGINAL_APPLICATION,game resource,MEDIUM
Payload/pool.app/MenuJoinTournamentLobby.ccbi,False,3638,1874,65637ea2,0d7dc3d2c64ed05f1b9c90557964a34b9729e45cad88bcc64bcff8832ffc1bdf,ORIGINAL_APPLICATION,game resource,MEDIUM
Payload/pool.app/hud-ipad.png,False,114114,114080,2c156cc8,7f59bfa7f938ff0fe14925e5802bb80250ed6e0e4ca05e726386d8efe2f3e353,ORIGINAL_APPLICATION,game resource,MEDIUM
Payload/pool.app/MCFSeasonPassGala2020PremiumPrizeFrame2.plist,False,377,274,3396fd7d,cbfb848bc6a51bf653a217269d6dee0ccaba7d8b75cd284705c9f3cf486aa719,ORIGINAL_APPLICATION,game resource,MEDIUM
Payload/pool.app/GD_Promo_Particle_BG.plist,False,1565,851,7691bbec,2785d185d545189d5deee2dd720c86046b65d8527961109aec94ce16dc619a06,ORIGINAL_APPLICATION,game resource,MEDIUM
Payload/pool.app/CollectionBadgeDecoratorNewClaimable.ccbi,False,3832,2002,7b3c854f,85f45be646a44769c925f2dc51017449714003973c5da9579b98f7b5afd5ed1a,ORIGINAL_APPLICATION,game resource,MEDIUM
Payload/pool.app/TheLostLuminousCueShopLeft.plist,False,11811,8840,0fc13702,77a2897bd96ff0b80a55aeb7e1663e40e7f1b22ce2227e2a193e255cfb629a1e,ORIGINAL_APPLICATION,game resource,MEDIUM
Payload/pool.app/mainMenuRevamp-ipad.plist,False,1266,732,7ccb39e1,f083f5ba91f5065f743794263b0f367338c763c3eed7a98d8ad8ae13634885b0,ORIGINAL_APPLICATION,game resource,MEDIUM
Payload/pool.app/SubscriptionIcons-hd.png,False,413206,413143,f156d925,f8dc077118fe926a43e1bf9c8b2aa3e85d23e3aeb5a70bda4efba63cb5d54c27,ORIGINAL_APPLICATION,game resource,MEDIUM
Payload/pool.app/sfx_luckyShot_popup_greenCheck.mp3,False,41035,25380,7900fef1,d1a05b55ce014d270537d40af0f94c08daabd8b84323049ef009b3e39e21a3ec,ORIGINAL_APPLICATION,game resource,MEDIUM
Payload/pool.app/flag_MS-hd.png,False,910,910,5ec3ebc6,3bc1e8b2bb8c2ef04e3af4d15bf834e5c1cfaf12d5de04b02ed2bd542a806d55,ORIGINAL_APPLICATION,game resource,MEDIUM
Payload/pool.app/StayIn-hd.png,False,54652,54662,3ea85fad,c7481cd5ab7e84411bf61abf1704d66fc4df655ba9d3f50dd65f7547d49806ca,ORIGINAL_APPLICATION,game resource,MEDIUM
Payload/pool.app/icons2.png,False,68404,68364,e4f7cf25,1cfdd52f3a122296bd833676c04b872822fed883d483f949ece6d000da5895f5,ORIGINAL_APPLICATION,game resource,MEDIUM
Payload/pool.app/widgets-hd.plist,False,413,320,ac0bdfa9,78555a15cd0805e482e2f366d260d03cc3eff02a66a45a4fce8b44352d87f8be,ORIGINAL_APPLICATION,game resource,MEDIUM
Payload/pool.app/PiggyBankCommon.png,False,20932,20932,cbb30eff,65f0aa3b901afa84ed3a7b158e93ca32b3048a2647ba8fb7e097063225f99c3f,ORIGINAL_APPLICATION,game resource,MEDIUM
Payload/pool.app/flag_NA-hd.png,False,1118,1118,42872bba,2ba8d2bb0dbab3ad4337fc2bec544d8c3244786d58661c65fc864e78635b858a,ORIGINAL_APPLICATION,game resource,MEDIUM
Payload/pool.app/hud2-ipadhd.plist,False,1115,566,c4c193b0,1b8974459133a2845497529dccbe0a1bef94372e4e0d93f369ca3b814eb1903b,ORIGINAL_APPLICATION,game resource,MEDIUM
Payload/pool.app/flag_TK.png,False,486,486,9841593b,e71f28b8ac038cc7bc1e1cbce4c62cd2e0c5be9d80fc99289ca989d75fe48704,ORIGINAL_APPLICATION,game resource,MEDIUM
Payload/pool.app/ps_most_valuable_cue.png,False,1346,1346,9cf4839d,517a0639bb7107b2905fd5f0234b35dcc7bfa635b00dabd6badd07d762913605,ORIGINAL_APPLICATION,game resource,MEDIUM
Payload/pool.app/MCFSShopFreeYellowCell.plist,False,333,252,b3ca38da,6d68f50b844a61c40fa1e003a3cb99e5aeb8c8f33250a16058855995272ee330,ORIGINAL_APPLICATION,game resource,MEDIUM
Payload/pool.app/ProductWalletWidget.ccbi,False,2588,1461,93415dd9,391e052d864e8c5c0f10c31e31a50b783c98eb0ddf942bd1f153cf48ff825e54,ORIGINAL_APPLICATION,game resource,MEDIUM
Payload/pool.app/Cue_Balls_Icon.png,False,10888,10888,40708681,6a1d23c5b21210c99537667373e2e650cae3228f9aab8118fc96567aa06947da,ORIGINAL_APPLICATION,game resource,MEDIUM
Payload/pool.app/Card-Advance-Back.png,False,2950,2950,613b286b,7a100ad9047ceb37849b78a1f85448766a1b4ed9d9909e7bb238408f1bbc9229,ORIGINAL_APPLICATION,game resource,MEDIUM
Payload/pool.app/SurpriseBoxesSpecificPowerInfoNode.ccbi,False,878,600,8621b8ef,d4c091b5a9c8588d380ce8d3035165eb60d8fc26d29c53856ed4bd58b5d6c392,ORIGINAL_APPLICATION,game resource,MEDIUM
Payload/pool.app/ball2-ipad.png,False,2330,2330,ee8cc2ab,84661f22fc09f0508d95973bcb719832d5d6f294711a098dfd951205d92bd692,ORIGINAL_APPLICATION,game resource,MEDIUM
Payload/pool.app/theme5-hd.plist,False,544,382,d3d82f84,b7eb8f5c2fb19d62ba6f58d3520c5322c4364acf5fdf0e617ed98faf68b8e73c,ORIGINAL_APPLICATION,game resource,MEDIUM
Payload/pool.app/TopBarLeaderboardsButton.ccbi,False,2626,1436,70667c3e,3ae6f95a8ac4798ce8730146c4e134cb4c7787af4074037b649c1fc5f70032f0,ORIGINAL_APPLICATION,game resource,MEDIUM
Payload/pool.app/flag_VC.png,False,438,438,ec278360,1f47eb0df8cd2e8e37b0588b26b2ff69c0d6945ed225431fdee3fd2afea37b0d,ORIGINAL_APPLICATION,game resource,MEDIUM
Payload/pool.app/ball3-ipad.png,False,2408,2408,70a66291,e82be76c7215511e03a3e630fae28e28880f834881bd1b8568cd388afdc4a450,ORIGINAL_APPLICATION,game resource,MEDIUM
Payload/pool.app/DailyStreakIncreaseAnimation.ccbi,False,1630,954,c625cb76,f6482b6e3569d311864844b413ff91cda09d64d3b18e26a40ea106a3857555e3,ORIGINAL_APPLICATION,game resource,MEDIUM
Payload/pool.app/seasonPass_bundled-hd.png,False,47628,47620,628ef46a,e09e7603cefbea1e509e138ff8cd8374d0be2009c254de0ae9a4191f67143de0,ORIGINAL_APPLICATION,game resource,MEDIUM
Payload/pool.app/theme4-hd.plist,False,425,324,00b4d07a,63486998d2e3b0e312a7d2648299c8c1ed32c2ad724a7ed62bcff953ed80fc7c,ORIGINAL_APPLICATION,game resource,MEDIUM
Payload/pool.app/flag_IL-hd.png,False,754,754,9f8d8d67,d3aad292c5ee2d2096a3daf25093503aa7e801fb7fdf9d55f3697ea84d56dc8f,ORIGINAL_APPLICATION,game resource,MEDIUM
Payload/pool.app/ClaimedPrizePopupView.ccbi,False,3133,1559,8d0ef1a9,ecb8a32a1e3272b7ea4794ac6af1c69b445ac594698a74feedf498e3b91e8fc4,ORIGINAL_APPLICATION,game resource,MEDIUM
Payload/pool.app/VipBonusMultiplierBannerForPopup.ccbi,False,905,615,667c9125,7d4b1676decd09e4081b4fb956a504dec0b514aaccd6d69e0ea76ef772d8f70b,ORIGINAL_APPLICATION,game resource,MEDIUM
Payload/pool.app/flag_ZW.png,False,500,500,6c801dff,dea2735886c18f826499af5a14b9925801a566fa38862eecb7e917f2a4fe11bb,ORIGINAL_APPLICATION,game resource,MEDIUM
Payload/pool.app/MenuCheeringIntroPopup.ccbi,False,2975,1486,e398fea3,ed652fdf99f40a0bf3ffe29fe5324fb308edea4c278995574a856b5041d8056b,ORIGINAL_APPLICATION,game resource,MEDIUM
Payload/pool.app/MCFSettingsButtonSideHL.plist,False,333,251,04ddcab7,44d3579eea70bdbf79595dd45bea6f4e6890861dfd6cf49b4305463c42e1703a,ORIGINAL_APPLICATION,game resource,MEDIUM
Payload/pool.app/BigBox_Epic_Glow.plist,False,119848,90506,2db82b83,213ea49d0670477399be3f146d0354283540bdf68797898e92a285f5fb1ebe19,ORIGINAL_APPLICATION,game resource,MEDIUM
Payload/pool.app/victoryIcons.png,False,21462,21462,f92f050f,24e2469a56889cd06ca75841fd70c20e55833906e623f9b866a7a71ef9be0a24,ORIGINAL_APPLICATION,game resource,MEDIUM
Payload/pool.app/ObtainableCueListPopup.ccbi,False,1652,1083,dfa96a03,a21f1506a7652ab0f27dba0220aa2be4009a1277c23b08b74571ae62632e2216,ORIGINAL_APPLICATION,game resource,MEDIUM
Payload/pool.app/BG_iPhoneX.png,False,350588,350643,8548a8f7,a8512beb5d52824686bf891e6975f1ca3e50f3d8c2b7d6455c9cd6a10c38dbc3,ORIGINAL_APPLICATION,game resource,MEDIUM
Payload/pool.app/flag_NR.png,False,366,366,d3d91362,fce32ac6c63c0bfa5c22ca866fb3c879f7a7cdf6277a7da35a34a6471a106486,ORIGINAL_APPLICATION,game resource,MEDIUM
Payload/pool.app/MenuUserProfileContent.ccbi,False,7865,3586,e2538d12,68f013621bf4162a26cd3796effe58129c05b76aeb53cce32d438c7758d48198,ORIGINAL_APPLICATION,game resource,MEDIUM
Payload/pool.app/TournamentWithFriends-hd.png,False,51812,51635,8e314607,ea5f94fb754ed52102730135b2f47f61c0cca63212ccde9a7e6d155def556896,ORIGINAL_APPLICATION,game resource,MEDIUM
Payload/pool.app/Table_Standard_Cue-ipadhd.png,False,4118,4118,a4706c16,2aa60ceee2672c348b9ec74374766b206c8cbb9390f28df08f7d8635faeff2e5,ORIGINAL_APPLICATION,game resource,MEDIUM
Payload/pool.app/MCFButtonOrangeFrame.plist,False,335,250,3764a112,ce174d2cc6b68f9b1f5e8d84ca085b34b5b6efec1d59c131b72f71f3d06c2263,ORIGINAL_APPLICATION,game resource,MEDIUM
Payload/pool.app/FramedSpriteLeaderboardTitleBarDesc.plist,False,226,200,6dd1ee5c,04d7de53f64990a7ab8e65b1dce681ea989b396b409f0dd1687e233af3e8339e,ORIGINAL_APPLICATION,game resource,MEDIUM
Payload/pool.app/RoadCell.ccbi,False,1373,823,9787e088,60150bfea591755a603b8b85a146afb19ace27f23f127d16f8bd7d1ba546e69e,ORIGINAL_APPLICATION,game resource,MEDIUM
Payload/pool.app/sfx_LAchampionship_championshipResults_wonRing.mp3,False,71083,60735,0b730892,58fefc08c24169354da85384fa3eddb3a8db914c5e91888c1ef1dbab06529eb0,ORIGINAL_APPLICATION,game resource,MEDIUM
Payload/pool.app/flag_NE.png,False,400,400,47309749,1b3fe297ec737c19bb658bd14429101ec988dfd4a201ff6585b834c329b4bdde,ORIGINAL_APPLICATION,game resource,MEDIUM
Payload/pool.app/flag_CU.png,False,470,470,6903f485,cd0cb9aabad79c490abf6529ae5bc96391f56029282e8ebbf9bd6fc1ee09a7bd,ORIGINAL_APPLICATION,game resource,MEDIUM
Payload/pool.app/FriendsLiveBanner.ccbi,False,871,596,4406ab70,61414e3f26cbdd39435c1b990865a291c188a6dce58c827e34e6c2e561673450,ORIGINAL_APPLICATION,game resource,MEDIUM
Payload/pool.app/ShopPromo_Items.plist,False,1559,847,9ac154fb,e29f67e1b0481b1349ec9a0361afbdc426261152e92fabd92d380c93c35a4c34,ORIGINAL_APPLICATION,game resource,MEDIUM
Payload/pool.app/CircularProgressBarRingFill.png,False,1630,1630,66204c9f,98d588b9895a178727de52c28fc8bdda19d6a1e01cb2c9e43bde1bf2c23566d0,ORIGINAL_APPLICATION,game resource,MEDIUM
Payload/pool.app/Sort-Arrow-Icon-hd.png,False,626,626,d08c6519,6f820fecdef65bbf5aee00e2fe2315f0cf672e24b38776dd09e546e3ccba8315,ORIGINAL_APPLICATION,game resource,MEDIUM
Payload/pool.app/theme1.png,False,29260,29210,108cbd2b,2cee562bf1594049b08fe121d20215305c3edd4ff90dc638867ad22572237b35,ORIGINAL_APPLICATION,game resource,MEDIUM
Payload/pool.app/PollPass_Check.png,False,1594,1594,96227d65,eba4e712608a75c022aaa226961ca2ce5638a8bf9c68569bb2b72ada4e47052f,ORIGINAL_APPLICATION,game resource,MEDIUM
Payload/pool.app/Cash_03.png,False,18502,18292,747a0b88,c064e90f3df1fa63f785d047e55959e9b07284bd04ebebb1cce3571924826170,ORIGINAL_APPLICATION,game resource,MEDIUM
Payload/pool.app/CoinsLeaderboards.ccbi,False,307,244,8efcc4cd,66a50797b718afb32063fa744eb995fd06b691158dea28e3d26ea01a8ecae15e,ORIGINAL_APPLICATION,game resource,MEDIUM
Payload/pool.app/FramedSpriteRankCellDesc.plist,False,199,176,25f3068b,80063ba4cc56a7fe088b60e01efcebfd1445ec4cc7a079ef16f3cf71ec638290,ORIGINAL_APPLICATION,game resource,MEDIUM
Payload/pool.app/sfx_surpriseBoxes_infoPopupAnimation.mp3,False,36340,23429,d3ac01a2,ee93dcf671257ba864869444c5b1285d26fc82044a9e620e6772decfb8110e47,ORIGINAL_APPLICATION,game resource,MEDIUM
Payload/pool.app/MainMenu_Slot.png,False,3880,3880,47ec841d,744b9f4035f6a23a7fc57a922a233fd55739579c48fc332d793dfe2121267b0f,ORIGINAL_APPLICATION,game resource,MEDIUM
Payload/pool.app/HSF_Generic_White_button.plist,False,133,109,cf45e04a,18b554c42c61ed0791abf7935172c1bb9223f47fbaa01658f81d36aabd4e9c1e,ORIGINAL_APPLICATION,game resource,MEDIUM
Payload/pool.app/GameRulesInfoPopupView.ccbi,False,1469,944,ba33a06f,1dac68800ff425713ae48bd9b3debf0123872dac383db9fa3297f7e40ef31c3f,ORIGINAL_APPLICATION,game resource,MEDIUM
Payload/pool.app/flag_BF.png,False,364,364,931a1664,da153e1d2ea097f588a06f7dd1687d6f03789c6af5aa892e8e5ba164021f109a,ORIGINAL_APPLICATION,game resource,MEDIUM
Payload/pool.app/Winner_Particle.plist,False,1499,792,49f21ac4,116e9435db4752b85f158cb17d93aab755447ff9c0eda126a4dd643042dfd487,ORIGINAL_APPLICATION,game resource,MEDIUM
Payload/pool.app/FramedSpriteIngamePopupSharpDesc.plist,False,211,185,9b2e0439,88923b3651fa21f3a658d64cca32b87e6b33b5579d7c053cda1aae33466878ee,ORIGINAL_APPLICATION,game resource,MEDIUM
Payload/pool.app/PiggyBankMainScreenView.ccbi,False,11645,4965,a27dda09,b14deecd542b674840ccd4bfa571eff911069f2a1010b9e16a20490149c641a0,ORIGINAL_APPLICATION,game resource,MEDIUM
Payload/pool.app/flag_BG.png,False,321,321,5e17ec6c,9d99569334431e7f98e40b6115eabb67c256c5e481e7d17ff71261c317119518,ORIGINAL_APPLICATION,game resource,MEDIUM
Payload/pool.app/MenuPrivacyPolicy.ccbi,False,3575,1849,1081c910,6896f85f153caa986846de4f474fd01d36a596f7b3a305b9eb95d24b99e2f207,ORIGINAL_APPLICATION,game resource,MEDIUM
Payload/pool.app/DailySpin_Transition-hd.png,False,86,81,82b5905e,c0039f1ced68db2207769021795ae95d66f58b5bdf84d0988cdb7e2160c1d7ea,ORIGINAL_APPLICATION,game resource,MEDIUM
Payload/pool.app/SelectionDropdownItem.ccbi,False,1564,917,9f90ea3a,041ab208b0ded4990602a1974ef84ed7df1406bcc02cd80c5a29ed03fbf92e49,ORIGINAL_APPLICATION,game resource,MEDIUM
Payload/pool.app/MCFButtonGreenFrameSmall.plist,False,345,256,0104b38f,616483807a798f371372d981df8427b6e89bbb6e75e6ae1bde8be6656bb620d5,ORIGINAL_APPLICATION,game resource,MEDIUM
Payload/pool.app/PromotionBadge8Ball.png,False,1606,1606,2669c43e,074b57a509a1904cc6032a04bd89f92f110932660280e2416bfc270317a20fef,ORIGINAL_APPLICATION,game resource,MEDIUM
Payload/pool.app/TierSelectorWithProShopRightWidget.ccbi,False,907,584,fcea969e,23551865285f5c4571104fe616b602c7f1f69e13db6d5a1e3fe4f442756aedd2,ORIGINAL_APPLICATION,game resource,MEDIUM
Payload/pool.app/flag_IT-hd.png,False,560,560,d7bcb349,0ab4f862d51d16d2b247a95eb43226f93c1e2d1ce0ecde7e35f8c2072ee9941c,ORIGINAL_APPLICATION,game resource,MEDIUM
Payload/pool.app/StickerDefault.ccbi,False,175,150,1113b307,3a52daaacc9657b5d70c5cf8e8636bf7ee87cb3718d1a4719662c6eacd62a171,ORIGINAL_APPLICATION,game resource,MEDIUM
Payload/pool.app/flag_MG-hd.png,False,510,510,12e60753,a83b6a5bdc3db8404ae03b8ece687991785b270d9ad1b6d0daefdc3b4cf17b39,ORIGINAL_APPLICATION,game resource,MEDIUM
Payload/pool.app/Cash_02.png,False,17202,16952,88faf4b8,443e49f2cec91602f76c5247e2cc5eddb0a620bf94828fb85380a7372fa04cb4,ORIGINAL_APPLICATION,game resource,MEDIUM
Payload/pool.app/GenericActionGreenButton.ccbi,False,2220,1276,e4b797d4,ab2f6cde583a6ba2897c6df4a3c55461a427b22e525b764c18561083ee2f3a6b,ORIGINAL_APPLICATION,game resource,MEDIUM
Payload/pool.app/GS_Table_Rings_Animation3-hd.png,False,109556,109486,684424aa,1ebc636b91f5010ff81ff77c26dce897f7e083ab0d71aee2eb4327df071767d8,ORIGINAL_APPLICATION,game resource,MEDIUM
Payload/pool.app/sfx_cheering.mp3,False,124283,115348,e4e233cb,7597bf2da4dd3a521374f8d895f3b3b5db2381f87a4e622fe5df0cda297d656b,ORIGINAL_APPLICATION,game resource,MEDIUM
Payload/pool.app/flag_YE-hd.png,False,500,500,7050731d,186f058d754e5e781c1fbd656292577dca8d54faca609c7842274466aaecb2b9,ORIGINAL_APPLICATION,game resource,MEDIUM
Payload/pool.app/ClubsOverview_TopShine.json,False,4815,631,23f7ea87,5989bfb59b7527056625d7faedd252944ec2fe793cdaced9abd109df7abd28b8,ORIGINAL_APPLICATION,game resource,MEDIUM
Payload/pool.app/menu1-hd.png,False,222142,222014,a2f22d90,873340069395b18a35863b5c8125a48d3befc2706c12ab80d17233ee5dc7127b,ORIGINAL_APPLICATION,game resource,MEDIUM
Payload/pool.app/ball1000-ipad.png,False,2126,2062,858300da,0cf8d09596559a40d25028083c971bcc2da69fd7a18bf847102dba184c488201,ORIGINAL_APPLICATION,game resource,MEDIUM
Payload/pool.app/LogoAnimationFullScreenView.ccbi,False,3262,1768,5eec74ec,234ed2ce1cabd428575c0798eea70e0b743c9565d4e3b4dce4e6dba1c11738cd,ORIGINAL_APPLICATION,game resource,MEDIUM
Payload/pool.app/flag_MH.png,False,506,506,ae3cda20,134685b8f81370a3abc797bf928bb4e5ec410fe6384f4e5ee3f01b366c2883b5,ORIGINAL_APPLICATION,game resource,MEDIUM
Payload/pool.app/iMessenger_background_blurred-hd.png,False,8904,8904,f4e1103f,3ff0d6da9ece2c8c00c58d2cfc5f9f2f6d421fcb709bb9fe1081e9fb0760b7d3,ORIGINAL_APPLICATION,game resource,MEDIUM
Payload/pool.app/BigBox_Rare_Explosion.png,False,26052,26052,4c0fd753,cb79e45078cbae508c3e0859412d23a5e3d6cd3b24f7061fbff8784afb326ec4,ORIGINAL_APPLICATION,game resource,MEDIUM
Payload/pool.app/MenuClubsLeaguesInformationRulesTab.ccbi,False,3652,1019,436d753c,15419012ce89febfcbe4229e606d582f011fbbf20b58d09a891a9a9fb1b34e99,ORIGINAL_APPLICATION,game resource,MEDIUM
Payload/pool.app/ball1001-ipad.png,False,548,353,2555f407,f538dec7631f4cf89ddf58723c7a272b47599d2e51a63dfa587637f68c10ed5b,ORIGINAL_APPLICATION,game resource,MEDIUM
Payload/pool.app/flag_ZA.png,False,536,536,3888e296,e3e25aec906062b15e0139eb28e2c4735dd6cb20769ddd93035eb8e2ca3d6b54,ORIGINAL_APPLICATION,game resource,MEDIUM
Payload/pool.app/flag_LI-hd.png,False,608,608,4d4650b1,7a113987241067053b9f9605d72330f62743ae994a55661d9ba9b1003376d6d9,ORIGINAL_APPLICATION,game resource,MEDIUM
Payload/pool.app/FramedSpriteLeaderboardTabDesc.plist,False,218,192,41c112e3,24e29be2eb9d51e582890f37f70c4ef7aba9fd4a778ef3716b46becfddf060cb,ORIGINAL_APPLICATION,game resource,MEDIUM
Payload/pool.app/Legendary_Glow_Particles.plist,False,6560,4833,38d7e4cf,6f7524db3df5aaf91b318c24c8b4050ffd7a614dd2d4661464ccbe2d63aa17cd,ORIGINAL_APPLICATION,game resource,MEDIUM
Payload/pool.app/TopBarClubsButton.ccbi,False,1879,1128,da520e5a,6871ebaaa75826242861984d5de2d190a66fe653b19eb24d40f5f0efbfa200e6,ORIGINAL_APPLICATION,game resource,MEDIUM
Payload/pool.app/Particle_XP_Bar.png,False,556,556,e986073d,01a48de9f9e82cc5f6784d22eea6039248f2181b3afe42587822ffddb6715153,ORIGINAL_APPLICATION,game resource,MEDIUM
Payload/pool.app/40072_productIcon.png,False,5090,5090,fe85059e,ef0e26f80e0dbbdcb4bea1d333e73b5a2691607895d42cdc321308ab1ed9aa2e,ORIGINAL_APPLICATION,game resource,MEDIUM
Payload/pool.app/CueCollectionRoadPrize.ccbi,False,3557,1666,f0b06147,f9b6ee0f7a1b4473dcf1a2b420fdbbf9116a41e03fe1610605f9a2fff677a6d3,ORIGINAL_APPLICATION,game resource,MEDIUM
Payload/pool.app/MCFGoldenShotHeaderBackgroundFrame.plist,False,348,253,36bf2711,72f034b3e3ec4727538f6a69844fa47994e5f4169313d41bec53953eb4688823,ORIGINAL_APPLICATION,game resource,MEDIUM
Payload/pool.app/GenericPopup.ccbi,False,2501,1366,9df8751a,0c6a72929364863c9a7b4fc3a3c34ba0e89ceed85f8262eb8757f8baeae0a170,ORIGINAL_APPLICATION,game resource,MEDIUM
Payload/pool.app/GS_3_idle_02.png,False,998,998,89548713,49f83c8bb3a0a68b00b954c775f10965de10b929b92044d043af673b579d1394,ORIGINAL_APPLICATION,game resource,MEDIUM
Payload/pool.app/Silver_Particles.png,False,556,556,e986073d,01a48de9f9e82cc5f6784d22eea6039248f2181b3afe42587822ffddb6715153,ORIGINAL_APPLICATION,game resource,MEDIUM
Payload/pool.app/sfx_levelUpStar.mp3,False,28528,23823,f1501cf3,f9ff9719dacbe74bd39fe2370269760e2cd3012584c444fdd8554238fac4798a,ORIGINAL_APPLICATION,game resource,MEDIUM
Payload/pool.app/InfoPopupBadgeDetails.ccbi,False,3977,1600,66818842,43de403d3a636f3a4ad6ef67bf1b883cd6407d2a54371e117c346a91b5b39217,ORIGINAL_APPLICATION,game resource,MEDIUM
Payload/pool.app/flag_UY.png,False,400,400,2592881b,f7e07dbd5e7217c83550b4aa6eefd65759e0bed8ede20e4ddef2b34c4532b406,ORIGINAL_APPLICATION,game resource,MEDIUM
Payload/pool.app/hud.plist,False,5859,2601,0d435db7,7a6d75b010ae055d4bc8d11d712a47fe6375e67747495de13e72c128d8c22cfc,ORIGINAL_APPLICATION,game resource,MEDIUM
Payload/pool.app/Boosts.plist,False,466,350,ce72862f,db694c49f27590ec2e0862e825fdd9c559e77a7bafe67920b3c4a98e88c012b4,ORIGINAL_APPLICATION,game resource,MEDIUM
Payload/pool.app/MCFSShopBigTabsFrameCash.plist,False,336,255,4a9614f4,c7de339a3594ef521ee4516d734082f624de68bc9fa8115823dd864d66023ee9,ORIGINAL_APPLICATION,game resource,MEDIUM
Payload/pool.app/flag_WF.png,False,584,584,09ece0b5,57570ec1850641ee8d4a0c787f9c9536c2c12267908872d0a610ddc08e71a100,ORIGINAL_APPLICATION,game resource,MEDIUM
Payload/pool.app/flag_VU.png,False,474,474,ec3d95d2,8b3752251939cf0f7b4d5680a3d83d448c32250c19fda3bae9e9f8a4db190ff3,ORIGINAL_APPLICATION,game resource,MEDIUM
Payload/pool.app/Shop-Promo-Card-SB-Rare-A.png,False,972,972,ebe84b11,4d95196b84dc49065982d89b75af7dd37f4fc51e851a3587f17eff164940148a,ORIGINAL_APPLICATION,game resource,MEDIUM
Payload/pool.app/Card-Rare-Front.png,False,2908,2908,40296fe1,be769b0db5279302f4218b1f4cca7b510b779db07fe3352ef03176f5bc15377b,ORIGINAL_APPLICATION,game resource,MEDIUM
Payload/pool.app/CueBonusPerksWidget.ccbi,False,1741,1045,cae51afc,3d930bb306fcb272e1917e68c2ba73b2eb9020b13ce3d9e1883eebbbac8bcf19,ORIGINAL_APPLICATION,game resource,MEDIUM
Payload/pool.app/flag_TJ.png,False,390,390,a4d134a0,9b65062f1ad49bbb1ca367b8c74fc50149d417e0453c11a1293ecb54605362cd,ORIGINAL_APPLICATION,game resource,MEDIUM
Payload/pool.app/ProLoungeShopEntryPoint.ccbi,False,3042,1478,d39d4eea,a30d504071cfb3c9725116b55b0672ce1c2e966d187929c32853c7b0760d906b,ORIGINAL_APPLICATION,game resource,MEDIUM
Payload/pool.app/SurpriseBoxes_Box.png,False,70,63,d082757e,9aeb9eb1f3af8647b600a667ac186115261dc25fafd1f4d3c6c99c4ddf5ad397,ORIGINAL_APPLICATION,game resource,MEDIUM
Payload/pool.app/SpectateBrowser.plist,False,293,245,b7337584,149154369d2ce0370f979a6c0b65691b8569a922eb9d543025b5f8ace408d547,ORIGINAL_APPLICATION,game resource,MEDIUM
Payload/pool.app/TrophyRoadTabView.ccbi,False,622,456,77c2282d,3441419d0bc5f440543a6fb03fbf44f9089457ae40b82801ee7b3526244a811f,ORIGINAL_APPLICATION,game resource,MEDIUM
Payload/pool.app/localization1_it-hd.png,False,31360,31360,deba5844,a4ba76ed75d9aa1d897698427e70c82815869ec3d672e70758b37d260b1bccd4,ORIGINAL_APPLICATION,game resource,MEDIUM
Payload/pool.app/SocialActivityGenericNode.ccbi,False,3670,1839,40ddda76,3c31769b29d4d2f3d113fed4ada0f6df5d13a4420c6e3850930f6edf06eb302f,ORIGINAL_APPLICATION,game resource,MEDIUM
Payload/pool.app/sfx_victoryBoxes_menu_tapToUnlockPopupIn.mp3,False,21942,11353,32413aff,0e811c712aa85e3a0cb6df705b652685bbdc1e2a92090c73f8253e5e7f350f37,ORIGINAL_APPLICATION,game resource,MEDIUM
Payload/pool.app/GS_Popup_Rings_Animation-hd.png,False,55452,55363,daf742ff,4d80e0b39446aa1c3e64d6ad5780eb907af116d86fc43fb37551a315d31ad472,ORIGINAL_APPLICATION,game resource,MEDIUM
Payload/pool.app/MCFSOrangeBar.plist,False,351,261,112ae490,97b99ddf5097172e7f8577bbf9977fd94c5bb8b4f7a8d51023085cd42bc9b9ce,ORIGINAL_APPLICATION,game resource,MEDIUM
Payload/pool.app/victoryCueCases-hd.plist,False,555,392,654d20dc,c6b3c7e503aa9977dfd572e5080ec38fc4207d941eea60a8d074aa36fc8f0567,ORIGINAL_APPLICATION,game resource,MEDIUM
Payload/pool.app/theme7-hd.png,False,117022,116469,579efa13,786601ef1287aed3986d5dce3d2279b3c2ab34bf9db249b07e5e5c7e759a772c,ORIGINAL_APPLICATION,game resource,MEDIUM
Payload/pool.app/victoryCueCases.png,False,1868,1868,5e39d4cd,4d90b70408b146aa4d1f65e65acac69b2af6f2a498a591b9ffa9c140f85fef3b,ORIGINAL_APPLICATION,game resource,MEDIUM
Payload/pool.app/DroidSans-Bold.ttf,False,191032,104984,43f03845,b631b677af5aa7316297a8b56a1fe3bb1da706737f8c9785d5a5fc94faae1ea9,ORIGINAL_APPLICATION,game resource,MEDIUM
Payload/pool.app/Blue_Particles.png,False,556,556,e986073d,01a48de9f9e82cc5f6784d22eea6039248f2181b3afe42587822ffddb6715153,ORIGINAL_APPLICATION,game resource,MEDIUM
Payload/pool.app/HSF_TierRound2FrameDesc.plist,False,147,118,17879289,9199072a7f9254b2458b7bc079c6262bc0133fa5cff56e33f30646c052ad5829,ORIGINAL_APPLICATION,game resource,MEDIUM
Payload/pool.app/ClubsMain-hd.plist,False,2492,1326,d9929786,d04c8374af3f1b9eac1652767a5c55757ce0a204912585830f9721306bea42d6,ORIGINAL_APPLICATION,game resource,MEDIUM
Payload/pool.app/Card-Expert-Front.png,False,3142,3142,321e3f68,50af1ce6b8af1e64de8a56d3b273a8e8fdece42999d45355df8d7cd11b01d55b,ORIGINAL_APPLICATION,game resource,MEDIUM
Payload/pool.app/LeaderboardFriendNodeView.ccbi,False,3403,1807,2d63a3c2,5b46abebc35c4213cc482d657b8aa03655e6f6faa48f3e8bb27e6320b8e07946,ORIGINAL_APPLICATION,game resource,MEDIUM
Payload/pool.app/MCFMiniclipButtonFrameFromHSF.plist,False,337,253,e610149b,7b0ca88a7eeeb81a0091927e2fe3fed45d7f1ac9e3dc64d67f92bc968697155b,ORIGINAL_APPLICATION,game resource,MEDIUM
Payload/pool.app/ball1-ipadhd.png,False,3714,3053,815fa2b3,2aaf8ea5419d6f193caa91a3d25f6f2d58761b12a3b14c5fa682fbc22a8237e1,ORIGINAL_APPLICATION,game resource,MEDIUM
Payload/pool.app/MCFHUDBGiPhoneWideDesc.plist,False,353,278,a5b7d0f0,512f833b958e5b31bb343c911b79fc51a052aa6d0620343111033e705fb75612,ORIGINAL_APPLICATION,game resource,MEDIUM
Payload/pool.app/flag_KH-hd.png,False,786,786,8521b49b,e966390869240a609cb1fb20837cf9ba0f43f93a749f8f3c0a900d23e757e3f8,ORIGINAL_APPLICATION,game resource,MEDIUM
Payload/pool.app/NotEnoughPromoBG.png,False,24482,24482,3531fbd3,bb6b352eec137f18e3eb5a8b3035a4c4945a5f99461b9b763cdf0d1053e5a7a1,ORIGINAL_APPLICATION,game resource,MEDIUM
Payload/pool.app/CueCompletionVictoryPopupNode.ccbi,False,8765,3279,d5d0d018,07f79d7232797a44c02deb7cee4ad006bdbb3c833344fc47dd88a24eb9c5e807,ORIGINAL_APPLICATION,game resource,MEDIUM
Payload/pool.app/FramedSpritePowerIconFrame.plist,False,204,178,213ffc70,6c0dff96611ca8b5762345a3ac5f28f29e6a6ac458e317b971a1edbd4ebca4ea,ORIGINAL_APPLICATION,game resource,MEDIUM
Payload/pool.app/ActionButtonWithCustomImage.ccbi,False,589,417,7f783caf,fc722fd9169843bd79ed67b7f933d5b4213e56e1948898636f04c22b868fa3c8,ORIGINAL_APPLICATION,game resource,MEDIUM
Payload/pool.app/imessenger-ipad.png,False,43354,43338,f8c5601e,cceb950b61283f8be930ac7a8f60aa67201eab6e08d12f188fe645639ecf10e7,ORIGINAL_APPLICATION,game resource,MEDIUM
Payload/pool.app/Sort-Button.png,False,448,448,f9cde728,fd23bc5374bc10b0a3c95e74a87a28e810637006151386b0cea0bc8d7e2d201a,ORIGINAL_APPLICATION,game resource,MEDIUM
Payload/pool.app/flag_MK-hd.png,False,1318,1318,0b399ddc,3d8a4efb4de04c773c5744ad981c73f29fa91949fe084252a53039e3a8cf88e3,ORIGINAL_APPLICATION,game resource,MEDIUM
Payload/pool.app/MCFLeaderboardUserNotch.plist,False,355,263,0fe1371a,dcea05e47e50e9af3c2477f94db20e0930bc459ae8448c1bf4e8ba51c0c438b2,ORIGINAL_APPLICATION,game resource,MEDIUM
Payload/pool.app/MCFSGiftCenterTab.plist,False,333,251,7e0e9e3f,330ccb28b3968eb84932c3c005d5d3167f4fc3a2b40a0ac9820224749446035a,ORIGINAL_APPLICATION,game resource,MEDIUM
Payload/pool.app/PromotionBadge8Ball-hd.png,False,4136,4136,74a13068,732361eaf04f301995991ad79734d1d3c87cfc7e9eabd6247ca2739d709f4b2a,ORIGINAL_APPLICATION,game resource,MEDIUM
Payload/pool.app/localizationsPacksConfig.json,False,82,58,707d09a4,90d3dc25901125a52a28650d21fc0dfca151c4c47c5641c7f10adea59900655d,ORIGINAL_APPLICATION,game resource,MEDIUM
Payload/pool.app/MCFMenuBlackFrame.plist,False,330,242,fa7874ea,bc3596cc49ebc64a39fc8430e380c4f6f4d23d61ce892f59bbeb8d8236a8db9a,ORIGINAL_APPLICATION,game resource,MEDIUM
Payload/pool.app/flag_ZW-hd.png,False,920,920,a9466b89,3432d0da931a62bcbd59b1c75a7ca6b4dd6429fcab83b52a623873015b763ef3,ORIGINAL_APPLICATION,game resource,MEDIUM
Payload/pool.app/MCFSClubsMatchPhotoFrame.plist,False,343,252,25be24f3,9b56fdb52318e5c976cd926277b2428ddf0704a7789cdc1710ba6e834ae96a16,ORIGINAL_APPLICATION,game resource,MEDIUM
Payload/pool.app/Cheering-hd.png,False,6740,6714,17952053,4bd96e2e83b14f574d57f666c3cb564c8f773eb1e2875677b27dfa5709856d2a,ORIGINAL_APPLICATION,game resource,MEDIUM
Payload/pool.app/flag_NU-hd.png,False,856,856,57daccaa,410ba4c8788eb6d318ff7d4e5b8392444454d772f471b87761839104384f4850,ORIGINAL_APPLICATION,game resource,MEDIUM
Payload/pool.app/CueMastery-Upgrade-hd.png,False,204806,204489,4a226c2f,4581f93437120451f0051b3b825691aa294e140bf55d007343fe1c077ee2f513,ORIGINAL_APPLICATION,game resource,MEDIUM
Payload/pool.app/DailyStreak-hd.png,False,7936,7936,b4e11ea7,65127a734fd210eb03fc692695ca5c69089b2b316f215278cf3e42e310e87611,ORIGINAL_APPLICATION,game resource,MEDIUM
Payload/pool.app/localization1_ru-hd.plist,False,476,361,a0cb44fc,82f0c933fdb48c444c74c7a7c729c7c48f849086ebee700c43bdfc04b6ed5fe4,ORIGINAL_APPLICATION,game resource,MEDIUM
Payload/pool.app/MCFMatchScreenPotFrameDesc.plist,False,331,252,4fad7cff,141ed96b64053b02aa62d1fe4a44e2bcc8e63a38f8ad724aeb1b907308148613,ORIGINAL_APPLICATION,game resource,MEDIUM
Payload/pool.app/MCTabButton.ccbi,False,945,625,2c30843b,36b811ac62282a7781beb28c880bf7dbddfcf3a100c5e76f8af83e54aeb198e2,ORIGINAL_APPLICATION,game resource,MEDIUM
Payload/pool.app/surpriseBoxLegendary-hd.plist,False,641,442,41971fc5,c9452f129c09e73c27769ad749620b0c2026a1323681f59b229692042eb922a1,ORIGINAL_APPLICATION,game resource,MEDIUM
Payload/pool.app/Main_Menu_Top_Bar_Separator.png,False,108,105,f375fdd0,82d2d8827953dcbbc034e8dee3aae532395b8b92ae27d0f406aec2ab63fde54c,ORIGINAL_APPLICATION,game resource,MEDIUM
Payload/pool.app/androidHud-ipad.plist,False,344,273,97b8f60b,afacf7269aa7c0e7d9f55dc600cff9193a525db82301315981d43cc170e51842,ORIGINAL_APPLICATION,game resource,MEDIUM
Payload/pool.app/sfx_LAchampionship_matchResultStats_LOSE.mp3,False,37905,28682,6ab6733b,4098dfdfe8902ca779bec508faacee1610624d31a925c57187a2456370d386b7,ORIGINAL_APPLICATION,game resource,MEDIUM
Payload/pool.app/RoadProgressionLeftBar.ccbi,False,1117,602,a679c4cd,d77f7bfad2b503de2376edd0b6f8d80b3e36e4c79af8a308bc05b928c7fd3f0f,ORIGINAL_APPLICATION,game resource,MEDIUM
Payload/pool.app/MCFMissingPiecesTableBackground.plist,False,361,269,65dcd9f8,2df6fbb381610ebc92376a7a22c5c60838e5a6fb7e07a257be769b8fc1a8c352,ORIGINAL_APPLICATION,game resource,MEDIUM
Payload/pool.app/flag_GA-hd.png,False,550,550,f0c405c2,9bbb14aaea513a9a833504df1bdb53fdb9c78527d577befa92bbff048027e590,ORIGINAL_APPLICATION,game resource,MEDIUM
Payload/pool.app/flag_CR-hd.png,False,550,550,0317c2f9,075af0af90f8cc9045df84eae104410cf924f1a867cf3549970344adb4689909,ORIGINAL_APPLICATION,game resource,MEDIUM
Payload/pool.app/Promotion.skel,False,5206,1691,cdcda099,8856dd575dc3136cf604e519c514ab6f8833ac74ab931bf80e63c314fb471577,ORIGINAL_APPLICATION,game resource,MEDIUM
Payload/pool.app/tournament-hd.png,False,41946,41876,9350d208,5fd4bae45cc3a37724301f7c3dc8f9a709b56a695c0f24819298d447182fc9fb,ORIGINAL_APPLICATION,game resource,MEDIUM
Payload/pool.app/FramedSpriteCellUnchargedFrameDesc.plist,False,209,179,fbc1058c,e866cd0419d313503c55a24861841303f6bdc9443b3f9a5552e72eae83a96915,ORIGINAL_APPLICATION,game resource,MEDIUM
Payload/pool.app/BetaNode.ccbi,False,446,335,1b62b9e2,55ba6b3970f87d0147fc3071e903f524ff8cbf8173313e73d07223e4dd790f3d,ORIGINAL_APPLICATION,game resource,MEDIUM
Payload/pool.app/ball12-hd.png,False,1420,1420,96149d4d,5516a94a53d49e06fb3bfe1d1ea37734a156ef90ff29b4b4d370f6ea674fa596,ORIGINAL_APPLICATION,game resource,MEDIUM
Payload/pool.app/TemporaryShopNodeCards.png,False,26404,26334,4758b9e8,6a1e449eded460dca88aad018ca4b3567e510779841678bf9597bc959a5ccc44,ORIGINAL_APPLICATION,game resource,MEDIUM
Payload/pool.app/Cue_Balls_Icon-hd.png,False,27506,27444,7328985f,bb8e3da3ebd707a181e9fcb7d804591cf86e945e59b89926954f5b9bcc941fcb,ORIGINAL_APPLICATION,game resource,MEDIUM
Payload/pool.app/flag_TN-hd.png,False,754,754,d4eeecb4,6af963b2121c1c6a3ad447153c9125384f5775d2924cd2e0629b6765f4e9ca23,ORIGINAL_APPLICATION,game resource,MEDIUM
Payload/pool.app/Legendary_idle_1.plist,False,6038,4419,c3df7f00,4a448b74eb90bbf630d229951f3e7f8406b11e19c8ebf603f8e4949a8ef63b1c,ORIGINAL_APPLICATION,game resource,MEDIUM
Payload/pool.app/LeagueTeaserNode.ccbi,False,1533,955,d17ee28e,99f0b71e783c8cc4e88b063948010c048d97204b2052ba411cbff6c8a4bd80b1,ORIGINAL_APPLICATION,game resource,MEDIUM
Payload/pool.app/SubscriptionDescriptionEntry.ccbi,False,1166,691,4c453478,cf577b80dcac482ba9619654787a12839445d0e5e4e52273895acd1bf0a5022b,ORIGINAL_APPLICATION,game resource,MEDIUM
Payload/pool.app/BigBox_Sparkles_Particles.png,False,1590,1590,b8beaa0d,2673942b382dd00c85ca0edf5cae3f9b682b1f05e682552fc02efcc5ebabb8d4,ORIGINAL_APPLICATION,game resource,MEDIUM
Payload/pool.app/LeaderboardsPreparingResultsPopup.ccbi,False,2275,1337,73562349,6ce192752a328dccda7bf876c404cb435b6aba8f626227faf5bec3673b94377d,ORIGINAL_APPLICATION,game resource,MEDIUM
Payload/pool.app/hud2-ipadhd.png,False,256904,256481,1610d073,de426122666fb7fbccdb08e90eba3dd7d419286e06027e55237625a0c5855586,ORIGINAL_APPLICATION,game resource,MEDIUM
Payload/pool.app/TrophyRoadView.ccbi,False,1968,969,b7a6c66d,1c01029b452015b1b5fda1ad53fba6df0b85e77fff1b26aafe6c035144276ef9,ORIGINAL_APPLICATION,game resource,MEDIUM
Payload/pool.app/GS_3_idle_01.plist,False,1575,848,78351490,4f401a794d8681e69303b116e5f1864b25510cd6d3358fbf63eba453dcab4bff,ORIGINAL_APPLICATION,game resource,MEDIUM
Payload/pool.app/ShopPromoHub1_with_spring.ccbi,False,4790,2592,a68eeed4,2570413160cd21e7e949d031ae14a37dec35a25fee361d1465dda64cf53394ab,ORIGINAL_APPLICATION,game resource,MEDIUM
Payload/pool.app/ClubGiftChatBubble.ccbi,False,2972,1697,cbd8a5cc,a3c59e1b4b7bd83db07cec92c24c47566439f88f617571b21db2a6fb45f1d93e,ORIGINAL_APPLICATION,game resource,MEDIUM
Payload/pool.app/MCFLearderboadrTitleCell.plist,False,351,259,d0025ec8,cc1d692eda677ce325d7d04fd9536ba6d101e14bf18cf295afec1b8bcf3e93bc,ORIGINAL_APPLICATION,game resource,MEDIUM
Payload/pool.app/flag_SC-hd.png,False,1096,1096,e347f440,347cf47c97709f81538bc22f964d94af53cf28c1817274cb3c21b428ac2d4818,ORIGINAL_APPLICATION,game resource,MEDIUM
Payload/pool.app/GS_header_Rings_Animation.atlas,False,1879,338,c610d071,58a7e6677b19cadde1d684d8cffda9c9a4360cc289e342c033317fcb2e57acfb,ORIGINAL_APPLICATION,game resource,MEDIUM
Payload/pool.app/Daily_Streak_Main_Menu-hd.png,False,55058,55028,008ef586,d0760a9c963e73c2a238d35aa6c70253ca12bf5fe19cd841c49ecf55235c6815,ORIGINAL_APPLICATION,game resource,MEDIUM
Payload/pool.app/ProLoungeShopUpsellNode.ccbi,False,5632,2596,ce84ab58,64d54bf049c4eafaea79af03a00f12d378e68c46128d4d98de963cb1a2f2de90,ORIGINAL_APPLICATION,game resource,MEDIUM
Payload/pool.app/AcceptDoubleButton.ccbi,False,1514,868,e827b465,4d65b8356db35b131ca249609f93c9b061ce24729b7d0e65fcf1655cd3478c94,ORIGINAL_APPLICATION,game resource,MEDIUM
Payload/pool.app/GoldenWheelBallsNode.ccbi,False,690,433,6dcb9c60,af36b96fd9929cfd7f12813a836d279039027e0837ac1f234d4ef507d49f6abf,ORIGINAL_APPLICATION,game resource,MEDIUM
Payload/pool.app/HSF_Generic_Blue_button.plist,False,136,112,f011a44b,d072a06b39bb6032e89d31817549890fdd07d5dad052d431b307d4bb9ebdbf8e,ORIGINAL_APPLICATION,game resource,MEDIUM
Payload/pool.app/MenuTabbedFriendsView.plist,False,645,503,2cfb3118,835c2062e7dc246540b3cf3eae7f632830614966a9e432fa32846e20cf04279d,ORIGINAL_APPLICATION,game resource,MEDIUM
Payload/pool.app/es.lproj/,True,0,0,00000000,,ORIGINAL_APPLICATION,bundle metadata / localization,HIGH
Payload/pool.app/es.lproj/strings.strings,False,73,67,271593cb,f55c7db739fba8921e60443a61281f0e76276e114b11f6a841b57c1bf96fdbb5,ORIGINAL_APPLICATION,bundle metadata / localization,HIGH
Payload/pool.app/es.lproj/InfoPlist.strings,False,206,144,1755adf9,0285945d78d74edce6fbed68d6d1237bcc807e4f29f3453e753ea4fd6f6aaee6,ORIGINAL_APPLICATION,bundle metadata / localization,HIGH
Payload/pool.app/MCFSShopBigTabsFrameCoins.plist,False,337,256,b7d814e9,66afa840749885709797e55d916d31f703e389e6650cfdade86984e6867ae8e0,ORIGINAL_APPLICATION,game resource,MEDIUM
Payload/pool.app/MCFSVictoryCuesCard.plist,False,367,269,68ff1212,391aa1957dc6804cc3a6c9e21779a7edd0afceed2577299753a87e2de584f9cd,ORIGINAL_APPLICATION,game resource,MEDIUM
Payload/pool.app/flag_FO-hd.png,False,766,766,bfceec09,6ec90911dfdee11b76b5a012f8ecf41f07f9dd05f63a8480f005b9a32db0d3af,ORIGINAL_APPLICATION,game resource,MEDIUM
Payload/pool.app/Rare_Piece_Particles.png,False,556,556,e986073d,01a48de9f9e82cc5f6784d22eea6039248f2181b3afe42587822ffddb6715153,ORIGINAL_APPLICATION,game resource,MEDIUM
Payload/pool.app/RoadProgressionRightBar.ccbi,False,1117,589,4fb85959,291d9896c41c67ebbe8351e600b87283e0a40763bb557764f60b3e90c08fa06f,ORIGINAL_APPLICATION,game resource,MEDIUM
Payload/pool.app/ball8-ipad.png,False,1712,1663,10837018,abfb16dd8807935e8f84286197b4bde2a6b664c6e7fa3f14d545cec4dd3eec72,ORIGINAL_APPLICATION,game resource,MEDIUM
Payload/pool.app/sfx_luckyShot_free_popup_in_hasPlayButton.mp3,False,44478,29392,997213fe,f0126cafef84740df53e6998b020004a84233ecd97c3b46e6dfb5c08a220ab7b,ORIGINAL_APPLICATION,game resource,MEDIUM
Payload/pool.app/ball9-ipad.png,False,2400,2392,82995299,c9b28307dfebe1a4ed9f295dc850cfed604b8d44b4f0544e02c8500b5b5d0bf0,ORIGINAL_APPLICATION,game resource,MEDIUM
Payload/pool.app/DailyRewardsDisplayRewardWidget.ccbi,False,4209,1925,5de3411c,a3a1d22095df9ff8e9f7349ef16751eb818f2d52041891479301709b3bfecec4,ORIGINAL_APPLICATION,game resource,MEDIUM
Payload/pool.app/victoryCards.png,False,3606,3575,55b17ac3,3cf6504a91e2d55fb8e2bd9e9501be5a7c7a9c7dbd26cf6982cf84962220ef51,ORIGINAL_APPLICATION,game resource,MEDIUM
Payload/pool.app/HSF_DailyRewardArrow3SelectedFrameDesc.plist,False,146,121,edf63f99,7c88aa1a58fc9477da5d2eb480bd5fa30342b3a6956aab0c044ed4dc1ad8dd9f,ORIGINAL_APPLICATION,game resource,MEDIUM
Payload/pool.app/flag_TH.png,False,333,333,91ba917c,7916ac3d639809b23f4f3e62f696e8b3ec868df339c7958b3c5c457c46ba07f1,ORIGINAL_APPLICATION,game resource,MEDIUM
Payload/pool.app/Epic_Glow_Particles.png,False,556,556,e986073d,01a48de9f9e82cc5f6784d22eea6039248f2181b3afe42587822ffddb6715153,ORIGINAL_APPLICATION,game resource,MEDIUM
Payload/pool.app/flag_WS.png,False,410,410,b74418a2,1e837e692b8552d2816fa8f0d8d7c02c6be66aef5bd3736ed12dd98aeecae6c3,ORIGINAL_APPLICATION,game resource,MEDIUM
Payload/pool.app/ClockIcon.json,False,3041,647,af1ccc8f,6b0ef41268fa007d021ba9366495e9bd1d631b08493ff87db640f73eb44acd3d,ORIGINAL_APPLICATION,game resource,MEDIUM
Payload/pool.app/ru_text.plist,False,1317972,457706,a5365d55,cd83d099dbd8b865a6ba9ed6b188abd418cef504b0982b36c3fe3cef214c0c93,ORIGINAL_APPLICATION,game resource,MEDIUM
Payload/pool.app/singletableLuckyShot.png,False,10432,10432,500b2eaf,98d5c95562784cafa7cb4819f0f0e53384730dacd1cb21224fbd07625bc351f2,ORIGINAL_APPLICATION,game resource,MEDIUM
Payload/pool.app/vip-hd.png,False,45452,45462,b7d42929,a6c2c30d7c09a7477d00474c324ca816dc636dbfb9ec2473464670ae8a75915d,ORIGINAL_APPLICATION,game resource,MEDIUM
Payload/pool.app/localization1_hi-hd.plist,False,476,362,140c324d,40497c4098b0f8d6f95a5f239b2cd2c66f807b8464d7d47c46efe10c4e63f5bd,ORIGINAL_APPLICATION,game resource,MEDIUM
Payload/pool.app/slider-hd.plist,False,288,238,de69b8e8,e87b0b6251672c75c72ebd9dd215f70b60e9b2997b24ebfb566f4924a4d5c2aa,ORIGINAL_APPLICATION,game resource,MEDIUM
Payload/pool.app/GenericTierTrophyChangesWidget.ccbi,False,1549,915,16b4cb2c,0255507ccb0154b08dddccf2be32a368a9ec3b43befd6ff3aaec9f1429a1f02d,ORIGINAL_APPLICATION,game resource,MEDIUM
Payload/pool.app/flag_AN-hd.png,False,790,790,e1e5a328,8dc1d6cdd593fa45979835c009d5043f1f2dc45d675c60b5ccae027b5a0ac898,ORIGINAL_APPLICATION,game resource,MEDIUM
Payload/pool.app/MCFClubChatBubbleFrame.plist,False,343,250,33bb8cdf,495377f3b85445f1a146b8f28812cb3e9a65424ef6f57f151f93c2133a238d04,ORIGINAL_APPLICATION,game resource,MEDIUM
Payload/pool.app/ContentPartyMode.ccbi,False,614,450,cb5cd420,be01e49af6a3fdd92896225595b1515b23d24e79298c7b475491780b57ba8771,ORIGINAL_APPLICATION,game resource,MEDIUM
Payload/pool.app/PiggyBank_FullScreen.png,False,76606,76596,3bf50989,ef98bb19810b6191bada4b0e50693d1989da2dafad12b877a48d93a7d92d4503,ORIGINAL_APPLICATION,game resource,MEDIUM
Payload/pool.app/ClubsMain-hd.png,False,24770,24770,01a89813,4ec5f599af80dc6516be96e336a3598929e35bfbdaf2104ec34b146178012e26,ORIGINAL_APPLICATION,game resource,MEDIUM
Payload/pool.app/SlotCcbLoader.ccbi,False,527,345,0f53b893,e77e07af7c0084b6c533ea9bf289a20cd624f00b55fc7df42666907b6d29624b,ORIGINAL_APPLICATION,game resource,MEDIUM
Payload/pool.app/ps_explosion.plist,False,8489,6313,95e107d6,0ff86d23095996a6131ac7647777d4454c834df72006440014aca8b88540bddf,ORIGINAL_APPLICATION,game resource,MEDIUM
Payload/pool.app/androidHud-ipad.png,False,2590,2590,f31be92b,c7559809efcbaecc618f63bc0ad3435424eb15ebbc0d68a1af23650366c8f2d0,ORIGINAL_APPLICATION,game resource,MEDIUM
Payload/pool.app/localization1_tr.png,False,15136,15136,eafd1f5c,64d55e04d5ee29f6c2b711b62efefa37e4e110a8830a21bc198809357950c037,ORIGINAL_APPLICATION,game resource,MEDIUM
Payload/pool.app/mainMenuRevamp-ipadhd.plist,False,1302,751,b8f69a57,d34011ff3b64eedb39c07796b0ae43aab7344ee2693dde5f3108ff045bcef4aa,ORIGINAL_APPLICATION,game resource,MEDIUM
Payload/pool.app/flag_NF.png,False,420,420,e0ca9eaf,cedda01e52125c5fb4c3300c631159fcdc80369708c2786289c949434c3bfb54,ORIGINAL_APPLICATION,game resource,MEDIUM
Payload/pool.app/flag_GM-hd.png,False,596,596,733c5b74,2b4394e33293cfe1f785b41d44213e0b5207e28f9cb4b7ac8431a0e214078e49,ORIGINAL_APPLICATION,game resource,MEDIUM
Payload/pool.app/flag_LY.png,False,406,406,1f2f38b3,d8fbe742664163932b415681ec639615405a3a4b7cc8af3131eb66ebbd3b49b7,ORIGINAL_APPLICATION,game resource,MEDIUM
Payload/pool.app/LeaguePerksWidget.ccbi,False,2585,1432,bbff035c,39a803d219ad4901b97ce31a39e285423be379058c1e3be324ca89bb20450085,ORIGINAL_APPLICATION,game resource,MEDIUM
Payload/pool.app/theme2.png,False,15226,15197,036e8821,5fc8479d39b1718a3c22e8908d8e2dc2099a3cce1e4fa905c639317d8761aed3,ORIGINAL_APPLICATION,game resource,MEDIUM
Payload/pool.app/flag_BR.png,False,522,522,040f1483,6e8901451a5214e86c6e1c84d475d03018ffe4ad94ec1362b6e26329e3ee8d7f,ORIGINAL_APPLICATION,game resource,MEDIUM
Payload/pool.app/flag_AI.png,False,498,498,d44300c5,feacf66c7ad8edd807ffae249162fcba9ea2891d23a03174d230099ff75cdfe7,ORIGINAL_APPLICATION,game resource,MEDIUM
Payload/pool.app/flag_SO-hd.png,False,584,584,fe693158,53389280fb691e8ce1171e4f189d7184248cd2e82e428587c063d6cca918d0fb,ORIGINAL_APPLICATION,game resource,MEDIUM
Payload/pool.app/sfx_loseTour.mp3,False,22255,17893,f34d7648,4630e1386f72733fe95369cc9ebff9b244a4150fffd7e688141e3aa590c5de46,ORIGINAL_APPLICATION,game resource,MEDIUM
Payload/pool.app/flag_CV.png,False,434,434,3576f95d,92147309d1db17eeaec161ccc35322a8d8384e88f8641cb195975b75c416a019,ORIGINAL_APPLICATION,game resource,MEDIUM
Payload/pool.app/BigBox_Rare_Inside_Glow.plist,False,6049,4438,fdc98d50,6b12a870447912e53b3edb08a7374a298d7ed5ecaacbd7fd62054d89ee03ab89,ORIGINAL_APPLICATION,game resource,MEDIUM
Payload/pool.app/TemporaryShopEntryPoint-hd.png,False,15496,15496,38c787d7,28df599db0888fba3acc8a6331a477f58f2127e2b7c2219046037acef6cef0c2,ORIGINAL_APPLICATION,game resource,MEDIUM
Payload/pool.app/MainMenuTopBarTrophyWidget.ccbi,False,1366,711,9339d6c0,8b8a86091254253b0802a33a4e691ac2867b416a0725b8bd7b8080c5dac74de5,ORIGINAL_APPLICATION,game resource,MEDIUM
Payload/pool.app/flag_BE.png,False,318,318,a61626ab,46e1991b5f672493217ab34b2b6d640bb2f4ac442b2c8e3c31c58617ff1c0a5b,ORIGINAL_APPLICATION,game resource,MEDIUM
Payload/pool.app/ClubsOverview_BottomShine.png,False,1646,1646,dc3c0743,52ad45826ac737ef1ba8cb6c4c91facd9f90ea4dd66ae1901c01a1ee38a2cbc3,ORIGINAL_APPLICATION,game resource,MEDIUM
Payload/pool.app/sfx_sentGift.mp3,False,36340,34046,94656c83,4bdf534171a65959f93130db2c943eaea0c1adc9126c1ecc4e017f4e137bcdd7,ORIGINAL_APPLICATION,game resource,MEDIUM
Payload/pool.app/TemporaryShopFullscreenInfoPopupHeader_v56_14.ccbi,False,1282,769,434b71a0,729e01e3b32babd7386ffaa9e6401b58dc45cbe247ad76dea1f422cd8c9da706,ORIGINAL_APPLICATION,game resource,MEDIUM
Payload/pool.app/MCFVIP_Progression_Arrow_Front.plist,False,344,263,7a2dd00a,0c3fabfec4cf507aa3e703e23569c574db7bf4db947854bb3a52621b314283cd,ORIGINAL_APPLICATION,game resource,MEDIUM
Payload/pool.app/FramedSpriteLeaderboardPopupTabDesc.plist,False,227,201,ee26678b,cb88ec375f9b24b36ff4061a7259d9e49b9420c11df948abc748306784cfbb45,ORIGINAL_APPLICATION,game resource,MEDIUM
Payload/pool.app/flag_CA.png,False,530,530,5956472c,5043bd48920a5b1f70d69c7361e677c1222fb5847f2e3a97089275f182966351,ORIGINAL_APPLICATION,game resource,MEDIUM
Payload/pool.app/MCFSLoginButtonAppleDark.plist,False,334,250,28ad7106,52db6b6e4c5b398b70129271bfd8277cae2b93ff6ebd1034e88ac2d1daf0e5b1,ORIGINAL_APPLICATION,game resource,MEDIUM
Payload/pool.app/flag_BD.png,False,376,376,282d9bcf,7a5925f0c1fb122dc7847fccffad2a49066ae3d2ee9e9e0ce7e559a1256be611,ORIGINAL_APPLICATION,game resource,MEDIUM
Payload/pool.app/40073_productIcon-hd.png,False,12828,12828,c069c879,87e1ddc0c695d9bc62385cb827eaa8c86ba3cf380df69dcd57f35761a2a744f7,ORIGINAL_APPLICATION,game resource,MEDIUM
Payload/pool.app/flag_EE-hd.png,False,472,472,7f9c9600,816b63208f700ad16382fc2240fec5fcd0e1d01d44405d6e315163db2113068b,ORIGINAL_APPLICATION,game resource,MEDIUM
Payload/pool.app/FramedSpriteTierFrameDesc.plist,False,208,180,1ae7e1ce,64e604ca192cfe614244680e1c25547fa43c7012a97adf8ea22a71d5a4041dc4,ORIGINAL_APPLICATION,game resource,MEDIUM
Payload/pool.app/Cash_01.png,False,26576,26346,916a0996,cf0ee1eaa1249c7315602ccdb7aa8bcea094e316fcfc3e82c54604231224af7e,ORIGINAL_APPLICATION,game resource,MEDIUM
Payload/pool.app/flag_BS.png,False,446,446,6a3f5377,63f49c14f41dc84382cc06b29862ff5049f8c2f2d91d784cf9b76f2eef82a350,ORIGINAL_APPLICATION,game resource,MEDIUM
Payload/pool.app/theme3.png,False,20396,20360,d9302633,40912817298cb50c1b2c20eccc5c41b8ba9db1cff58d9814c0a547318876be96,ORIGINAL_APPLICATION,game resource,MEDIUM
Payload/pool.app/MCFSCuesTabSelected.plist,False,331,254,b4bbec77,1904a0be4fe0ad4419597b2759ab7763b44e1ffc0cef539d9b249e40bbde54ff,ORIGINAL_APPLICATION,game resource,MEDIUM
Payload/pool.app/shopAvatars.png,False,3836,3836,2409f6f6,fc4a8a92a0a6974b4c703d0e95b7cadd766c8f33df4288aa2d55db84ec8fc921,ORIGINAL_APPLICATION,game resource,MEDIUM
Payload/pool.app/flag_NG.png,False,330,330,37ab6153,bf43526b811604823b652d2b298779528880742484b9a688c7c3d3983381c816,ORIGINAL_APPLICATION,game resource,MEDIUM
Payload/pool.app/CollectionBadgeNode_CueCollectionImprovements.ccbi,False,2619,1379,183ee0b0,7778359854599d6b0a841e1a09b4bd9616613b05f55254701b8f55475fc8c75b,ORIGINAL_APPLICATION,game resource,MEDIUM
Payload/pool.app/localization1_pt_br.png,False,18466,18466,7ce5da3b,ccce0a674f1a36656c27418002fe79c1f357e76a5ef2c03bfe411ec64e35c874,ORIGINAL_APPLICATION,game resource,MEDIUM
Payload/pool.app/flag_BH-hd.png,False,692,692,ccfdfa85,0fe1dc171301a26a49199bb08e49ca633889930acae03edc2e7062446b5a0d58,ORIGINAL_APPLICATION,game resource,MEDIUM
Payload/pool.app/StayIn.atlas,False,2100,485,a32c4f42,a6c3a80c2a1b32c4ab0acc33cbaf18f2078f5e93c1c9ff2465490223697f57d5,ORIGINAL_APPLICATION,game resource,MEDIUM
Payload/pool.app/TopBarTrophyButton.ccbi,False,1773,1085,643ab539,a5aae865edc780f24ad6e9013905b13d0835c16cfba8f93c1d24e17d51d57840,ORIGINAL_APPLICATION,game resource,MEDIUM
Payload/pool.app/SurpriseBoxesMenuNode.ccbi,False,3344,1544,37f0c8e7,9046523c66837c0f82c460dabff8d23f091e9e6801d5c2c4d1328a60ca7a471b,ORIGINAL_APPLICATION,game resource,MEDIUM
Payload/pool.app/DailyRewardsTallCollectRewardWidget.ccbi,False,6063,2584,8b1526bb,a83dde6c4e4b99ef3421f8997c16cc7fbe444da5605e0e17ae977d931bcf91fb,ORIGINAL_APPLICATION,game resource,MEDIUM
Payload/pool.app/pt_br_promo_text.plist,False,99919,36803,0f9d662e,e4c56bbf6052600f9cd1d28c9df2b58a27c8c78e83c30446059eee150f7a4cf1,ORIGINAL_APPLICATION,game resource,MEDIUM
Payload/pool.app/MainMenu_Box.png,False,1188,1188,cfdc3e3e,239aeb4e5a5a1fc72cc5af5bfff8f6ec94c26760e5bc60450515932c482a11a9,ORIGINAL_APPLICATION,game resource,MEDIUM
Payload/pool.app/flag_NP.png,False,366,366,5ddd4dd3,be5fafcb3b891d35923bc17c2b7812e92603627168354437b323d28d2ac104cd,ORIGINAL_APPLICATION,game resource,MEDIUM
Payload/pool.app/flag_MK.png,False,612,612,1e8803ba,b8681ba5fc01308f9a135a1d250f284581cd31627fd6d2c172fea96fcd893888,ORIGINAL_APPLICATION,game resource,MEDIUM
Payload/pool.app/CollectionBadgeNode.ccbi,False,1928,1071,41cd3b07,7d20fd4f4d62a5a60e84f09b1edfa74de2b2e84a6d8d87109ee0f751a15c36ba,ORIGINAL_APPLICATION,game resource,MEDIUM
Payload/pool.app/icons2.plist,False,7475,2819,955702c6,31cfea2b9a144ebf53cea7b40a7a62588cb04ce09afc371d978c257c924e0b0c,ORIGINAL_APPLICATION,game resource,MEDIUM
Payload/pool.app/HSF_DailyRewardArrow1FrameDesc.plist,False,141,116,43e9b11a,48b8b35d2c881b301a4beeb81d6bfb1ddee7bc060a79eee23ce013c665f6091f,ORIGINAL_APPLICATION,game resource,MEDIUM
Payload/pool.app/flag_DK-hd.png,False,812,812,8bcc3576,b9edb04e90b0858ba165c2750dc117126e7188118ab113b0c4ed4ac770d392db,ORIGINAL_APPLICATION,game resource,MEDIUM
Payload/pool.app/SurpriseBoxes_Arrow.png,False,1370,1370,6fd0e772,00e70190f281582f4efeecdbe69dc41c902bee1057382f705d827a7ebbd6b9d6,ORIGINAL_APPLICATION,game resource,MEDIUM
Payload/pool.app/BetSelectionPopup.ccbi,False,3126,1763,fd38bd7c,9ee2c78a691f9d2fadedd67ef983628dd488b5ccd919138c1399049ee513c7f2,ORIGINAL_APPLICATION,game resource,MEDIUM
Payload/pool.app/TemporaryShopInfoPopupHeader.ccbi,False,1157,710,a08f506b,9e0d12249c38b8b1a2be8842e77de9fce05aa2c3ceca17b2a5b3c0bf5bc10f2b,ORIGINAL_APPLICATION,game resource,MEDIUM
Payload/pool.app/SurpriseBoxes_Box-hd.png,False,75,70,556a63ec,28077a2bdb35e5e0ec71ae34ed563650743419427ea56cf8ebbc7831798225fa,ORIGINAL_APPLICATION,game resource,MEDIUM
Payload/pool.app/localization1_ru-hd.png,False,44492,44502,8adfd97f,2ae8d705078d09986abcd1a016a1b35366a44f2f33836de23a2f340fa80ae256,ORIGINAL_APPLICATION,game resource,MEDIUM
Payload/pool.app/CheerTransactionButton.ccbi,False,5146,2620,cbddd084,51ee373c39770871bd807eef2ecd91c22c777dff502208a0130b7a05db6878c3,ORIGINAL_APPLICATION,game resource,MEDIUM
Payload/pool.app/ClubsOverview_ConnectingLine-hd.png,False,314,314,01aaeacf,90fb04a44aa70cd7d9352338f67e858c79a7f541d4cdb21d1dc37aff9a01aea0,ORIGINAL_APPLICATION,game resource,MEDIUM
Payload/pool.app/ClubsMain.png,False,10928,10928,62b888d8,b2889d2da50d176561aff168611c1409f647d2028d9826e6337fff89b3c511fb,ORIGINAL_APPLICATION,game resource,MEDIUM
Payload/pool.app/GS_3_idle_01.png,False,972,972,e3209090,bf3a7cc192e9fbb61e145dbc26208607d446cd4f08a92a29f96f421a7f958e90,ORIGINAL_APPLICATION,game resource,MEDIUM
Payload/pool.app/Particle_Dot.png,False,5108,5108,84407619,7c0b522d25f045e8ced5d1ec356367b174e8dfd40e45a69ebff169325125cd64,ORIGINAL_APPLICATION,game resource,MEDIUM
Payload/pool.app/sfx_spinPressCollect.mp3,False,14430,8925,171cbf59,bdfc7339193590570722d25e0a05017e34ee03d44661945507c720cb3d5f7c25,ORIGINAL_APPLICATION,game resource,MEDIUM
Payload/pool.app/cueInfo.plist,False,522,383,86b208fb,fb0e7a9e0ba301db8449a63ac5f0cbfce5e3582cbddbcf7252866ede64a7d09b,ORIGINAL_APPLICATION,game resource,MEDIUM
Payload/pool.app/AvatarNewDefault.ccbi,False,175,151,428f06a3,6faaca501e2ed831f07bfa223138ea70dd4b7935c47dc216af21c6ec0413b1cf,ORIGINAL_APPLICATION,game resource,MEDIUM
Payload/pool.app/flag_GU-hd.png,False,638,638,6d049ad7,7e1362174764fba743b94e7863b29d9edcdc2b662e84ae4385a88bd7e1780421,ORIGINAL_APPLICATION,game resource,MEDIUM
Payload/pool.app/CueCompletionNode.ccbi,False,3945,1776,691fe912,14d7d05d602c2ccea6ffa3d3f2c454d45935d1a1f3082776d26110ab6d599b77,ORIGINAL_APPLICATION,game resource,MEDIUM
Payload/pool.app/flag_CF-hd.png,False,880,880,ad166d5a,11120254583bce38d669527c037585524fdf56e3b943f1a8db0bc870d4dddd78,ORIGINAL_APPLICATION,game resource,MEDIUM
Payload/pool.app/flag_UZ.png,False,394,394,87e8d026,74cb3869899f8a609c10779b6cc94b077690602e3be0879986394e15708d218d,ORIGINAL_APPLICATION,game resource,MEDIUM
Payload/pool.app/flag_VA.png,False,286,286,dd544e52,f53d7af9ca3fe5301759214f06464d1f4d2a5e1ed6b30551d75a52461e961e39,ORIGINAL_APPLICATION,game resource,MEDIUM
Payload/pool.app/ClubsOverview_Top-hd.png,False,4382,4382,e8886310,3dd7ddc63cd22646bf658c6f2bf9f6ea79da9b698efd280aa8bf9a8875ad0ae3,ORIGINAL_APPLICATION,game resource,MEDIUM
Payload/pool.app/MenuItemTab.ccbi,False,913,602,742986d3,fc8e9b996ad640d7e38e84c89fe3104a3324d05f836ed3865f397a690ae7b4ec,ORIGINAL_APPLICATION,game resource,MEDIUM
Payload/pool.app/MCFAvatarCell.plist,False,329,241,4d3c427a,3ece7db9151308d6d3fed7130dd140e588b2de4e96021271a0203bbd73bb7ea1,ORIGINAL_APPLICATION,game resource,MEDIUM
Payload/pool.app/flag_TZ-hd.png,False,1044,1044,6087ba96,8afc624ab531e904e8560676b3899162937dd7bd5de66a8ef330c2a0a10afed1,ORIGINAL_APPLICATION,game resource,MEDIUM
Payload/pool.app/SlotTimer.ccbi,False,993,647,cb40e9d4,f54494847abd4d0c086eeda4ca01a77b6034b0f7b51a0781e0de5db08577afb1,ORIGINAL_APPLICATION,game resource,MEDIUM
Payload/pool.app/MCFGenericButtonDark3.plist,False,335,250,39ddb219,c8d06b12e2d41bbcdd9f23198f5b26fc20f45955bded4f3db0d72c62855d8e18,ORIGINAL_APPLICATION,game resource,MEDIUM
Payload/pool.app/ClubsOverview_Bottom.json,False,14449,866,257f2a44,7394aeb026057225d202fd51617470006cfe19bfb37e01711d7ed98c6f7e2ecf,ORIGINAL_APPLICATION,game resource,MEDIUM
Payload/pool.app/flag_UM.png,False,390,390,fff5c070,7fa559b90ba96f0bec9c9e08774dc75301e0f60c3e6640c35a2767b577841ecf,ORIGINAL_APPLICATION,game resource,MEDIUM
Payload/pool.app/DailySpin_Click.png,False,4570,4570,a8f7ad22,7f20082da2a609ce69aba4f194232143142aa43eb34a35aedbfe615eecef6268,ORIGINAL_APPLICATION,game resource,MEDIUM
Payload/pool.app/Shop-Promo-Card-SB-Rare-B.png,False,582,582,0a37754b,25cfe86c4ed2d24f087db9543a98b9a74d7c06ef06f6d2365f01937871e1e84f,ORIGINAL_APPLICATION,game resource,MEDIUM
Payload/pool.app/victoryBoxElite-hd.plist,False,864,569,8738d4fb,ced050971132f12cde919330c337824ba42b448abd3cba07833c95ca05979dfd,ORIGINAL_APPLICATION,game resource,MEDIUM
Payload/pool.app/ShopEntryPointLayout.ccbi,False,964,588,cc54dac5,64196fc9abf523499c293becd649e7b5237e34034c7452d10ffa2e079b6115ac,ORIGINAL_APPLICATION,game resource,MEDIUM
Payload/pool.app/Pot_Particle.plist,False,6653,4900,b8e849f9,dc187db8a39a5399a0b73b2b3e45bdcbb37d5436de50c844391a6ce1756c2405,ORIGINAL_APPLICATION,game resource,MEDIUM
Payload/pool.app/MenuTransactionInProgressPopupNode.ccbi,False,2535,1335,28fd8b08,49ef1fd8aa7bdcf2d194ba2cd0093151c8ef9ce6db34eecd0117116253dcde2b,ORIGINAL_APPLICATION,game resource,MEDIUM
Payload/pool.app/GD_Promo_Particle_BG-hd.png,False,882,882,ebd75474,1e239efeb8fd6310d09d94c68b97e6d3abb222a7914edf8f6a7808b63eb434f9,ORIGINAL_APPLICATION,game resource,MEDIUM
Payload/pool.app/MainMenu_Box.atlas,False,281,168,1daa0933,ed0b9560922a7f3065e81710e8905ae4f4dfb56f3302a3c1d63fd4cfaf90561d,ORIGINAL_APPLICATION,game resource,MEDIUM
Payload/pool.app/shop-hd.png,False,505794,505494,7d974951,507c0c2282448d8a7641e88aff48afeafa02f2f399dcd5e503dc5c737901ea25,ORIGINAL_APPLICATION,game resource,MEDIUM
Payload/pool.app/TournamentWithFriends.plist,False,1052,683,4ae2c165,35524eb4d96f57baf7c8650948ee44f464bd816ff08ef07d2b40f85be65744a8,ORIGINAL_APPLICATION,game resource,MEDIUM
Payload/pool.app/SurpriseBoxesMenuNodeSmallNoTitle.ccbi,False,3232,1519,f2f64a11,8e99917281f6cf00f99e1d4e1a6cfe7ed0a7825c2a5d53951ea11068d004f041,ORIGINAL_APPLICATION,game resource,MEDIUM
Payload/pool.app/flag_PE-hd.png,False,576,576,cd35a45c,fe51cdfed446e6f16d1bd0c8baf251a3f6e3dd90ded2b2254c2907b73ea38a5c,ORIGINAL_APPLICATION,game resource,MEDIUM
Payload/pool.app/DailyRewardsEntryPoint.ccbi,False,2135,1212,e3ac5aa3,003118d9b9a13cc231fb93467f14114aee799b8e8489fd9b72c5784adce9132b,ORIGINAL_APPLICATION,game resource,MEDIUM
Payload/pool.app/flag_TV-hd.png,False,808,808,8b89cc20,83347489ce8dbe7fe7bd3dadf0251f612f1b966a7588c67718c5ff17385a933f,ORIGINAL_APPLICATION,game resource,MEDIUM
Payload/pool.app/flag_GY-hd.png,False,1006,1006,b8791877,6c090ed92167d9f0227b561ac82ea942b496e6d5b6e68fcd9f8bcabb93c59f41,ORIGINAL_APPLICATION,game resource,MEDIUM
Payload/pool.app/MCFSGreenBar.plist,False,350,260,b899e2c5,05d0cef79bf365699cfe64566a59fb283e5b1e372e02ab1ee716d5864a45ffbb,ORIGINAL_APPLICATION,game resource,MEDIUM
Payload/pool.app/Champion_Medal_1-hd.png,False,23798,23429,03967437,828b469992ffb83c7eaca425a157671cb0360130098b4ff8ec2f6af364a1c142,ORIGINAL_APPLICATION,game resource,MEDIUM
Payload/pool.app/MCFSGenericDarkScrollBar.plist,False,341,259,400d2645,00171ff8fc5905b9c05341d9281141f32c80d5e0a3bc54900ed11042e6aaee6e,ORIGINAL_APPLICATION,game resource,MEDIUM
Payload/pool.app/MCFPopupFrameGradientDesc.plist,False,353,261,e04bbada,f492daf4ed5d845f90d1090b3faa35dc329e52f79819043f9af7feccdb0546c8,ORIGINAL_APPLICATION,game resource,MEDIUM
Payload/pool.app/GenericTrophyRequirementContent.ccbi,False,1007,622,1d9936b3,c498ab1006b07adad436fb4d4218ad90b0ca9fda8fea517b90c1b3a3fedf0e2f,ORIGINAL_APPLICATION,game resource,MEDIUM
Payload/pool.app/sfx_unlock.mp3,False,6688,4774,15cc3ae9,1f8e1c0931e7fe2724b4ece8f82c7d65322939af127c9454f393d17307482410,ORIGINAL_APPLICATION,game resource,MEDIUM
Payload/pool.app/flag_AZ-hd.png,False,766,766,8a05744a,114a6670057b132d7e0ab59fe59d9ad020af09f6f3462686fdb3eb78a15a3611,ORIGINAL_APPLICATION,game resource,MEDIUM
Payload/pool.app/singletableLuckyShot-hd.png,False,46060,45727,26666f10,d0d9884bb1e8bc5bc4070d18b20fa5ed94d3f37c1d1d1099dc74661091c526e0,ORIGINAL_APPLICATION,game resource,MEDIUM
Payload/pool.app/Cue_Case_Rare.plist,False,6007,4409,6bd31f23,7dc912a251c6b6829f02519ec1af44c64d0e38bf0ef6748501c3c92bfd8d07cf,ORIGINAL_APPLICATION,game resource,MEDIUM
Payload/pool.app/flag_RU-hd.png,False,504,504,3a02a981,926456b0f397a23442a2e256dc6f9af2a270aa63ad2c302c89c014b8577ccaf1,ORIGINAL_APPLICATION,game resource,MEDIUM
Payload/pool.app/Legendary_Glow_Particles.png,False,556,556,e986073d,01a48de9f9e82cc5f6784d22eea6039248f2181b3afe42587822ffddb6715153,ORIGINAL_APPLICATION,game resource,MEDIUM
Payload/pool.app/Subscription_Popup_Left_Particles.png,False,998,998,89548713,49f83c8bb3a0a68b00b954c775f10965de10b929b92044d043af673b579d1394,ORIGINAL_APPLICATION,game resource,MEDIUM
Payload/pool.app/sfx_winTour.mp3,False,46356,42461,0ebc8047,fdd883b33415ac7780ff56aead26ff280f84fd4c8f31d9027a87246c8a3bcaba,ORIGINAL_APPLICATION,game resource,MEDIUM
Payload/pool.app/MCFLeaderboardInstantPromotionTintNode.plist,False,353,258,5b407b91,ae689c540066ec5b5fb26957cd355884af9c1c8ab5778b0269b62b2a248c4ca3,ORIGINAL_APPLICATION,game resource,MEDIUM
Payload/pool.app/MCFSGenericGreenButton.plist,False,334,247,796e2401,4d28c4224f14e86365480d4975e81f28acc0194c0218b982f79037904672a30e,ORIGINAL_APPLICATION,game resource,MEDIUM
Payload/pool.app/PollPass_CollectButton.skel,False,876,370,45e842f1,ed9394374625a789292a20c7146708f18cbe0d2f1e55bba6ac2630600f388188,ORIGINAL_APPLICATION,game resource,MEDIUM
Payload/pool.app/HSF_TierRoundRibbonDesc.plist,False,128,108,544486b6,673067dd23b54763e0420402b45410ff0794aa35e346800b5a19ed11f404734c,ORIGINAL_APPLICATION,game resource,MEDIUM
Payload/pool.app/flag_BD-hd.png,False,600,600,0a06af39,9f8b72a7b150880319af3f6e415badb3ffe1bcaa1989686bf5d0d5e30b7fd367,ORIGINAL_APPLICATION,game resource,MEDIUM
Payload/pool.app/sfx_luckyShot_popup_turnsToFree.mp3,False,31645,13103,02065e64,1b0f9b8a4d8580b9c0c1c3b1903f3887f5c870e262519e70948b4e0d6dcffab6,ORIGINAL_APPLICATION,game resource,MEDIUM
Payload/pool.app/SubscriptionInfoEliteMembership.ccbi,False,2738,1345,ebdc5aff,1067796d1bac2d17717d286e44463ff780fd18e098bc7983564079fc4fc87def,ORIGINAL_APPLICATION,game resource,MEDIUM
Payload/pool.app/sfx_luckyShot_popup_turnsToGold.mp3,False,59189,39897,44c9712a,42fb980cfa315b4cfdc79d0d2e923a94a8cce8bd75f2267b9ebcbffa176f8525,ORIGINAL_APPLICATION,game resource,MEDIUM
Payload/pool.app/DailyGoldenSpinWheelNode.ccbi,False,3477,1600,bf312cd8,d4a6dd4dae212f5c47390d726293dfc07afe635b6f5fb3dcc3c87d8ad1a789f8,ORIGINAL_APPLICATION,game resource,MEDIUM
Payload/pool.app/MCFKeyboardBGFrameDesc.plist,False,328,244,78b96dd7,91cf255908b03ea379b04639e430487f1c2ced9d4e328536f567ef48db7262b8,ORIGINAL_APPLICATION,game resource,MEDIUM
Payload/pool.app/Table_Begginer_Cue-ipadhd.png,False,5884,5884,dfecf35f,71a78f946093da3a46c2d169acc0aa3f0f5b6fb93b9375eb5445f6d018567fd2,ORIGINAL_APPLICATION,game resource,MEDIUM
Payload/pool.app/ShopPromo_BG-hd.png,False,3102,806,5c0292d6,e06b8cc1676dd0c562127f22c239c9b14c38edb4b7afc6b649312c6a079dffcd,ORIGINAL_APPLICATION,game resource,MEDIUM
Payload/pool.app/MCFIngamePopupSharpDesc.plist,False,335,260,01d68762,eb37f9053cf7b3037162c74c0b539a942b65fc2cd22d7d43c195c73785c81bd5,ORIGINAL_APPLICATION,game resource,MEDIUM
Payload/pool.app/Cue_Sparkle.plist,False,7251,5354,252ca3d1,81eef27ab41785cb87ee7c19ea2efbae4f26f3cbce80866548a8bcaf29e39066,ORIGINAL_APPLICATION,game resource,MEDIUM
Payload/pool.app/SocialDecalTabView.ccbi,False,1461,836,16948648,e7a1c86eddb06db9016a89dfa8ffef59b797a89fe7968e91cd6f379729024e8c,ORIGINAL_APPLICATION,game resource,MEDIUM
Payload/pool.app/InfoPopupCollectionsBadgeNode.ccbi,False,1786,1043,b1284126,6a727206f4440211a9808568f8c6cd38c8751c0bf8d9cef3c8235856f53d4912,ORIGINAL_APPLICATION,game resource,MEDIUM
Payload/pool.app/ProfileTabbedComponentView.ccbi,False,340,270,f94f2f29,5bd74f0eea3475a800604621fab311a147f7dad44e6ff550809f2161b440d15d,ORIGINAL_APPLICATION,game resource,MEDIUM
Payload/pool.app/victoryCueCases-hd.png,False,3812,3772,4cb8c02a,73921377b5fcbffaece68e4106e18ac42e98b61014a9e9ba146b045d82d03f20,ORIGINAL_APPLICATION,game resource,MEDIUM
Payload/pool.app/PiggyBankEntryButtonView.ccbi,False,5015,2395,8b86723e,e7d87bc55d3897ba946a8d6d4b69b4c29b50d0a6bd5132952cfb62091ba3d17d,ORIGINAL_APPLICATION,game resource,MEDIUM
Payload/pool.app/SpectateBrowserTabbedComponentView.ccbi,False,516,370,393af592,d421058c4334447ce9b32e47e051445177511a24726d29c3d173e70b62bff01b,ORIGINAL_APPLICATION,game resource,MEDIUM
Payload/pool.app/Promo_TitleLabel.ccbi,False,1007,613,28deec7a,d8ae2e64d463794d3e566bbe2bb66109c1e9e3e9e66e2dc8d9693ef05c81c74f,ORIGINAL_APPLICATION,game resource,MEDIUM
Payload/pool.app/DailySpin_BigFrames_BackThickness.atlas,False,554,214,270900f3,1117d7f21a1da2c565b3afcde42be0f82d4424edea770e3e356ef9b2631120b8,ORIGINAL_APPLICATION,game resource,MEDIUM
Payload/pool.app/hud-ipad.plist,False,6064,2759,b6b6a4bf,90152989f8e300271a7b3429c0e0b0d7b5b03289b75a766fd9cac78464bd004a,ORIGINAL_APPLICATION,game resource,MEDIUM
Payload/pool.app/Moonlight_Pot_Particles.plist,False,11123,5023,39bc636a,eff8a7b67c3bfccd2843e2ffe31fb96e6b19b2a17e14937d3ffff66912b41587,ORIGINAL_APPLICATION,game resource,MEDIUM
Payload/pool.app/ShopPromo_Cards.png,False,81960,81891,1150c769,fbef65116322c6c0161b84da996e2ec28b285fe5a9404994c16ed8d3c7b375d3,ORIGINAL_APPLICATION,game resource,MEDIUM
Payload/pool.app/MCFTierFrameDesc.plist,False,326,243,d1055f68,d340b405ba006c2fac4e40f0a7b2cd7bb0a30dda516e2f75d439138edad9ccfd,ORIGINAL_APPLICATION,game resource,MEDIUM
Payload/pool.app/Cue_Sparkles2.plist,False,6591,4873,c7fcf8c7,d7c3e69dfde2d764fffa16c562d6f33a664b86e5914b598b5da6fd742a9e3b66,ORIGINAL_APPLICATION,game resource,MEDIUM
Payload/pool.app/DailyStreak-hd.plist,False,493,364,63fed492,39795d8379f50d93c8b08e254dbf16a4d41a2bdcd2a967f9a969f6118f6fb2a9,ORIGINAL_APPLICATION,game resource,MEDIUM
Payload/pool.app/Sparkles.png,False,2822,2822,b9baf6b5,5723aba63646ff56055b2b29fd8b007b557382c68edc7dd4dbb5263afd461698,ORIGINAL_APPLICATION,game resource,MEDIUM
Payload/pool.app/Card-Expert-Back.png,False,3086,3086,bc854874,0473bf6bf820488632046f08ee22eb040cd8c76180519d85abf438ccbc607d7e,ORIGINAL_APPLICATION,game resource,MEDIUM
Payload/pool.app/Table_Begginer_Cue-hd.png,False,1738,1738,b18a5f0f,23b9b7a9665866c96030262ff2e236a42524877df916a5267fa1250afaa97b40,ORIGINAL_APPLICATION,game resource,MEDIUM
Payload/pool.app/PollPass_CollectButton-hd.png,False,1592,1592,2c5ebeac,2bd3b46cb969f13aaf26b9ee738b3fdf904777de0923c809d2b218b178e1f583,ORIGINAL_APPLICATION,game resource,MEDIUM
Payload/pool.app/flag_LA-hd.png,False,758,758,24acb512,20783052bfb454b8a4d1780d88756eef7545d2d2f52fc248310ad38b96ac99e2,ORIGINAL_APPLICATION,game resource,MEDIUM
Payload/pool.app/sfx_spinWheel_LOOP.mp3,False,15987,15457,7b68fbdd,1506d818bea6f39f79d78302de6d8da2bd5fcd7e96cd2378d68bb073214594e5,ORIGINAL_APPLICATION,game resource,MEDIUM
Payload/pool.app/theme3-hd.png,False,187906,187126,6d90ea17,6df380fe7f659631fee039c29eac18f21fde6289a0a2e5051ed37ca183e7d273,ORIGINAL_APPLICATION,game resource,MEDIUM
Payload/pool.app/flag_HR-hd.png,False,912,912,bedf9350,edefacc1f7478962c41b8a7f0dca7a282e360acb4925fb11fb7d3505a87ffa4b,ORIGINAL_APPLICATION,game resource,MEDIUM
Payload/pool.app/Table_Standard_Cue-ipad.png,False,1756,1756,aa036478,42f8344ed7bf2b67eca8008b119ee73a35280f5c9ac61397219deaf2d4ac932d,ORIGINAL_APPLICATION,game resource,MEDIUM
Payload/pool.app/GS_4_idle_02.plist,False,1564,847,5d3fa520,471fb0a86e0cf56276d3db69d723524704ac75425ceb647e24b3c506dff289d9,ORIGINAL_APPLICATION,game resource,MEDIUM
Payload/pool.app/SimplifiedCheerGiftsFeedbackPanelItemContent.ccbi,False,3539,1855,1747229e,962c86f5be17befbdee45feafb9de4809e60e90e6b035f60d29ca93bd640898f,ORIGINAL_APPLICATION,game resource,MEDIUM
Payload/pool.app/sfx_spinPressNormalSpin.mp3,False,62319,55069,947d7f13,cb36618147f6fa1804c0b0b9f77c9b02ab345d32c31d6fb7aacfce97f6207fe7,ORIGINAL_APPLICATION,game resource,MEDIUM
Payload/pool.app/MCFClubChatSliderFrameTop.plist,False,369,270,40c4452f,e1d6878f3612831dbedbb9eb93a3530cfffebf7349bf36898edb73e0309d3ddc,ORIGINAL_APPLICATION,game resource,MEDIUM
Payload/pool.app/GenericInfoListNodesLayout.ccbi,False,1872,1028,2151ab22,c7365ddbbbea6ead223a56feb1a9705ce4b68cc350d76fb535a2671be420b6f5,ORIGINAL_APPLICATION,game resource,MEDIUM
Payload/pool.app/GenericAdPlacementButton.ccbi,False,1883,1127,4b9fc26d,d59526cc8659421880623409d534990f242fdba3e6bd51987d57edaaab98714f,ORIGINAL_APPLICATION,game resource,MEDIUM
Payload/pool.app/Splash-Landscape-iPad-AnyWidth-AnyHeight@2x.png,False,30014,20751,96749ee8,d8f1ee69bcf6fcb2753ab80a44472b65162af4c93430892fd89296c540777af4,ORIGINAL_APPLICATION,game resource,MEDIUM
Payload/pool.app/MCFSTournamentFrameRound2.plist,False,350,263,75644ed4,88a78ba439b8e105748b148b0e44c3633151da083051b3ca111ae6aa041e1bdb,ORIGINAL_APPLICATION,game resource,MEDIUM
Payload/pool.app/GoldenShotHeaderWidget.ccbi,False,1115,546,53093067,1f3a4b96c8c6617b6a0a233b377bf510a6f33f3fd6f0df72b3b8bd09a2e1e477,ORIGINAL_APPLICATION,game resource,MEDIUM
Payload/pool.app/sfx_cushion_collision.mp3,False,10493,5344,5c8a7b47,d854a872e99714042bb9490be84da1c9bb745df755dc0ca7a12b6a6fa80b622a,ORIGINAL_APPLICATION,game resource,MEDIUM
Payload/pool.app/victoryBoxPro.png,False,16832,16832,4a109f12,6e953181f15d2ed37ffe12a921d340460b17f6d9e2fabdcd913c11a02d57c25b,ORIGINAL_APPLICATION,game resource,MEDIUM
Payload/pool.app/TierTrophyProgressNode_v56_4.ccbi,False,4157,1916,0058683f,ac02565eec1c63ae0bd737602637ff766efb086ed99aa9bc772d5b25898b7a11,ORIGINAL_APPLICATION,game resource,MEDIUM
Payload/pool.app/victoryBoxElite-hd.png,False,43986,43996,4d9f29be,a6114a06553c736a17dc22bf71304bb4256492ce92868a1b1ca3b7b2996e1900,ORIGINAL_APPLICATION,game resource,MEDIUM
Payload/pool.app/ball1000-ipadhd.png,False,4628,3945,4d641fc5,94feedb63471819dc377a69723a5af6c9895d0451247d621d31e5574ea822fc3,ORIGINAL_APPLICATION,game resource,MEDIUM
Payload/pool.app/PlugIns/,True,0,0,00000000,,ORIGINAL_APPLICATION,app extension,HIGH
Payload/pool.app/PlugIns/NotificationContent.appex/,True,0,0,00000000,,ORIGINAL_APPLICATION,app extension,HIGH
Payload/pool.app/PlugIns/NotificationContent.appex/_CodeSignature/,True,0,0,00000000,,ORIGINAL_APPLICATION,app extension,HIGH
Payload/pool.app/PlugIns/NotificationContent.appex/_CodeSignature/CodeResources,False,8874,2238,756212e5,912bf5fcd8e99c4fe4947f03b5c31513db0077093636fdd1555bac29252c3173,ORIGINAL_APPLICATION,app extension,HIGH
Payload/pool.app/PlugIns/NotificationContent.appex/League_SmallestStar_Gold.png,False,4603,4593,24ede6d1,9285c5d99c14ee04feb879fc99b41ea44b85f6a60ffa24cb3024a555d4dfa061,ORIGINAL_APPLICATION,app extension,HIGH
Payload/pool.app/PlugIns/NotificationContent.appex/avatar_guest.png,False,35090,34763,d8159f8e,3a72b8f55ede4a7b741f352fc49fd5b5d86bf9ef32d000f8ad3b9a0769048b12,ORIGINAL_APPLICATION,app extension,HIGH
Payload/pool.app/PlugIns/NotificationContent.appex/League_SmallestStar_Sapphire.png,False,4740,4739,972f2e9c,7bfbb6affa1e0fc8ef8f08a10ccc49d44be52f8ee0a5d1535de8ab342cb2a2b0,ORIGINAL_APPLICATION,app extension,HIGH
Payload/pool.app/PlugIns/NotificationContent.appex/League_SmallestStar_Silver.png,False,4692,4576,4ae29c8c,6d241b03e0c8c50b8d6a7382a50b2de1df50d2fabdd5d4b47cfc54c864761b87,ORIGINAL_APPLICATION,app extension,HIGH
Payload/pool.app/PlugIns/NotificationContent.appex/SenderReceiverView.nib,False,6666,2668,08bb98f6,5706e1a5e7dfc20a09f0980893f4b31ee7ebc4625d389fc0e037d4131ed88d01,ORIGINAL_APPLICATION,app extension,HIGH
Payload/pool.app/PlugIns/NotificationContent.appex/Base.lproj/,True,0,0,00000000,,ORIGINAL_APPLICATION,app extension,HIGH
Payload/pool.app/PlugIns/NotificationContent.appex/Base.lproj/MainInterface.storyboardc/,True,0,0,00000000,,ORIGINAL_APPLICATION,app extension,HIGH
Payload/pool.app/PlugIns/NotificationContent.appex/Base.lproj/MainInterface.storyboardc/UIViewController-M4Y-Lb-cyx.nib,False,987,640,21adcafb,d47ec087f7860ced058e933e519be7be4c3ab9e3c77c3af3fb85fef85e113fbe,ORIGINAL_APPLICATION,app extension,HIGH
Payload/pool.app/PlugIns/NotificationContent.appex/Base.lproj/MainInterface.storyboardc/M4Y-Lb-cyx-view-S3S-Oj-5AN.nib,False,1919,1162,b75a41a3,61991a5b82e4700c37e183ddf1a8fb263a39fd87f5ef9733b5b4daf0a7241501,ORIGINAL_APPLICATION,app extension,HIGH
Payload/pool.app/PlugIns/NotificationContent.appex/Base.lproj/MainInterface.storyboardc/Info.plist,False,258,149,0bca6baa,b0e89ceae812296c06bc1497e59c9811413ea4579c0965b4617028e4235b9824,ORIGINAL_APPLICATION,app extension,HIGH
Payload/pool.app/PlugIns/NotificationContent.appex/League_SmallestStar_Diamond.png,False,4702,4691,d904d0a1,84add462facaa3c0e25fee7628b2f0c7b746d2d1064cc9a4b19b15b13a245d00,ORIGINAL_APPLICATION,app extension,HIGH
Payload/pool.app/PlugIns/NotificationContent.appex/League_SmallestStar_Amethyst.png,False,5470,5462,87105120,4578eabda9eb6577f0933a48b99711e19bc35830a71c1a0ca376ddda6bcaf7ec,ORIGINAL_APPLICATION,app extension,HIGH
Payload/pool.app/PlugIns/NotificationContent.appex/SenderView.nib,False,4402,2152,6bc0980a,1711cda433c901915c3140fe6c9bcf8e12f827dd0f5cfa660cdfe15dc6c8e166,ORIGINAL_APPLICATION,app extension,HIGH
Payload/pool.app/PlugIns/NotificationContent.appex/League_SmallestStar_Platinum.png,False,5156,5145,e93908f6,3ea86bbdc48c8ba38c248c9a3f7aa86683b80205dfd10d8305b884d2cb30b0b4,ORIGINAL_APPLICATION,app extension,HIGH
Payload/pool.app/PlugIns/NotificationContent.appex/NotificationContent,False,99152,15432,b921946e,3f3f052bef114dc695371ab50f795468b5d50e9b9dfc8415f64994fe5ac344cb,ORIGINAL_APPLICATION,app extension,HIGH
Payload/pool.app/PlugIns/NotificationContent.appex/League_SmallestStar_Emerald.png,False,4873,4873,7af8143d,53842bd0948d843a40d0e5d75ac80c1da540607846d36c05671682d7753afc09,ORIGINAL_APPLICATION,app extension,HIGH
Payload/pool.app/PlugIns/NotificationContent.appex/League_SmallestStar_Ruby.png,False,4897,4891,464cfe98,926d80e440e27a63635345968950c94ec75d46eb6122923743f8b86662462fd1,ORIGINAL_APPLICATION,app extension,HIGH
Payload/pool.app/PlugIns/NotificationContent.appex/Match_Screen_VS_Icon.png,False,53639,53501,83a73f9e,0205b8d3d881a347e5f4f25ff638d27a8158fa229190fcae434b344468344d7b,ORIGINAL_APPLICATION,app extension,HIGH
Payload/pool.app/PlugIns/NotificationContent.appex/League_SmallestStar_Brass.png,False,5193,5185,f4545d1d,b69b317644bd193450986fab1cc2770083ad2eea4858ac6d74ac553006669e75,ORIGINAL_APPLICATION,app extension,HIGH
Payload/pool.app/PlugIns/NotificationContent.appex/AdoraFresh.ttf,False,133520,56871,eff6376c,c7ac90c88894d3f5564a832a0223587e3cb07642fe1587dcb3da59e60bee8c26,ORIGINAL_APPLICATION,app extension,HIGH
Payload/pool.app/PlugIns/NotificationContent.appex/Background_01.png,False,86267,85622,14dcc72e,cca15d1214d65867b152540a67cf0d7e45e3a696c20146d93ffaf43d10f112bb,ORIGINAL_APPLICATION,app extension,HIGH
Payload/pool.app/PlugIns/NotificationContent.appex/Info.plist,False,1316,863,fd5b5d96,b1aee4d1c8f06a10f0f8323dc42187e7f3329683578f85afd6be083023c74feb,ORIGINAL_APPLICATION,app extension,HIGH
Payload/pool.app/PlugIns/NotificationContent.appex/League_SmallestStar_Bronze.png,False,5132,5119,e850fdd3,b251dfa04e67cfc8f147362280f35ab47d37902312c1637a711a5b8e5afe4404,ORIGINAL_APPLICATION,app extension,HIGH
Payload/pool.app/PlugIns/PooliMessage.appex/,True,0,0,00000000,,ORIGINAL_APPLICATION,app extension,HIGH
Payload/pool.app/PlugIns/PooliMessage.appex/_CodeSignature/,True,0,0,00000000,,ORIGINAL_APPLICATION,app extension,HIGH
Payload/pool.app/PlugIns/PooliMessage.appex/_CodeSignature/CodeResources,False,6926,1724,cba21493,6f8caab93b6eed5549ce06ee254f07a04fdddf64dc697f93247980439082fb01,ORIGINAL_APPLICATION,app extension,HIGH
Payload/pool.app/PlugIns/PooliMessage.appex/RotatedScreenView.nib,False,2256,1399,a0c49926,8a29731aec72f98d58be8480321d3cb8f8d48719e42c3dc5b1ef0b41ed4601a5,ORIGINAL_APPLICATION,app extension,HIGH
Payload/pool.app/PlugIns/PooliMessage.appex/Messages Icon60x45@2x.png,False,23077,23077,8aa8a853,398858651b3ba5a841bcb4a33603372d71f673c2a6590a68841e0ad32abb2a80,ORIGINAL_APPLICATION,app extension,HIGH
Payload/pool.app/PlugIns/PooliMessage.appex/Messages Icon60x45@3x.png,False,45496,45506,f71c7256,ddf52f6d92a274fb56179dab3877c9d5068f21e1c082304e686bd4e0dee3c4d7,ORIGINAL_APPLICATION,app extension,HIGH
Payload/pool.app/PlugIns/PooliMessage.appex/Messages Icon74x55@2x.png,False,32489,32489,62a9c1e5,315c11b9fe02b173b3bd75ba82aa8e0a5eba6bc0d6870002c1c46b69271b8f63,ORIGINAL_APPLICATION,app extension,HIGH
Payload/pool.app/PlugIns/PooliMessage.appex/Base.lproj/,True,0,0,00000000,,ORIGINAL_APPLICATION,app extension,HIGH
Payload/pool.app/PlugIns/PooliMessage.appex/Base.lproj/MainInterface.storyboardc/,True,0,0,00000000,,ORIGINAL_APPLICATION,app extension,HIGH
Payload/pool.app/PlugIns/PooliMessage.appex/Base.lproj/MainInterface.storyboardc/ObA-dk-sSI-view-zMn-AG-sqS.nib,False,2396,1400,257d73ef,27ef624f010d05869fa837cbd0f93006f42d6e94819d3322c05a726a2761efc4,ORIGINAL_APPLICATION,app extension,HIGH
Payload/pool.app/PlugIns/PooliMessage.appex/Base.lproj/MainInterface.storyboardc/Info.plist,False,258,149,48ce7eba,f599288fe6bb36ff864f7f6badb834e49d98ece40785b6999052d9a38e07d2ca,ORIGINAL_APPLICATION,app extension,HIGH
Payload/pool.app/PlugIns/PooliMessage.appex/Base.lproj/MainInterface.storyboardc/UIViewController-ObA-dk-sSI.nib,False,1022,660,ad04cc94,d073003e5094f27632ba7574b17c0ac339ebadff7d88fb7c47ccbe1f9746c688,ORIGINAL_APPLICATION,app extension,HIGH
Payload/pool.app/PlugIns/PooliMessage.appex/Assets.car,False,877976,862247,2f1cd51f,44deaa4d2989564fc86d4b751b591b053ff82cbe32e3818344d6ba6efc892835,ORIGINAL_APPLICATION,app extension,HIGH
Payload/pool.app/PlugIns/PooliMessage.appex/PooliMessage,False,7969584,3158566,3d645283,298dd82fee560d7b5b5f51e45cff8fc01f13622a52728d2128436918b98d9c61,ORIGINAL_APPLICATION,app extension,HIGH
Payload/pool.app/PlugIns/PooliMessage.appex/Messages Icon27x20@3x.png,False,11863,11863,e0a82631,d163e6622cfabd1c713460c19aa0bc7befee802539f9b027a1c5601c65dccbb8,ORIGINAL_APPLICATION,app extension,HIGH
Payload/pool.app/PlugIns/PooliMessage.appex/Messages Icon32x24@2x.png,False,8069,8069,d731705a,27c2e9cffcbc6fda095c29543e59c69b059156cc62310d6208b392d3b78118f9,ORIGINAL_APPLICATION,app extension,HIGH
Payload/pool.app/PlugIns/PooliMessage.appex/Messages Icon32x24@3x.png,False,15871,15871,ee2ccb91,a2ec1bc13267768cf03272369ad0e2208d7ad4d7092da0227e67602178e18cce,ORIGINAL_APPLICATION,app extension,HIGH
Payload/pool.app/PlugIns/PooliMessage.appex/Info.plist,False,1374,894,fba739fb,5b68931d3fa31796d4bb2e9b9b23dab2aacb35bf79a60dce0791f2c333739214,ORIGINAL_APPLICATION,app extension,HIGH
Payload/pool.app/PlugIns/PooliMessage.appex/Messages Icon67x50@2x.png,False,27578,27578,3a29cb6d,b0fe8d61aff6e813a2e2b99d16621f6ece88393b8d18edb2f8b80e85cde31933,ORIGINAL_APPLICATION,app extension,HIGH
Payload/pool.app/PlugIns/PooliMessage.appex/Messages Icon27x20@2x.png,False,6039,6039,f42fe2d8,d17408fdd45c535ebf6ac70cbf42375bb7c9b4b4768763ee4309094b23f25b25,ORIGINAL_APPLICATION,app extension,HIGH
Payload/pool.app/PlugIns/PoolWidgetExtension.appex/,True,0,0,00000000,,ORIGINAL_APPLICATION,app extension,HIGH
Payload/pool.app/PlugIns/PoolWidgetExtension.appex/de.lproj/,True,0,0,00000000,,ORIGINAL_APPLICATION,app extension,HIGH
Payload/pool.app/PlugIns/PoolWidgetExtension.appex/de.lproj/Localizable.strings,False,341,236,0f45a6dd,18144829cd665c0ebad0be064373125644259d63dc19ab041d64ea4d40fbeabf,ORIGINAL_APPLICATION,app extension,HIGH
Payload/pool.app/PlugIns/PoolWidgetExtension.appex/_CodeSignature/,True,0,0,00000000,,ORIGINAL_APPLICATION,app extension,HIGH
Payload/pool.app/PlugIns/PoolWidgetExtension.appex/_CodeSignature/CodeResources,False,9423,1807,718e94ed,9a766fbcba3717161aa075bd71e7e4884a1502e27767f05b1aace72dfa77af8e,ORIGINAL_APPLICATION,app extension,HIGH
Payload/pool.app/PlugIns/PoolWidgetExtension.appex/ar.lproj/,True,0,0,00000000,,ORIGINAL_APPLICATION,app extension,HIGH
Payload/pool.app/PlugIns/PoolWidgetExtension.appex/ar.lproj/Localizable.strings,False,374,246,96415316,c17c02729876fdca6e4c85b6dc1a59d7154f3f7fc5b222125875387912fce21d,ORIGINAL_APPLICATION,app extension,HIGH
Payload/pool.app/PlugIns/PoolWidgetExtension.appex/ja.lproj/,True,0,0,00000000,,ORIGINAL_APPLICATION,app extension,HIGH
Payload/pool.app/PlugIns/PoolWidgetExtension.appex/ja.lproj/Localizable.strings,False,293,215,a4b4d1fc,63fedac4454aa2203940b605f14908e6f1cb667b4de6eafa8540c1bb4d7bf1c6,ORIGINAL_APPLICATION,app extension,HIGH
Payload/pool.app/PlugIns/PoolWidgetExtension.appex/en.lproj/,True,0,0,00000000,,ORIGINAL_APPLICATION,app extension,HIGH
Payload/pool.app/PlugIns/PoolWidgetExtension.appex/en.lproj/Localizable.strings,False,298,204,98654ba3,5ea80e2df8c600ab301a48c6569deec5e37f1ecb6d1c53e57ed7769e1c351ba4,ORIGINAL_APPLICATION,app extension,HIGH
Payload/pool.app/PlugIns/PoolWidgetExtension.appex/es.lproj/,True,0,0,00000000,,ORIGINAL_APPLICATION,app extension,HIGH
Payload/pool.app/PlugIns/PoolWidgetExtension.appex/es.lproj/Localizable.strings,False,450,258,7e46bf9a,8d7fe936d11bfc28a2b587bb6e5313dcfd930c416962ce23fae7979d8d0e4a78,ORIGINAL_APPLICATION,app extension,HIGH
Payload/pool.app/PlugIns/PoolWidgetExtension.appex/it.lproj/,True,0,0,00000000,,ORIGINAL_APPLICATION,app extension,HIGH
Payload/pool.app/PlugIns/PoolWidgetExtension.appex/it.lproj/Localizable.strings,False,341,227,153eb446,75d4b2d0d2c94ee42a80bf42cca0620df512e825ead3299e8600beacd04d11eb,ORIGINAL_APPLICATION,app extension,HIGH
Payload/pool.app/PlugIns/PoolWidgetExtension.appex/ko.lproj/,True,0,0,00000000,,ORIGINAL_APPLICATION,app extension,HIGH
Payload/pool.app/PlugIns/PoolWidgetExtension.appex/ko.lproj/Localizable.strings,False,295,201,2d0e7a32,e5f6e7395a4167e5fb6ef4ac69053ad472cf3cd554002dbfc87668a57120a293,ORIGINAL_APPLICATION,app extension,HIGH
Payload/pool.app/PlugIns/PoolWidgetExtension.appex/Assets.car,False,731880,709437,eba0780c,ea3a8241f5d480c74d8c9c2974c378ab77bb381ccee06a9e9327d101aea12203,ORIGINAL_APPLICATION,app extension,HIGH
Payload/pool.app/PlugIns/PoolWidgetExtension.appex/tr.lproj/,True,0,0,00000000,,ORIGINAL_APPLICATION,app extension,HIGH
Payload/pool.app/PlugIns/PoolWidgetExtension.appex/tr.lproj/Localizable.strings,False,393,236,f47546b8,7d712479c082d57fa1142bf698220a301cf6ba4e42a60ffed113066092e7792e,ORIGINAL_APPLICATION,app extension,HIGH
Payload/pool.app/PlugIns/PoolWidgetExtension.appex/pt-BR.lproj/,True,0,0,00000000,,ORIGINAL_APPLICATION,app extension,HIGH
Payload/pool.app/PlugIns/PoolWidgetExtension.appex/pt-BR.lproj/Localizable.strings,False,467,263,4b9307f3,cd3c3dcfa97e82e29626df44a85d49d291177427cc86acf06e21b248681648f2,ORIGINAL_APPLICATION,app extension,HIGH
Payload/pool.app/PlugIns/PoolWidgetExtension.appex/vi.lproj/,True,0,0,00000000,,ORIGINAL_APPLICATION,app extension,HIGH
Payload/pool.app/PlugIns/PoolWidgetExtension.appex/vi.lproj/Localizable.strings,False,467,264,edb62dff,849377683a34dcc75afbc10f009229236edfa664161c20b35832c8dbdef8bdba,ORIGINAL_APPLICATION,app extension,HIGH
Payload/pool.app/PlugIns/PoolWidgetExtension.appex/ru.lproj/,True,0,0,00000000,,ORIGINAL_APPLICATION,app extension,HIGH
Payload/pool.app/PlugIns/PoolWidgetExtension.appex/ru.lproj/Localizable.strings,False,452,265,6bc54142,6e184a37672d197be7501824bf4a1e057b85b9ac15e46c137df36c9afe275792,ORIGINAL_APPLICATION,app extension,HIGH
Payload/pool.app/PlugIns/PoolWidgetExtension.appex/fr.lproj/,True,0,0,00000000,,ORIGINAL_APPLICATION,app extension,HIGH
Payload/pool.app/PlugIns/PoolWidgetExtension.appex/fr.lproj/Localizable.strings,False,487,265,a17dc8c9,713944386dddec8c06ce4a9c84f42ec6e54d416412183ba393df806a6955ee36,ORIGINAL_APPLICATION,app extension,HIGH
Payload/pool.app/PlugIns/PoolWidgetExtension.appex/id.lproj/,True,0,0,00000000,,ORIGINAL_APPLICATION,app extension,HIGH
Payload/pool.app/PlugIns/PoolWidgetExtension.appex/id.lproj/Localizable.strings,False,325,223,68f3d46f,f565eaef1d69e4602cd2315339173e01bf9707b46b9122b88c5f2bdbca737946,ORIGINAL_APPLICATION,app extension,HIGH
Payload/pool.app/PlugIns/PoolWidgetExtension.appex/pt-PT.lproj/,True,0,0,00000000,,ORIGINAL_APPLICATION,app extension,HIGH
Payload/pool.app/PlugIns/PoolWidgetExtension.appex/pt-PT.lproj/Localizable.strings,False,473,257,67d832d0,4f0b375e32fdfa4c8feaaff47c37e5de40786970891dbe769dc447bec3a86dd1,ORIGINAL_APPLICATION,app extension,HIGH
Payload/pool.app/PlugIns/PoolWidgetExtension.appex/PoolWidgetExtension,False,152576,28967,21168401,207b39899d2354e87207ded202e7b5c35dee7aa1f205d0b5d50cfca88f5daf50,ORIGINAL_APPLICATION,app extension,HIGH
Payload/pool.app/PlugIns/PoolWidgetExtension.appex/Info.plist,False,875,608,bd05da2a,05905b7ddd4a17705567c7a2ca9a18ec898731d703456fd856265385f12c8065,ORIGINAL_APPLICATION,app extension,HIGH
Payload/pool.app/PlugIns/PoolWidgetExtension.appex/hi.lproj/,True,0,0,00000000,,ORIGINAL_APPLICATION,app extension,HIGH
Payload/pool.app/PlugIns/PoolWidgetExtension.appex/hi.lproj/Localizable.strings,False,449,257,4698d2f2,373cc88075b807a430041a53524d84ae1b1a6ffcb1a2c3fa8b62c197a2677f51,ORIGINAL_APPLICATION,app extension,HIGH
Payload/pool.app/PlugIns/NotificationService.appex/,True,0,0,00000000,,ORIGINAL_APPLICATION,app extension,HIGH
Payload/pool.app/PlugIns/NotificationService.appex/_CodeSignature/,True,0,0,00000000,,ORIGINAL_APPLICATION,app extension,HIGH
Payload/pool.app/PlugIns/NotificationService.appex/_CodeSignature/CodeResources,False,3078,743,a961d735,05240a09b5b42f768d900d7f0e325e4dbc93487cffa493e9dfccf9bb7b9da5be,ORIGINAL_APPLICATION,app extension,HIGH
Payload/pool.app/PlugIns/NotificationService.appex/avatar_guest.png,False,35090,34763,d8159f8e,3a72b8f55ede4a7b741f352fc49fd5b5d86bf9ef32d000f8ad3b9a0769048b12,ORIGINAL_APPLICATION,app extension,HIGH
Payload/pool.app/PlugIns/NotificationService.appex/NotificationService,False,99968,15740,04bd100b,9c846f3d60a3b4936c20a2eec06bad4a335f674425b89b8c310dd757589c8859,ORIGINAL_APPLICATION,app extension,HIGH
Payload/pool.app/PlugIns/NotificationService.appex/Info.plist,False,1048,715,beb432be,600c9398331ad53fcc466669751072b3b157e414893871ae54a55eea3f769d3a,ORIGINAL_APPLICATION,app extension,HIGH
Payload/pool.app/singletableGoldenShot-ipad.png,False,42204,41986,5d16e52c,f9f697a707988c951838e53e567343e8fbf4bd767819c97d620016249fd181c5,ORIGINAL_APPLICATION,game resource,MEDIUM
Payload/pool.app/ProLoungeBottomLeftWidget.ccbi,False,1679,1026,29b10d81,7992e3699602acaf75846a0ba1ad55c95a31580eed3206baf0fa89d7040f3418,ORIGINAL_APPLICATION,game resource,MEDIUM
Payload/pool.app/flag_MO-hd.png,False,698,698,0c359833,85607ef53ebbd595a966fbeb7911ca2ef3be5ee1c2e1dc877b8dd84413a94f06,ORIGINAL_APPLICATION,game resource,MEDIUM
Payload/pool.app/themeTrophy.plist,False,733,486,32e5bf5a,86b563ad40ce3363508d424e86ee926787023902c891ad2f119165c8e307937d,ORIGINAL_APPLICATION,game resource,MEDIUM
Payload/pool.app/sfx_dailyBonus.mp3,False,35401,24780,099770b1,e574ed35f7ad976766dc1539670a6b56ee85d8da774749974067a9071eba9bbf,ORIGINAL_APPLICATION,game resource,MEDIUM
Payload/pool.app/ClubLeagues-hd.plist,False,1631,739,dffaf008,ff046f15f4af8ccf87ebb827a2fa844a19328383ddb2520a1e6c490e8a6e1e31,ORIGINAL_APPLICATION,game resource,MEDIUM
Payload/pool.app/blank.png,False,46,46,786ade53,2b631bb16d15be2c4c8752fe4a02bbc8f7ea897a3c2eba003f37609ddc89580e,ORIGINAL_APPLICATION,game resource,MEDIUM
Payload/pool.app/mainMenuRevamp-ipadhd.png,False,63116,63126,a6efa0e1,1336bd27d0bef52f22470d23a0fcd23f81043bb96dc269d2a0414c3fba11e47a,ORIGINAL_APPLICATION,game resource,MEDIUM
Payload/pool.app/GenericInfoListNode.ccbi,False,1320,815,58576ce0,732ec40b6846cb44762b3dd63f7b651bafa9659401e33dfb30805c248b14e2a1,ORIGINAL_APPLICATION,game resource,MEDIUM
Payload/pool.app/MCFPurchaseCompleteFrame.plist,False,358,266,f89ad270,ca22065fcfe44add85a69e39c70e0f605408244ba9318a5830abc24b81bd2e62,ORIGINAL_APPLICATION,game resource,MEDIUM
Payload/pool.app/it.lproj/,True,0,0,00000000,,ORIGINAL_APPLICATION,bundle metadata / localization,HIGH
Payload/pool.app/it.lproj/strings.strings,False,73,67,271593cb,f55c7db739fba8921e60443a61281f0e76276e114b11f6a841b57c1bf96fdbb5,ORIGINAL_APPLICATION,bundle metadata / localization,HIGH
Payload/pool.app/it.lproj/InfoPlist.strings,False,149,118,6aab435c,8c7168146e36a539baf51d48eda06f9ad43667ba8c920511814c0da419a4fa3b,ORIGINAL_APPLICATION,bundle metadata / localization,HIGH
Payload/pool.app/ball0.png,False,314,314,cf96b4e0,cafc574f8a797858f3fae5c6a267c22c50734c2c9b0faf20c40a3aecb6293f54,ORIGINAL_APPLICATION,game resource,MEDIUM
Payload/pool.app/TemplateTierTopBarInfoWidget.ccbi,False,2280,1372,136ad02b,be922be0d3e54675f23f3e295b1a3989720afddb9ebd6478e8504c53cb8f8cf1,ORIGINAL_APPLICATION,game resource,MEDIUM
Payload/pool.app/Epic_Box_Glow.plist,False,76845,57170,064188f9,b600226cd9793ba4a4b843cb3eb89e9e8097f7aed461798bccfdf2dd7d7e2e30,ORIGINAL_APPLICATION,game resource,MEDIUM
Payload/pool.app/flag_PF.png,False,432,432,20893b8f,0eb0cff5eb5991529895b3e1e6acd007d344a2a47984d75d4f9a7b6431446816,ORIGINAL_APPLICATION,game resource,MEDIUM
Payload/pool.app/flag_SJ.png,False,494,494,546919e7,5691707455127fefefd1b5874d91346e1c64519b7e7bd8b4c3d147cd1f45d1cf,ORIGINAL_APPLICATION,game resource,MEDIUM
Payload/pool.app/RewardListItem_v56_4.ccbi,False,4319,1835,cfb5ea8e,0ccf6871344e995e9482cdacd5b4f3963e7a45e61b32499de138c2d008044bb4,ORIGINAL_APPLICATION,game resource,MEDIUM
Payload/pool.app/kr_promo_text.plist,False,92331,34920,fff0daff,4c3186f441685ce98ba36931883839f0c59f1207196cc097e9a33d19e4dd7087,ORIGINAL_APPLICATION,game resource,MEDIUM
Payload/pool.app/MasteryMissionProgressDropdown.ccbi,False,4201,2053,a6d04b15,d4783d2b95163deb8a9b59fc3c444100d51e9d959113fc5449a14714d7d3c9d3,ORIGINAL_APPLICATION,game resource,MEDIUM
Payload/pool.app/EmojiDefault.ccbi,False,175,150,1113b307,3a52daaacc9657b5d70c5cf8e8636bf7ee87cb3718d1a4719662c6eacd62a171,ORIGINAL_APPLICATION,game resource,MEDIUM
Payload/pool.app/ProgressiveVideoCoinsPrize.ccbi,False,1134,631,25ff52d0,c86357683ebd5580f57833c254cdc67a7fc0ab6e34debaed8d0c65be7997fa34,ORIGINAL_APPLICATION,game resource,MEDIUM
Payload/pool.app/menuNoWebP.plist,False,230,198,3c122e65,e89ecc16b9f956d487536615097fcc7833b84a356168aaab7d0c4b5ce6837082,ORIGINAL_APPLICATION,game resource,MEDIUM
Payload/pool.app/Button-CTA-Gray-hd.png,False,1100,1100,c80455f1,15de0d3ee3d35ebf6e1aaccc79eb5350b1c5d3541cfa28270da9453a6971b13e,ORIGINAL_APPLICATION,game resource,MEDIUM
Payload/pool.app/Silver_Particles.plist,False,11108,5018,b2c99a80,d6e3f7957ebc2e9a28768af6b817b32c8782e262a223f63b359faa31ba49cf7b,ORIGINAL_APPLICATION,game resource,MEDIUM
Payload/pool.app/ps_cm_featureunlock_explosion_1.png,False,1932,1932,75b7ce72,35aca518ad1707cd3210199da83c07e9be2b59b1c4c0cd22f4c13d04ffb52953,ORIGINAL_APPLICATION,game resource,MEDIUM
Payload/pool.app/flag_MC-hd.png,False,420,420,bca01897,9aa00958dabe92f118c3d1da3c8e1cc2d79273bccd535e79bb4faf47a3341b72,ORIGINAL_APPLICATION,game resource,MEDIUM
Payload/pool.app/MenuTierTutorialPopup.ccbi,False,3187,1661,1bbb417e,d608dc6ad0349e418262796a31a5df86a76efa65a5d6f7cd0c4c7accc6535ed3,ORIGINAL_APPLICATION,game resource,MEDIUM
Payload/pool.app/ShopPromo_Gems.png,False,16700,16700,385edfef,10f5e6afc09b36fcfb66d8dca07b2629530e41ec5588b2684ddbd5a0f8791024,ORIGINAL_APPLICATION,game resource,MEDIUM
Payload/pool.app/MultiOptionSubscriptionContent.ccbi,False,3111,1215,7155582d,ac6fda693d14e0dc8a42fba2c009ad97b62a93379ba5ca0a07f9134f5ae5e85f,ORIGINAL_APPLICATION,game resource,MEDIUM
Payload/pool.app/vip-hd.plist,False,950,609,6bb96f65,8e5e460ea78d318141a97bf1c99ea0305902542d8fd2fbf35428c47a44dda6ff,ORIGINAL_APPLICATION,game resource,MEDIUM
Payload/pool.app/sfx_victoryBoxes_box_youGotIn.mp3,False,37592,28339,586690a7,1acd467ae4d44161e8f01f23924065d4b3b76d9c5d989bddcbed6bc77c34dcca,ORIGINAL_APPLICATION,game resource,MEDIUM
Payload/pool.app/Select-Icon-Slot-hd.png,False,524,524,4ac504b3,bea7fabc03a6db2205909878e8b241bab14b5e21675d3eb9b97a751028c428f4,ORIGINAL_APPLICATION,game resource,MEDIUM
Payload/pool.app/ProductListViewDailyRewardsB.ccbi,False,4186,2311,90ce97d9,842c06a1bef7096229b294e2bf9c2d414f6978233ea94af51ed4665a4050a0cd,ORIGINAL_APPLICATION,game resource,MEDIUM
Payload/pool.app/MCFLeaderboardUserBGNode.plist,False,360,265,1e569ade,82cfbbcd6d25b8a85c7a0ca6dd56fa28d933f4e1d8c649e8b4720516e374f4e7,ORIGINAL_APPLICATION,game resource,MEDIUM
Payload/pool.app/flag_ID.png,False,290,290,7b43de45,660daef9476201eda2adb49bf5030f383fcdaf931ff6562994c38f39c77c9966,ORIGINAL_APPLICATION,game resource,MEDIUM
Payload/pool.app/theme8.plist,False,387,314,f450abb8,a94b4e5e7e930d97265d4decd40f74ac2bc27b0e65c6ec34846ae9539d2c9f1e,ORIGINAL_APPLICATION,game resource,MEDIUM
Payload/pool.app/ball5-ipad.png,False,2376,2348,1af9b235,10070df3b71fcb8f3f68bf610038266710b82dc1d2fffba997d805658c0361fd,ORIGINAL_APPLICATION,game resource,MEDIUM
Payload/pool.app/ClubsOverview_Bottom.png,False,2300,2300,653f64b8,a644997cfada6cc3b851d80ec940705b12a12f2d316af98668773c05452d9c02,ORIGINAL_APPLICATION,game resource,MEDIUM
Payload/pool.app/NotEnoughPromoBG-hd.png,False,63798,63696,4ed30c39,d875060231248a81d16473518db9bb7c5fc491c2e4cb2fe1cdc19a97f01c9597,ORIGINAL_APPLICATION,game resource,MEDIUM
Payload/pool.app/SurpriseBoxes_Card-hd.png,False,518,518,3bfde05f,02055e3d2fa8f89fb454e8c79f4b5269e944edd8c7287ee1e695602c49725fab,ORIGINAL_APPLICATION,game resource,MEDIUM
Payload/pool.app/Impact_Particule.png,False,2822,2822,b9baf6b5,5723aba63646ff56055b2b29fd8b007b557382c68edc7dd4dbb5263afd461698,ORIGINAL_APPLICATION,game resource,MEDIUM
Payload/pool.app/InterstitialSystemConfiguration.plist,False,48,48,9a029f03,31d76eb254c97fadf6da44883062b847c3193b605997af5ac1f80823c4204d1e,ORIGINAL_APPLICATION,game resource,MEDIUM
Payload/pool.app/FramedSpriteGenericFrame17.plist,False,210,180,7dea1a9a,51e2b937b416ae9029846b10100d95d7a4d68004f05ae0dde67d495dc6935c78,ORIGINAL_APPLICATION,game resource,MEDIUM
Payload/pool.app/leaderboards-hd.plist,False,6518,2749,88387cd2,00f0c638da430222035865d1fc4da572fa26fe5a212763737656fb32dec92731,ORIGINAL_APPLICATION,game resource,MEDIUM
Payload/pool.app/SlotMilestoneProgressBarWidgetWithPreviousAnim.ccbi,False,937,488,37bcb303,c189e200fb783f7d102e2865c1ea4c66aebe33c97864959fb3f6f9d2c82e4296,ORIGINAL_APPLICATION,game resource,MEDIUM
Payload/pool.app/theme2-hd.plist,False,407,301,07ebb217,10fc5ab9effe8b0c15d3a0e2e9fe6b3479ca24044b0529018326b4cdd8fb10ef,ORIGINAL_APPLICATION,game resource,MEDIUM
Payload/pool.app/ball4-ipad.png,False,2032,2032,391c7ab3,e521ae01a8a792db463cbe311b0e5907320d515fbd57a1cb9b26b66af7bb9b9c,ORIGINAL_APPLICATION,game resource,MEDIUM
Payload/pool.app/icons2-hd.png,False,177452,177127,6a4a8132,8376be6e621986f6d6c19ff181609e17d888be5e9df4be67eb71c41d01bf1e39,ORIGINAL_APPLICATION,game resource,MEDIUM
Payload/pool.app/theme3-hd.plist,False,402,293,734b250f,f320c91b2b6ccb6e5b7d61a4f6dc265c962d33140e477f8aa0e6685fb70ce807,ORIGINAL_APPLICATION,game resource,MEDIUM
Payload/pool.app/flag_IS.png,False,498,498,b1950399,225a497fb5e5013042e1d5457aa06ad22b1d8966aac02c9009767ec96791403e,ORIGINAL_APPLICATION,game resource,MEDIUM
Payload/pool.app/SurpriseBoxes_Card.skel,False,4114,1509,1e5d2082,a4eb239a00f9885a2a434f1f07f15a4d24f9816df194abc814e9986273d878fa,ORIGINAL_APPLICATION,game resource,MEDIUM
Payload/pool.app/localization1_en-hd.plist,False,544,406,96d07393,575d10fbcca563803d9f7609c08b664378d64e09e068c2f54d0dad1417a35c7e,ORIGINAL_APPLICATION,game resource,MEDIUM
Payload/pool.app/ShopPromo_Gems-hd.png,False,41580,41590,f7d143d5,30aebb605014f01154a56ec4879e3978ac42d1bc7861d048699d6cc7deb18b9b,ORIGINAL_APPLICATION,game resource,MEDIUM
Payload/pool.app/ball1000.png,False,524,524,0551248e,d5c7d12b20e0cfecc937311c385dcb95a492454af603d9426408f158c4a75f60,ORIGINAL_APPLICATION,game resource,MEDIUM
Payload/pool.app/CupsPopupHeader.ccbi,False,2171,1213,95557c3c,900af1b5896c669e15f06d26c861d157c30c4aa0081a2725f92f64d88a888ad0,ORIGINAL_APPLICATION,game resource,MEDIUM
Payload/pool.app/DailySpin_Lights.json,False,528883,13922,6ebc3a75,ea8d62d1fdfbaf77ca243d144d914e4ab90ca595ed2a3d1ed77359784bf36e66,ORIGINAL_APPLICATION,game resource,MEDIUM
Payload/pool.app/flag_EG.png,False,380,380,81ce676c,5da806c81f439f35bb124b128198e27b61da8450ed7576442c510550684a1ce2,ORIGINAL_APPLICATION,game resource,MEDIUM
Payload/pool.app/dailyMissions-hd.png,False,1786,1786,3b40d0b4,bef0ac272d553cfed3e265c07cb39f795a540933e641252587de5b79de367fc8,ORIGINAL_APPLICATION,game resource,MEDIUM
Payload/pool.app/8BP-Frame-00-Default-hd.png,False,2838,2838,a2eafe3e,06fa82e917e4b752a23da3cd290585812452ab81690491fc408ddd12d7e730ac,ORIGINAL_APPLICATION,game resource,MEDIUM
Payload/pool.app/GenericActionButton.ccbi,False,1678,996,44ee04ad,7fad1cc0e1aa52ab51a2c6464267ab59a4888c5b7dcae43ccef7eb6d90d20a79,ORIGINAL_APPLICATION,game resource,MEDIUM
Payload/pool.app/Filter-Base-Frame-hd.png,False,548,548,3b675490,8aaf8572557690dd3712e277a3bf827b834ee142d31e19e3aeb2718b32596768,ORIGINAL_APPLICATION,game resource,MEDIUM
Payload/pool.app/flag_FK.png,False,456,456,f3479605,0d0023387173176b705b490807e30181410e6206dbb374defe82e0ea4a19ba1f,ORIGINAL_APPLICATION,game resource,MEDIUM
Payload/pool.app/NotificationReminderPopup.ccbi,False,3802,1675,4a971cf4,9192c58d16784c609cf3a361bf359d62d473b3eb6d2fd3861194a5615af58963,ORIGINAL_APPLICATION,game resource,MEDIUM
Payload/pool.app/flag_FJ.png,False,408,408,a4c4d4a8,e1608a580f147071a2452c32ec65d006e7f99349505ecda0bb2ebfaa539e0fc0,ORIGINAL_APPLICATION,game resource,MEDIUM
Payload/pool.app/MCFLeaderboardUserRankFrame.plist,False,357,262,250f50a5,769f916f27ee8030831177f263d98d812c03105ffbb876d2920a99ef76fc0328,ORIGINAL_APPLICATION,game resource,MEDIUM
Payload/pool.app/Clubs_Icon_Empty-ipad.png,False,4948,4948,766c6590,8c41cff0b35d538e10e0461209a8292782d4a1ef414d04d0be302a38d7dcf912,ORIGINAL_APPLICATION,game resource,MEDIUM
Payload/pool.app/flag_GN.png,False,342,342,0f7f5945,a4e06c6973a7eaac1b2cb7ab3129656c96225157d8aafb58065cd2f3a4891fdc,ORIGINAL_APPLICATION,game resource,MEDIUM
Payload/pool.app/AppIcon60x60@2x.png,False,30136,26974,54621a9b,5d3bad39c77b400a37a0f63ba8f5f0abe3ae9545346b1f49ff0653309c317c40,ORIGINAL_APPLICATION,game resource,MEDIUM
Payload/pool.app/Yellow_Top_Particles.plist,False,1532,829,76a9c7f8,bb583c2336da74da0182b938986262e716769dbf38027b410c9cd71803701d5e,ORIGINAL_APPLICATION,game resource,MEDIUM
Payload/pool.app/FramedSpriteGreenCellFrameDesc.plist,False,206,176,a6da8435,2a542167b64b42e92d174fed948bc4bb135bbf242a6831d73d81b252891aa88b,ORIGINAL_APPLICATION,game resource,MEDIUM
Payload/pool.app/generic.plist,False,17492,7173,c2567b9c,fce8c7136cfd644a1578928ea181523b6bcaa351b17f27c14760eb89a292bd32,ORIGINAL_APPLICATION,game resource,MEDIUM
Payload/pool.app/flag_GY.png,False,516,516,8d80c567,d2a7e5e6c0eec2e2d1439504f749546ef15314b8235ae8b141eeb46f5a18ccee,ORIGINAL_APPLICATION,game resource,MEDIUM
Payload/pool.app/singletableGoldenShot-hd.png,False,51460,51136,e63dc341,8fc5cbddc4380cf071c28fd8bfb8ad217c90ff8b93a5e7484998c421432ef288,ORIGINAL_APPLICATION,game resource,MEDIUM
Payload/pool.app/TopBarUserProfileButton.ccbi,False,1490,865,e8fc97d4,60efad06bf279dc6b3d03a73c781363edc867bff608260e81dbbd8ca3edc9398,ORIGINAL_APPLICATION,game resource,MEDIUM
Payload/pool.app/ClubsOverview_Bottom-hd.png,False,4770,4770,a3500d4f,58f213bf61dba9308b71be7a1d1a998f0f002eb764b47ce289eac994a6edada2,ORIGINAL_APPLICATION,game resource,MEDIUM
Payload/pool.app/HSF_DailyRewardArrow2SelectedFrameDesc.plist,False,150,125,97415395,98d4b8640005fb72b639c7552aec90db9279d28028254053fd8ca87b81a0db10,ORIGINAL_APPLICATION,game resource,MEDIUM
Payload/pool.app/Legendary_Piece_Particles.plist,False,6620,4895,111d95d6,ad666d5301cb391f2384a967b46030e2c36d441b1e0e3765e127a719ab76f351,ORIGINAL_APPLICATION,game resource,MEDIUM
Payload/pool.app/menuModes_Bundled.png,False,12608,12608,468928e9,4a7674959849c1ffe3c0335c19dcd7afa709376628627544d143cc4ddabdd0f1,ORIGINAL_APPLICATION,game resource,MEDIUM
Payload/pool.app/localization1_ru.png,False,20076,20076,2658c024,b0d2c212607c2f3a565ad60f9e777a89fbbcd45e5ee88216aef1b8e57027dce7,ORIGINAL_APPLICATION,game resource,MEDIUM
Payload/pool.app/flag_NE-hd.png,False,640,640,9c797f8f,6909c9314c41dee7788e02ce546f8e4a039971b78f5f6e53bd7a8ed60123f685,ORIGINAL_APPLICATION,game resource,MEDIUM
Payload/pool.app/ball1001.png,False,212,212,d9b2c531,9ff7d9ebbd5dd509ef866d4a5fcd87108f493ff7bd7fa909bc5125bb7197a2e7,ORIGINAL_APPLICATION,game resource,MEDIUM
Payload/pool.app/localization1_en.plist,False,539,400,29266f35,6a23e9e91374f6c753d4fca835d2d49c53f1e97d676efbab224fc1a6840b7d52,ORIGINAL_APPLICATION,game resource,MEDIUM
Payload/pool.app/flag_IR.png,False,432,432,fd183cc9,8669e703d2a8d190e24076af4aaa410ae0f8e7993a2d928e620d5b5dc20d17d2,ORIGINAL_APPLICATION,game resource,MEDIUM
Payload/pool.app/MCFSGiftCenterTabSelected.plist,False,342,261,6856c89d,b7694203d5562e68e302be7fd9c3c58cee1d30c76a64cf3bf647ca0c5e0cbdda,ORIGINAL_APPLICATION,game resource,MEDIUM
Payload/pool.app/flag_KM.png,False,458,458,8dbb4477,1005ca30603a2f16664f60f54d40642e1450c5c135884516f70a1c099d35513a,ORIGINAL_APPLICATION,game resource,MEDIUM
Payload/pool.app/MCFDailyRewardArrow1SelectedFrameDesc.plist,False,377,279,1cc9ef35,c99ded144a1754b7fc39074c7b5cf96b5cc3d29a7a730037077be5eaa9ebffd6,ORIGINAL_APPLICATION,game resource,MEDIUM
Payload/pool.app/spinWheelDaily_bundled-hd.plist,False,2647,1415,68acee42,a4f92903fea6bb90666ca59b033d80c9587a5171b2bdb1ec015d5e13b0669b7f,ORIGINAL_APPLICATION,game resource,MEDIUM
Payload/pool.app/NotificationReminder-hd.plist,False,889,583,e9b834b8,28f69839e571707381f7d9246194f5a46e43721bd1894dad62ed61e8a2423955,ORIGINAL_APPLICATION,game resource,MEDIUM
Payload/pool.app/IDFA_Popup_Glow_Blue.png,False,35796,35721,57415c15,558116550b2f2ca10ea751dc8412a75327598630974af7db85bf62fdb4760260,ORIGINAL_APPLICATION,game resource,MEDIUM
Payload/pool.app/Particule_1.plist,False,1440,749,4c7df80f,26be0ab9b21d51e386fb70931b40a47d01afc8c42e34437da0bda43df2abc315,ORIGINAL_APPLICATION,game resource,MEDIUM
Payload/pool.app/flag_IE.png,False,332,332,349f44bb,2229149cb7a189f9000f4082575abfca9846741092144693e083a7beeb26b247,ORIGINAL_APPLICATION,game resource,MEDIUM
Payload/pool.app/Epic_idle_1.plist,False,6015,4408,e719e318,d45851e04a93b8f30a0d684b127e5116b9dd6422941e2686c2b0b8785d1c9956,ORIGINAL_APPLICATION,game resource,MEDIUM
Payload/pool.app/MCFSGenericFrame13.plist,False,352,257,9cf6d03f,a761db260c55865365825f1aaccac9413ffd50f45d5caf901ab80fc84ce19489,ORIGINAL_APPLICATION,game resource,MEDIUM
Payload/pool.app/MCFCueCardUsingButton.plist,False,327,246,f69a266f,cccda1e2282caf0f6cb6ed7b0f402ab4d6d1373913c1147904b2c13d6c32ec7c,ORIGINAL_APPLICATION,game resource,MEDIUM
Payload/pool.app/flag_KZ.png,False,434,434,2455d96e,053c6ce56d8422c9eb2128e6f9d703d06b94bf1b22e47141f0c5e56adf97d4b3,ORIGINAL_APPLICATION,game resource,MEDIUM
Payload/pool.app/SeasonPassGenericEntryPointButton.ccbi,False,1130,722,5f29175a,3880c34189005058eb432726a30c51facca8d9768617ea33a13de71b04f02f52,ORIGINAL_APPLICATION,game resource,MEDIUM
Payload/pool.app/AvatarFrameRankUp2-hd.png,False,36708,35236,fcf4b5b7,81e52307543e6145a4e99d0cecf5680878813505036dab986724eeeee4050819,ORIGINAL_APPLICATION,game resource,MEDIUM
Payload/pool.app/MCFSMenuFrameDesc.plist,False,329,241,f5404de2,daea1f40b25dc86e18f1379a19681b792ccb1524957b74a1a401134a7b544dc4,ORIGINAL_APPLICATION,game resource,MEDIUM
Payload/pool.app/AccountLoginScreenButtons.ccbi,False,6006,2746,0cf5c146,9a758801fabfda94897c7d5a4b2029d341974332868b51fb0d3ab2bef303e4b7,ORIGINAL_APPLICATION,game resource,MEDIUM
Payload/pool.app/CueCollectionRoadRankBadge.ccbi,False,793,548,14c881f4,e69bc61b96d69c50f3e98c1aef5d1841b07ca961cf625ffde69d114aafb725d9,ORIGINAL_APPLICATION,game resource,MEDIUM
Payload/pool.app/Fireworks_Red.plist,False,1445,763,eff4e7c6,f0f1f76f3c55b3997b48ce241dbf485ba188f9907a4bbf9aa2b101e3419d2937,ORIGINAL_APPLICATION,game resource,MEDIUM
Payload/pool.app/MenuScratcherIntroductionNode.ccbi,False,2354,1364,472fe73f,4590ef5d362166469fe0c76d28225c19e81cd802fd8c4dae4b88368a0ef9d763,ORIGINAL_APPLICATION,game resource,MEDIUM
Payload/pool.app/DailyRewardsTallSlotTransaction.ccbi,False,1121,686,c4cf7aec,64337a84d65b9b0067a98fa801acef823c1e8be3dad621fea297fc6c3840f932,ORIGINAL_APPLICATION,game resource,MEDIUM
Payload/pool.app/Petals_particles_01.plist,False,12405,9229,df526238,7efb655de9dbb1c01f5af53c73f657296048587d00c10f8173d4c13e7d050eb0,ORIGINAL_APPLICATION,game resource,MEDIUM
Payload/pool.app/MenuCushionShotTutorialPopupNodeSettings.ccbi,False,1867,1139,be5c9dc1,c65a7d88e307247a87752a51e9aafbd27ae9b3dbf0bbcebff3f611667d5c0662,ORIGINAL_APPLICATION,game resource,MEDIUM
Payload/pool.app/MenuTabbedPopup.ccbi,False,506,381,212d75a3,2d412baaa6cbcc093a527749efe573b79b412897cd48438637e883810bafb80e,ORIGINAL_APPLICATION,game resource,MEDIUM
Payload/pool.app/localization1_id-hd.png,False,39198,39208,8adcacad,49fc8f9acdcaee2415e92cc1070aac9657c6b807fb676dea1708feebd6b6f608,ORIGINAL_APPLICATION,game resource,MEDIUM
Payload/pool.app/FriendReferral.png,False,3556,3556,439133a6,a1fb2e909b5020ca59dc90de8fc75ccd66dfabbf3ae0fa453ec7b775053014fe,ORIGINAL_APPLICATION,game resource,MEDIUM
Payload/pool.app/flag_LU-hd.png,False,536,536,31a60e41,a5898ded731a10e7971c66d86bd4b3e4ef0ae1664f6c1bdc7de4bdb12dbd8a7c,ORIGINAL_APPLICATION,game resource,MEDIUM
Payload/pool.app/v54_MultiOptionSubscriptionContent_ConfigurablePaymentPeriods.ccbi,False,3354,1268,2744f4d9,9711173bdacdf14a84af9ead64c40c782feda1a2245764eb8e3e8fe1e576c085,ORIGINAL_APPLICATION,game resource,MEDIUM
Payload/pool.app/MCFLeaderboardHeaderGlowNode.plist,False,356,261,776eda92,795d6cefce0cf4c12236411831f97ec895964b10ab229f1f23bda2b8917749ed,ORIGINAL_APPLICATION,game resource,MEDIUM
Payload/pool.app/CollectionBadgeDecorator.ccbi,False,2951,1458,882ede50,c247fd07f496cdb856a1445825e1755e2e5469ca9f01f5a5ed727d6d9ce39fd3,ORIGINAL_APPLICATION,game resource,MEDIUM
Payload/pool.app/Divisor-Line.png,False,98,95,d0bcf82f,d7397f1747ea0ac86ea9d9b2775d63c9d30533ccb156720abe89e53e9aef4330,ORIGINAL_APPLICATION,game resource,MEDIUM
Payload/pool.app/MCFGoldenGameModeFrame.plist,False,327,248,55e9542e,312ee9bb41d4d3bf5f7793cf5b37b961cbb5daef00571dcc2e89f80149431e8e,ORIGINAL_APPLICATION,game resource,MEDIUM
Payload/pool.app/MasteryMission.ccbi,False,1483,642,44859508,eb4c34cde342a4e8114f0aded5e1ea4a94e3e6fc348140c4c33967c4484b550b,ORIGINAL_APPLICATION,game resource,MEDIUM
Payload/pool.app/flag_RO.png,False,340,340,44063477,c17ba46fb9499218ce362d5764aa805a70ae700abea2c99a018358e8e51852b9,ORIGINAL_APPLICATION,game resource,MEDIUM
Payload/pool.app/themeLogos1.png,False,166110,166140,48ac171c,80a6f6087bc24a513fca8aaffce5dbe3a00b88a23eea309de8712ff65655c7ae,ORIGINAL_APPLICATION,game resource,MEDIUM
Payload/pool.app/ProfileTabContent.ccbi,False,389,287,56cb7ad8,f4d9b655c295896f99f37c8eb20d541e0560af8c4348b3454de57947584078bd,ORIGINAL_APPLICATION,game resource,MEDIUM
Payload/pool.app/resourcePacksConfig.json,False,2248,349,a7ce3adc,d0db7e5685a116477a914b67d2633d4b8137c7834e4aef9c43ad2e912f03fc23,ORIGINAL_APPLICATION,game resource,MEDIUM
Payload/pool.app/Card-Legendary-Front.png,False,5374,5374,0c5273e3,efc202552bf38af0995b30f4133152fcb283daf6c03dfaf5950b472bd2a52df2,ORIGINAL_APPLICATION,game resource,MEDIUM
Payload/pool.app/sfx_spinWin.mp3,False,30393,24923,d618e6bb,c9c2d2bedf1a444d74c6b5d767cac69076bad74d990d6d4f417c1d71e7ce270d,ORIGINAL_APPLICATION,game resource,MEDIUM
Payload/pool.app/PP_Prizes_Particles.plist,False,1550,850,ea55258b,67040a07358ff79fe34284f76e4c221f4eb81eaa771c626fcd5afd861f96706c,ORIGINAL_APPLICATION,game resource,MEDIUM
Payload/pool.app/MCFLeagueStarsGoldenFrame.plist,False,353,261,d0b649cf,ea1b7e0960a827390b9d5bd60888f1204867a8124e6b54498cf4008bbe2eab63,ORIGINAL_APPLICATION,game resource,MEDIUM
Payload/pool.app/flag_SK.png,False,430,430,ff47f7b3,d52b800744363d355deabcf747b95d29dd7bf7d7f8ab076feff13ecb7f30b2c6,ORIGINAL_APPLICATION,game resource,MEDIUM
Payload/pool.app/LeaderboardNodeView.ccbi,False,3797,1988,7c2d9ee1,29de3a7651fe5f49d222bacc7b04153ff459669395ec51c3b647128f45f719f9,ORIGINAL_APPLICATION,game resource,MEDIUM
Payload/pool.app/Avatar_Dark-hd.png,False,82,80,9e58f3aa,7e85d87e4e86f2f7f509ba9dfbd16ba5d985e1f7f22085f7bc28776b12ba514a,ORIGINAL_APPLICATION,game resource,MEDIUM
Payload/pool.app/flag_PG.png,False,536,536,7acc246c,942921d3ad9844f3fd3ab671ce1fc2dccd04f57e4a25fbb262be2a7792ba7fd7,ORIGINAL_APPLICATION,game resource,MEDIUM
Payload/pool.app/SubscriptionLockBanner.ccbi,False,503,384,e371f76b,49a3fc936be001fc21c9bdd3e5ef08ecf45d5bca2c89b903d23bb247ae982f44,ORIGINAL_APPLICATION,game resource,MEDIUM
Payload/pool.app/ball1.png,False,650,650,98218eab,74daf46babe781488cd4d6259b1537221f08d2116f0194e6b8af213a88c93b77,ORIGINAL_APPLICATION,game resource,MEDIUM
Payload/pool.app/TemporaryShopInfoPopupHeader_v56_14.ccbi,False,1281,757,a0fcfa04,2bb2a90efdd1efdb2eb8d05480c0bf91a971c189e10875e862b979e3b52bb152,ORIGINAL_APPLICATION,game resource,MEDIUM
Payload/pool.app/MCFSNanoBackground.plist,False,334,246,5a2667cd,bdf47f9449b52837dce9487dcc3035f43147c0b78c00b04c7e38641246f99a5c,ORIGINAL_APPLICATION,game resource,MEDIUM
Payload/pool.app/menuNoWebP.png,False,716,716,c85613fe,95f1ffef933e62f0e81472a409bc6f098a555601beaca3f286a6917f8d55b783,ORIGINAL_APPLICATION,game resource,MEDIUM
Payload/pool.app/SubscriptionPopup.plist,False,1311,760,c4f22aaf,9cfe72f5e32d72f31a4d5ba2e810823265e6c287b8ea6bbfc9621c74bb897487,ORIGINAL_APPLICATION,game resource,MEDIUM
Payload/pool.app/flag_LY-hd.png,False,606,606,32e35477,d4afcf441b2c9490ee594a6fff58f1484f21e618699f124dbc9a3381d45a44b6,ORIGINAL_APPLICATION,game resource,MEDIUM
Payload/pool.app/TemporaryShopTableNode_v56_14.ccbi,False,6561,3244,3f5e83be,9a33801b4e8737c8f01e00fcb90d722f80329984760d96351ea944f96a4a2180,ORIGINAL_APPLICATION,game resource,MEDIUM
Payload/pool.app/es_text.plist,False,1253714,461480,a28b7677,ba16d2b3875eb7dd842c53a1a67e23326e48739b6e863c3f4cebc69b0b5b7349,ORIGINAL_APPLICATION,game resource,MEDIUM
Payload/pool.app/BigBox_Legendary_Inside_Glow.plist,False,6065,4464,3e690bc0,44d9df483571904180c9bd73bedd21d07f118980a208bf81f36ae3280fb9a921,ORIGINAL_APPLICATION,game resource,MEDIUM
Payload/pool.app/GS_header_Rings_Animation.json,False,38247,1444,0b02f922,7a3a39333e42a3c5efa2a2f3a6e2b778dfe415718e0541663c2a1b06fbccfd3a,ORIGINAL_APPLICATION,game resource,MEDIUM
Payload/pool.app/MCFGameModeFrame.plist,False,303,221,65e38762,b7acaaca78abaf48b4c5b3ea423a36d9b9b4d5132232a09594beba915771b84b,ORIGINAL_APPLICATION,game resource,MEDIUM
Payload/pool.app/DailySpin_Wheel.atlas,False,315,188,1224d285,d5543200153c84ed39908d4382f2c362ec9b92bfc271db4cfcc8c74888e0096d,ORIGINAL_APPLICATION,game resource,MEDIUM
Payload/pool.app/White_Top_Particles.plist,False,11102,5024,bdd495af,d7b463ff1e8fa664726721345424fc43f0f94ae355db2878b6daca3f2e7d8bcc,ORIGINAL_APPLICATION,game resource,MEDIUM
Payload/pool.app/ball6-hd.png,False,1184,1184,398b893c,0bbcd418f347b9d52cd04cf4bd6cd5ed1be4489c6e37aae093838abbad3245b2,ORIGINAL_APPLICATION,game resource,MEDIUM
Payload/pool.app/HSF_DailyRewardArrow3FrameDesc.plist,False,146,121,3b8ab6da,a37646a89e8861e4b02a05065f6312ba90490fcba024f737b03c1cda39d56542,ORIGINAL_APPLICATION,game resource,MEDIUM
Payload/pool.app/surpriseBoxes_boxBismuth.png,False,70,63,d082757e,9aeb9eb1f3af8647b600a667ac186115261dc25fafd1f4d3c6c99c4ddf5ad397,ORIGINAL_APPLICATION,game resource,MEDIUM
Payload/pool.app/MenuClubsLevelRequirementPopup.ccbi,False,2408,1420,767657c5,68a833d3bed047eac43616fb1409cb2343d22e43f5acc23445718da72e4c4048,ORIGINAL_APPLICATION,game resource,MEDIUM
Payload/pool.app/iMessenger_background5.png,False,90320,90335,92156d68,2a18ed71d5880c8429d2d3afc9fc25cdf16452bcd02caa8b305f1e74540b82f2,ORIGINAL_APPLICATION,game resource,MEDIUM
Payload/pool.app/PiggyBankCommon-hd.png,False,50434,50444,1b31ee20,c7117f0d978e718e4a2c2f922c54365debb8f5093a46e506256d5fb078413250,ORIGINAL_APPLICATION,game resource,MEDIUM
Payload/pool.app/ClubsOverview_ConnectingLine.atlas,False,203,149,ecd59d35,62b982e32186dcea251439c1fb72c65db85af9ecbfd10936e444dab884fae313,ORIGINAL_APPLICATION,game resource,MEDIUM
Payload/pool.app/SocialShopTabContent.ccbi,False,175,136,d6b384a7,488541868d35a03d89955930ddc75a9c319153ec7f4890828927bbf4d4688a5a,ORIGINAL_APPLICATION,game resource,MEDIUM
Payload/pool.app/GoldenShotCommon-hd.png,False,102672,102683,1d8c84f0,06baf3811fe66312451daf58aca3b41b59b20ed45c5330fb420b0075fef8def3,ORIGINAL_APPLICATION,game resource,MEDIUM
Payload/pool.app/MCFSTierRoundRibbon.plist,False,331,254,65e5143d,abc2e292bbdd14e2899ee80ec6f984be21dc82d6e04bba899cd0b26ab928896d,ORIGINAL_APPLICATION,game resource,MEDIUM
Payload/pool.app/DailySpin_BigFrames_BackThickness.png,False,8388,8267,dcfe2dd3,6d4d9cf28390216221dfb938a36f792a42273df8d649f690ec7e4f37889baa62,ORIGINAL_APPLICATION,game resource,MEDIUM
Payload/pool.app/Rare_Particles.plist,False,6527,4811,3bc18b9d,8ad4b3f22fc2529542941769b72f126436500f97bd971be3bd6ceaa0df87fd6e,ORIGINAL_APPLICATION,game resource,MEDIUM
Payload/pool.app/victoryCards-hd.plist,False,407,313,784c51f9,4eb7bb7052c0f8b0a3e96c7ddfdcd57867a3731099db4e4361a1db255fbb397c,ORIGINAL_APPLICATION,game resource,MEDIUM
Payload/pool.app/SpectatorInfoButton.ccbi,False,1688,989,94c4ef84,dcd761e47231077f6317952ea7dfdca930af0e32a235017fe0e29d62bbab7bb1,ORIGINAL_APPLICATION,game resource,MEDIUM
Payload/pool.app/hi_text.plist,False,1285798,447167,e71846ce,aae52a3dd820ccb31f54ccf43aa2900e27e2bf9cadc83b83de7a87a8c4af7417,ORIGINAL_APPLICATION,game resource,MEDIUM
Payload/pool.app/CueCollectionInfoAvatarFramesPage.ccbi,False,6428,2222,ef26000d,3efc94863af9a31203aec81d64518ea1e634fabe40773a93b152afe990ee8b96,ORIGINAL_APPLICATION,game resource,MEDIUM
Payload/pool.app/gifting-hd.plist,False,911,581,b2c0015e,72ca14aba6d702266a7fc3a3f9bd940f3bf118913b5b1b5e3c93867aff834d34,ORIGINAL_APPLICATION,game resource,MEDIUM
Payload/pool.app/MCFSpinPrizeBar.plist,False,362,261,72204285,7a17b1723460a3c1e669b20cc9196c562728bfce457a29963864b4b1a345ffb4,ORIGINAL_APPLICATION,game resource,MEDIUM
Payload/pool.app/Rare_Piece_Particles.plist,False,6577,4854,0a7b8f10,e8578a5efe0a0de9b89f11d2d62930bcec0caff935765cc4bf17855a2c44dc86,ORIGINAL_APPLICATION,game resource,MEDIUM
Payload/pool.app/sfx_reward_bar_progression.mp3,False,18976,14376,cf055ee9,047e31db141d38780ca405eca7133cb904de8f975ce6536741a7a809365aab85,ORIGINAL_APPLICATION,game resource,MEDIUM
Payload/pool.app/MenuTabbedFriendsView_TWF.ccbi,False,5718,2725,ca51de5d,91efee8d5f81ee4e9ae5e1afaa4a64af6c5c6c545afbc2a2149e168c272e171c,ORIGINAL_APPLICATION,game resource,MEDIUM
Payload/pool.app/flag_ID-hd.png,False,418,418,cdfe6a57,49c3edb1b5763347c6adfc1e0aa0fac199e534a8d935199b2e969ae77bad0f2c,ORIGINAL_APPLICATION,game resource,MEDIUM
Payload/pool.app/40073_productIcon.png,False,4954,4954,12870774,cfb91f6bc03854b4c7af3212fb989b3361e83e863935a23668f5666594d3c1b8,ORIGINAL_APPLICATION,game resource,MEDIUM
Payload/pool.app/flag_MW-hd.png,False,684,684,83e4f2d1,fba65a4cf8d29b9331d2a800c0f3208a1c9b6fbf75cbc011bd6b7a52f4a9aa35,ORIGINAL_APPLICATION,game resource,MEDIUM
Payload/pool.app/ShopPromo_7_Cash.ccbi,False,12758,2866,80d1f00a,bd800f066eab01d97206ec0a5ff7c968c95bf7e08fb86218eaa4266b8937a557,ORIGINAL_APPLICATION,game resource,MEDIUM
Payload/pool.app/MenuGoldenShotPreGameToastPopup.ccbi,False,705,494,14178164,4bc47bcd9d407d3ac6ce7d2724778e096bb29bd2570e308c043f6bd13ae8ce00,ORIGINAL_APPLICATION,game resource,MEDIUM
Payload/pool.app/victoryCards-hd.png,False,7846,7003,68e65a48,a1fdf215e5aaf13803addffab6c25d0f7ed8e2c5fe2aee76d5201ecefbde6d2b,ORIGINAL_APPLICATION,game resource,MEDIUM
Payload/pool.app/AvatarNewSquared.ccbi,False,419,319,1e65c01a,7bafc3056c5bb2946c5983e4e31d848b4042712f31cfe2ae9480cf3f8fce643b,ORIGINAL_APPLICATION,game resource,MEDIUM
Payload/pool.app/gifting.png,False,17256,17256,103f6e3a,ff0064b5f6d8948a886ed848f0a4e94d9df0bf7b9f5655fe7ebfd20075dee453,ORIGINAL_APPLICATION,game resource,MEDIUM
Payload/pool.app/flag_NI-hd.png,False,642,642,b4de44e5,b92ba48dedfd413eabad0a594b7e6bff673bad05205e56f46798028e81fd3af1,ORIGINAL_APPLICATION,game resource,MEDIUM
Payload/pool.app/hud2.plist,False,1055,528,a86b663a,c946d33ccbffe788ebad3747d95b020846a7bcd89fb466c548894b995cac33e0,ORIGINAL_APPLICATION,game resource,MEDIUM
Payload/pool.app/CoinsDefault.ccbi,False,716,298,acc09ecf,a3c33d0ff2e627360e22365ad5506ae149a8f05c9c397d4f5841b707246e3d77,ORIGINAL_APPLICATION,game resource,MEDIUM
Payload/pool.app/Champion_Medal_1.png,False,8658,8658,cb9c9072,dc7cf8a657640c83a3e7b28688509193899e21ed7b90beba4ffcde7afa56dbe8,ORIGINAL_APPLICATION,game resource,MEDIUM
Payload/pool.app/androidHud-ipadhd.png,False,6392,6392,193ab724,1bcfb6e7187cf2930cd44b0c00860693a757bf3b754228333e506d80be1c30c8,ORIGINAL_APPLICATION,game resource,MEDIUM
Payload/pool.app/sfx_victoryBoxes_box_closeAndOpen.mp3,False,26769,11253,5a0870ef,1c4be05904cfcbcfabacf799dba470f50485ee7ff25ba9c8c49c4b56b6380b33,ORIGINAL_APPLICATION,game resource,MEDIUM
Payload/pool.app/MCFButton_With_Frame_And_Price.plist,False,341,256,df87ccb6,2ca686c96e111d842a2b5d82d484287ee62a3f19e0cc73b7526b546109e99fab,ORIGINAL_APPLICATION,game resource,MEDIUM
Payload/pool.app/ShopPromo_Cards_LayoutV2.png,False,33836,33841,d73abc10,9800b9738f04c3d95350ecd80350550e54cba56b24c753a73fd02228d5f63c30,ORIGINAL_APPLICATION,game resource,MEDIUM
Payload/pool.app/ProfileCollectionCellNodeView.ccbi,False,945,563,8514da05,0324cdf443c74619f1930e49f111bfc6960350baea45e16403ec45dfb3455eba,ORIGINAL_APPLICATION,game resource,MEDIUM
Payload/pool.app/flag_PA-hd.png,False,720,720,5e0795dc,e1c73bd043236ab4b6c3aa1ed9051e6a6ab75bd73146485d6d4b22a25a475e51,ORIGINAL_APPLICATION,game resource,MEDIUM
Payload/pool.app/Champion_Medal_3.png,False,8614,8614,5f37f2ce,623b11921a45a9cb7ea3b0a9118539d3dddb441e0cccf1d1ddf0620272ce4397,ORIGINAL_APPLICATION,game resource,MEDIUM
Payload/pool.app/LockedSlotStateViewNode.ccbi,False,3057,1439,caf2471d,0f30c57beab40c3645b66dd779546cc8e29df1a6ed99d90799801d3275fdee6b,ORIGINAL_APPLICATION,game resource,MEDIUM
Payload/pool.app/Particle_Card_idle.plist,False,11140,5049,607925fa,412cf0dadd7cae48e7b3e1d6669cc92f3d39e4576118a8c9734b46c61deeba9d,ORIGINAL_APPLICATION,game resource,MEDIUM
Payload/pool.app/flag_TR-hd.png,False,734,734,f374c9e0,5a27e18995a992e2a9643748de2aa03a3892b00ac921b5e19184fe44b9644397,ORIGINAL_APPLICATION,game resource,MEDIUM
Payload/pool.app/TemporaryShopEntryPoint.png,False,6590,6590,389f5b49,5b519ee2007f9ea6200805b423a6b4ae0d76d3a7798509ad1938ac5b8caa81b0,ORIGINAL_APPLICATION,game resource,MEDIUM
Payload/pool.app/CreatorMode.plist,False,909,608,78563717,550cef41d9219627eeb51667a61f8bb7a4b3ac4f034f5e85c905cbb81f75c29c,ORIGINAL_APPLICATION,game resource,MEDIUM
Payload/pool.app/SpectateBrowser-hd.plist,False,296,251,7495eeb7,37950de41b78b285be4e0c75c5e7aa02e3580d48796ef7f981eb35556e4860f4,ORIGINAL_APPLICATION,game resource,MEDIUM
Payload/pool.app/sfx_cue_collision_weak.mp3,False,7149,2089,d6c7d2b8,670f2a1fc17cd9aa674594c950058656cf057d05d344a1701f7acda8b004bea6,ORIGINAL_APPLICATION,game resource,MEDIUM
Payload/pool.app/MCFSpinCellFrame.plist,False,363,259,dff1f135,442f4838b0a407e3ef4fd18fc3c53b229786e07eb37f8db5e270e5f686de840c,ORIGINAL_APPLICATION,game resource,MEDIUM
Payload/pool.app/flag_CN-hd.png,False,672,672,4241adfc,e5bcc339eb8ee8c1bcc528336ea926dc24f665f0bac10b9f2d240aca7209a136,ORIGINAL_APPLICATION,game resource,MEDIUM
Payload/pool.app/ball6-ipadhd.png,False,4472,3779,d24cf3f1,27baa1537013b2a464b5f842cdd649fc4d52280e54dbd3835e6b1c8d1de8479f,ORIGINAL_APPLICATION,game resource,MEDIUM
Payload/pool.app/Shop-FreeRewards-Cell-Blue.plist,False,297,229,34e8742d,26806b84946fd5f239c9fe4eb1e25d7100ca380339d48561952c7196abf23b4f,ORIGINAL_APPLICATION,game resource,MEDIUM
Payload/pool.app/hud2-ipad.plist,False,1095,544,c31cdb85,863dd908b6042516c6c7ac0770e7949a24ef32930399dd7a0e8f7f454f1ef5bf,ORIGINAL_APPLICATION,game resource,MEDIUM
Payload/pool.app/BigBox_Rare_Inside_Glow.png,False,500,500,348852a3,02788ed70c6763baef169b635edac5728d21bd5736f0dff0fb36646326cdadcc,ORIGINAL_APPLICATION,game resource,MEDIUM
Payload/pool.app/AvatarRankUpEventExplosion.png,False,1594,1594,9c1f84bb,bf22498151b1477b3172923bab03fc346439c879d6a281aa6a2d3bd3366fe267,ORIGINAL_APPLICATION,game resource,MEDIUM
Payload/pool.app/BG_Particles_2.plist,False,6559,4839,b541a976,3145aa0d5ee3cbe812eac3de7caab55563d87656b2d21de86ee90d48b1948065,ORIGINAL_APPLICATION,game resource,MEDIUM
Payload/pool.app/ClubRequestToJoinBubble.ccbi,False,2419,1311,898abe9f,c62b326e5609581c2172025c828dee7f06b29e59aac40174c447f654a4e36955,ORIGINAL_APPLICATION,game resource,MEDIUM
Payload/pool.app/theme8-hd.plist,False,390,317,79e93624,d3f7ec4595f0e8d59072bfe789ff84ce62ef447b66326d388485e1b84a40178c,ORIGINAL_APPLICATION,game resource,MEDIUM
Payload/pool.app/ClockIcon.png,False,654,654,6f098ffc,4e903e67743b408a664530dc2e0350e6c5dfe5f476d5331b4b25f752cc3824f0,ORIGINAL_APPLICATION,game resource,MEDIUM
Payload/pool.app/MenuSelectorButton.ccbi,False,2544,1346,40a388e8,9df564e47004b8f19d4a161f7dcd4131c8166339600870e387ca9fa4e26b7af0,ORIGINAL_APPLICATION,game resource,MEDIUM
Payload/pool.app/GD_Promo_Particle_BG.png,False,422,422,aa6f823b,6e658d203f0adff9f9a033345c996e24f19591987f7574ba2a25a14814722089,ORIGINAL_APPLICATION,game resource,MEDIUM
Payload/pool.app/sfx_WinStreak_lossCross.mp3,False,17247,7528,e0970f4c,9562f1bc1a5e26c296240758b993b9db80030e8fb35a581357b02437abb14406,ORIGINAL_APPLICATION,game resource,MEDIUM
Payload/pool.app/MCFLeaderboardHeaderFrameNode.plist,False,355,257,cc742a91,221a9201ed5503b2f953ab96375fd08ec0f9ff2983f1ea0f9848807385638511,ORIGINAL_APPLICATION,game resource,MEDIUM
Payload/pool.app/GoldenShotMismatch.ccbi,False,1969,1169,e70c46c7,18cc7f20ff863242cfeb103b02b0feb06a97d980141579e80b5dda74bddf7b4e,ORIGINAL_APPLICATION,game resource,MEDIUM
Payload/pool.app/PiggyBankCommon.plist,False,803,548,16e9c130,a0cb4698d465677ff75d90c1bdc8ea8385e7f6b20574618276ed1aa8a4d01f6e,ORIGINAL_APPLICATION,game resource,MEDIUM
Payload/pool.app/GS_1_circle.plist,False,1550,868,31139414,d767b2c64525a8ec7243161e75d1ea65443d8c4ebebbc37793c50299c9b56eed,ORIGINAL_APPLICATION,game resource,MEDIUM
Payload/pool.app/Shop-FreeRewards-Cell-Green.plist,False,298,229,41b0094c,4fc203d272f13b777df72db152864717fea2be1612ec0280a9356783a88f15ad,ORIGINAL_APPLICATION,game resource,MEDIUM
Payload/pool.app/MenuCueUpgradeFullscreen.ccbi,False,2243,1280,c385a0f1,29babafb6a58c71f6eedde8eb4b734f3260145515750c0c864caff463ca7c004,ORIGINAL_APPLICATION,game resource,MEDIUM
Payload/pool.app/ShopPromo_4_Boxes.ccbi,False,12469,3187,33f7042a,fecc9befd19824a5bac6c52a607ffda8c5839b2efcc593b82aa46536d50c275f,ORIGINAL_APPLICATION,game resource,MEDIUM
Payload/pool.app/CueCollectionAvatarRankupFooterWidget.ccbi,False,2794,1317,c070eaf1,e6d06428148252aafc7f0d5b4f6c00b2cc043d53082e840f0add8febaa3319f1,ORIGINAL_APPLICATION,game resource,MEDIUM
Payload/pool.app/Spin_Sparkles_Particles.plist,False,7332,5416,6d7d0516,d0ea8453f2b3aa2feffa229a16c673236b252c6f4b73e527081843a7ab562fde,ORIGINAL_APPLICATION,game resource,MEDIUM
Payload/pool.app/MCFSShopInnerCell.plist,False,327,249,5be1fd73,89847ba3a956e71fad17106a2233c0dfda5f10490659a79ae864d015e672fc3b,ORIGINAL_APPLICATION,game resource,MEDIUM
Payload/pool.app/Purple_Particles.plist,False,1561,845,c7e274ef,c3b2bc6bf2f58d3e366e3473499c3597207ac000b4af9be69cf2af5608273ce3,ORIGINAL_APPLICATION,game resource,MEDIUM
Payload/pool.app/TrophyRoadRightBar.ccbi,False,1294,626,0e9af530,aea1a879efb3fa0aed73c49dbca1ab9f5024be1683d93d3a027c4829aa2c7ce8,ORIGINAL_APPLICATION,game resource,MEDIUM
Payload/pool.app/SurpriseBoxesMenuNodeSmallTitle.ccbi,False,2471,1262,4312cf08,7a6829390ef67c01d513f33dc7baae87dcf1459e4272c013832ce2f33a5b4a14,ORIGINAL_APPLICATION,game resource,MEDIUM
Payload/pool.app/flag_QA.png,False,332,332,a57a9a52,0b27b20079aa9fb41359a716d3b74ad9761d778419da31cb847fed93e71b5bc1,ORIGINAL_APPLICATION,game resource,MEDIUM
Payload/pool.app/MCFMatchScreenPlayerCoinsFrameFromHSF.plist,False,331,256,6895af51,3dc81b4868dab1c45016a1e61491d9b3380a5265bceb5b40ecaee456aa1e8081,ORIGINAL_APPLICATION,game resource,MEDIUM
Payload/pool.app/MCFSGenericFrame11.plist,False,330,242,2823d15c,22a73ec0d428317a0051e8495b1d615f3082cbcf3eb68271e621251d06c0c3e9,ORIGINAL_APPLICATION,game resource,MEDIUM
Payload/pool.app/ball3.png,False,738,738,d2f959d6,0ff4633086fbf21e165f79a2c2fe54c56289a5a7e23a96b4c04b1237da793739,ORIGINAL_APPLICATION,game resource,MEDIUM
Payload/pool.app/ps_cm_badge_header_idle_2.plist,False,10802,8037,7d2bf495,82df8b02925b9411fabebb50d4d9b7e36e65fcddc9a1472422c88f5f6ad402e0,ORIGINAL_APPLICATION,game resource,MEDIUM
Payload/pool.app/MCFButtonFacebookFrameFromHSF.plist,False,341,258,345110f0,45aff38bcfc831a81cad8fd6c1c75e8e2a6c48071f43fbb079aa34e96e2dd369,ORIGINAL_APPLICATION,game resource,MEDIUM
Payload/pool.app/flag_PE.png,False,318,318,5cad672a,aa5ebf17ffbf948f477ac1db9f37037da064b551a6de96312db6b1d40c6bb701,ORIGINAL_APPLICATION,game resource,MEDIUM
Payload/pool.app/CueMasteryUnlockView.ccbi,False,3859,2147,92a478ff,17c65fbf1e15170f0d9140aac8e5ebcdde8fd2f3094108525d288b02372d6bae,ORIGINAL_APPLICATION,game resource,MEDIUM
Payload/pool.app/ReportPlayerPopupView_WithAlreadyReported.ccbi,False,4292,2113,6a556428,f38137b5515306ef89009f3d7062cb652e7e9d3d61639e4180514a71a1ba835f,ORIGINAL_APPLICATION,game resource,MEDIUM
Payload/pool.app/DailySpin_Wheel-hd.png,False,10346,10346,b4d73306,287ed0d930d0e72b9da54e8e223734430c4744ef71c0b2e5312e6045600e5c65,ORIGINAL_APPLICATION,game resource,MEDIUM
Payload/pool.app/MCFTierRulesRibbon.plist,False,331,257,807aca19,3523d34a62c47f5f8629b86ad5287f8225b4949f24b3d999c913f84e7e6f4112,ORIGINAL_APPLICATION,game resource,MEDIUM
Payload/pool.app/themeLogos3.png,False,38514,38524,fd926e09,2caecd078eb3503b030d5be4c1074f395931db26be526c2018a3ad3c532942ee,ORIGINAL_APPLICATION,game resource,MEDIUM
Payload/pool.app/flag_SI.png,False,392,392,6ea639cb,59d5103c59147f0f41034fc5f0b02d343ab71d78a646de2d5234a7b4dfc115b4,ORIGINAL_APPLICATION,game resource,MEDIUM
Payload/pool.app/flag_PR.png,False,478,478,f4fbe2ed,ca72fa66d805b93a7c09e934f8ba1c6ff0a5812bd218492640d1664e69909995,ORIGINAL_APPLICATION,game resource,MEDIUM
Payload/pool.app/ShopPromo_Button-hd.plist,False,920,573,8a3e1557,5b698a7a78bb921a0f0ff466c001cb596806b3c154c352d9114529dc1e063dfd,ORIGINAL_APPLICATION,game resource,MEDIUM
Payload/pool.app/localization1_tr-hd.png,False,35248,35258,9082e315,6c841eb108a351591c0b4f03c47972f447f8463e9704474d48d3c59a3a6498a7,ORIGINAL_APPLICATION,game resource,MEDIUM
Payload/pool.app/Shop-FreeRewards-Cell-Gray.png,False,758,758,0be2f89f,41b93b1751dd0d087f40725dd80d5cb4ff52bdb730644be77e5fba63b7d6d730,ORIGINAL_APPLICATION,game resource,MEDIUM
Payload/pool.app/MCFMiniGamesTabs.plist,False,328,247,242c54a8,d9627ecec508e4a75776d05d463eee33147a65b11ce5b2995d5cdf5db42346ca,ORIGINAL_APPLICATION,game resource,MEDIUM
Payload/pool.app/DailyMissionsPopup.ccbi,False,1317,729,3ff76027,f6f9cf004142f06e945b8ca531063be25106ea4c880a842b682894b6309faacd,ORIGINAL_APPLICATION,game resource,MEDIUM
Payload/pool.app/flag_VN-hd.png,False,718,718,f461d8cd,4a0530b63e6cb719d8d165505eabdde4bd92c1828837ae5f57c7e76579122709,ORIGINAL_APPLICATION,game resource,MEDIUM
Payload/pool.app/Particle_XP_Bar.plist,False,11147,5051,33840045,a318d57299cb731eff75f8c8c637cc903e06de06dfcf63477f606aaac5054289,ORIGINAL_APPLICATION,game resource,MEDIUM
Payload/pool.app/Card-Basic-Back.png,False,3202,3202,ed52098f,666ed35e1527b10d37048f347550101710e1b248f70bab6201435b2b51467b18,ORIGINAL_APPLICATION,game resource,MEDIUM
Payload/pool.app/localization1_fr.png,False,16116,16116,93b5b233,ad5655cef5dd3d433a9517acc3904d14b06583591335dd6e03b6cc659da9371e,ORIGINAL_APPLICATION,game resource,MEDIUM
Payload/pool.app/Rare_Glow_Particles.png,False,556,556,e986073d,01a48de9f9e82cc5f6784d22eea6039248f2181b3afe42587822ffddb6715153,ORIGINAL_APPLICATION,game resource,MEDIUM
Payload/pool.app/flag_AR-hd.png,False,558,558,924acc32,871f3fd8e4e92163272de52522e29ab4eb6cb4fa57a75d87376f348374fcd595,ORIGINAL_APPLICATION,game resource,MEDIUM
Payload/pool.app/DailyStreak.png,False,3494,3494,8a1aa70a,a7442c34384b965e2f582183578a17099ba3b78032ae23e49837e1eea2340fa8,ORIGINAL_APPLICATION,game resource,MEDIUM
Payload/pool.app/MCFSTrophyBarFullFrame.plist,False,360,266,16c6da51,8988f7975a368c7cb781b73f7239a512012c4a7b413207253f312b709c856fb8,ORIGINAL_APPLICATION,game resource,MEDIUM
Payload/pool.app/ps_cm_featureunlock_explosion_2.png,False,1932,1932,75b7ce72,35aca518ad1707cd3210199da83c07e9be2b59b1c4c0cd22f4c13d04ffb52953,ORIGINAL_APPLICATION,game resource,MEDIUM
Payload/pool.app/CueMasteryEquipCueInfoContent.ccbi,False,419,323,34dccefb,f85640095bfd5da8ae38772611993232bed2fd76158e310920cfa9a85dfb6bb4,ORIGINAL_APPLICATION,game resource,MEDIUM
Payload/pool.app/flag_GQ-hd.png,False,726,726,4b2a5bce,ef9775dec5df171e44a17c8c165b76a1c8b6241453f6ca5477c13880afd6bd78,ORIGINAL_APPLICATION,game resource,MEDIUM
Payload/pool.app/singletableLondon-hd.plist,False,231,196,1fba7ab3,6ac662e60496c95cdc8a0a45ef68c72b5595f8538e843c7d2fd46a0702e3c38b,ORIGINAL_APPLICATION,game resource,MEDIUM
Payload/pool.app/CueMastery-hd.plist,False,3714,1730,fd23f211,051e1fab420d342c1b28fad4f13d8f8dc257704bd12ed60f00d9b5df4aace9f7,ORIGINAL_APPLICATION,game resource,MEDIUM
Payload/pool.app/flag_PM-hd.png,False,1430,1430,ff040dbf,3efb4f9f224f63007d37b92b051050662a4946b6c991080882fe0f0948749ec0,ORIGINAL_APPLICATION,game resource,MEDIUM
Payload/pool.app/CueCollectionDisplay.ccbi,False,15101,6783,db20453e,0fa6bad01c9b9c177f41e11c781a0e910573136bf0d23173c97ea766b77edcb1,ORIGINAL_APPLICATION,game resource,MEDIUM
Payload/pool.app/ProLounge-hd.plist,False,359,304,0a583e47,88b21e8f0e173b5cd0e88f05eb9cda86da32eb244d331c9e33084e08240888ec,ORIGINAL_APPLICATION,game resource,MEDIUM
Payload/pool.app/MainMenu_Slot.atlas,False,1311,331,b0cf4c1d,70d7483c4cb93b2da236932f5881bd2553c17a07682acbec20d8e7d5f584281e,ORIGINAL_APPLICATION,game resource,MEDIUM
Payload/pool.app/flag_HT.png,False,318,318,d40daa94,954aea982b3d784c649a09a855005bf08d9540fa46670c61d7df7e9bd714d1e3,ORIGINAL_APPLICATION,game resource,MEDIUM
Payload/pool.app/Main_Menu_BG_MMR-hd.png,False,66186,66201,47c82e93,b4ab1ac1c82c5187bcc7a0fafda5bdd1525dc701499055bc7da01294e86e21b7,ORIGINAL_APPLICATION,game resource,MEDIUM
Payload/pool.app/flag_DO-hd.png,False,774,774,31de8ebf,92b777b85f1526b155469c23b25b6cc6397220a6812c2755c108ba9d055849a2,ORIGINAL_APPLICATION,game resource,MEDIUM
Payload/pool.app/FramedSpriteTextboxFrameDesc.plist,False,209,179,e437355e,ca15cdf13ebf19d219fa5b86b524feaf373dfcefe8086c8f7f22225d3a8b2520,ORIGINAL_APPLICATION,game resource,MEDIUM
Payload/pool.app/Shop-FreeRewards-Cell-Green.png,False,974,974,d2dd2339,5dc63670167812a6a59d678193136fb7fb2e583c36fc033eb5c60020c66a6dd2,ORIGINAL_APPLICATION,game resource,MEDIUM
Payload/pool.app/sfx_lose.mp3,False,28828,21687,aa5ea749,a4a8e0055c3aa1cefef1156012c1421e1e93d7125c1224e7a0f922a54ad915c2,ORIGINAL_APPLICATION,game resource,MEDIUM
Payload/pool.app/MCFSChatWhiteFrame.plist,False,330,252,2b0aa325,077c1ca020685b7525fe087557e40cb5aa7f432b2a9dc5685024eae834f756f3,ORIGINAL_APPLICATION,game resource,MEDIUM
Payload/pool.app/ClubsOverview_TopShine.atlas,False,199,149,7cb1b115,4c2a531a09941d662805a3c86fa2a68f4c64b87c26586f4f79e2fb53832a8417,ORIGINAL_APPLICATION,game resource,MEDIUM
Payload/pool.app/themeLogos1-hd.plist,False,1740,1019,1598f4d3,c7b0fbbcade1a8d20dd780722cf8e36097ff3ce0a92ba216131dd2858dd50aeb,ORIGINAL_APPLICATION,game resource,MEDIUM
Payload/pool.app/flag_ES.png,False,325,325,3a9fc883,fe88e7f305adcc0f40e17c596370f6a811b779f9ab6c90f09fbca90c7903909e,ORIGINAL_APPLICATION,game resource,MEDIUM
Payload/pool.app/MCFGiftCenterFrame.plist,False,331,244,96eba6f0,21d78bc5c5ca324ada6ceebf5080f97b9a82bc259445304cd8d287f9213ccef3,ORIGINAL_APPLICATION,game resource,MEDIUM
Payload/pool.app/ProLoungeShopUpsellNode_v56_14.ccbi,False,5518,2586,51358cd5,356b83e3967a6e2f52c40c39be646bf70c864de250dd7f1bc0524f196e9f0158,ORIGINAL_APPLICATION,game resource,MEDIUM
Payload/pool.app/sfx_victoryBoxes_menu_unlockPopupOut.mp3,False,13178,7190,851eadf1,b081780339b5758201862bc9744e476817273126bde68cb58c692d9daff6fe62,ORIGINAL_APPLICATION,game resource,MEDIUM
Payload/pool.app/flag_GL.png,False,452,452,b1c04315,c4c9f0ecd4acfa8c2177e8ac54ee11eddadeba0d2f8a16188a4c1067112042ff,ORIGINAL_APPLICATION,game resource,MEDIUM
Payload/pool.app/tutorial-hd.plist,False,964,601,f75b8817,fafe49ca85dbd4edc5ea9505c27588e84251bb9028129cf4da2a7d847d777993,ORIGINAL_APPLICATION,game resource,MEDIUM
Payload/pool.app/DailyRewards.png,False,49980,49986,a52ebbd0,8c7ec30e19c950ad03f34014ecdddbd2c35aa53f2b045185e169eae8e9bf2f83,ORIGINAL_APPLICATION,game resource,MEDIUM
Payload/pool.app/Card-Legendary-Back-hd.png,False,14578,14578,cf182b2f,9e1b81089082b5775edf34fc6fe8eec6f678a2ada62573168ac425ce55398d1e,ORIGINAL_APPLICATION,game resource,MEDIUM
Payload/pool.app/flag_GM.png,False,376,376,3519ebf5,80eb6d2076370c4917ddf0ab93b7a3071fb842274481de18922fc47d8e08378a,ORIGINAL_APPLICATION,game resource,MEDIUM
Payload/pool.app/v54_SubscriptionInfoCard_ConfigurablePaymentPeriods.ccbi,False,8781,3545,d4054acf,25b4b2e502f43ac5423586ddc0d9cbcb0993d69ef9db7306179f3296da839349,ORIGINAL_APPLICATION,game resource,MEDIUM
Payload/pool.app/flag_FI.png,False,416,416,fe618856,854073182baca39548e6b658cb8c73769c8636b3889cc564011e36cdc3331c5e,ORIGINAL_APPLICATION,game resource,MEDIUM
Payload/pool.app/flag_ER.png,False,456,456,a9294f4e,b5aaf38d514695406d9b0e1b3c239cb79cf999f7c23dc1bbea09773384d4176e,ORIGINAL_APPLICATION,game resource,MEDIUM
Payload/pool.app/Epic_Piece_Particles.plist,False,6621,4895,8e315a41,3288afeac3d2edf47b8397eebefa7c2a36227b00287f1dd3e811c463d9d69101,ORIGINAL_APPLICATION,game resource,MEDIUM
Payload/pool.app/Particle_Big_Glow.png,False,17610,17610,c49bb054,03dd07ca76bbdf1079fae7e057c83afae9ef579670d37f88c75cc31037e3e6d8,ORIGINAL_APPLICATION,game resource,MEDIUM
Payload/pool.app/MCFButtonVIPGoldFrame.plist,False,304,226,3823b039,7ddf5b516cc4a90a3209eaba5c53f859675f5a9047ba9a73089c302b63be6a46,ORIGINAL_APPLICATION,game resource,MEDIUM
Payload/pool.app/flag_RE-hd.png,False,558,558,d68d2d85,7e9c02d8adfe6e45c533b8dbb4d6f3b941cae695888515b98e389298b92de704,ORIGINAL_APPLICATION,game resource,MEDIUM
Payload/pool.app/MenuVictoryBoxDetailsView.ccbi,False,7819,3268,eaac4cf5,b9da0faeb598f6ec65eec5830cf454794f4603a37e20e67322a43d878751e970,ORIGINAL_APPLICATION,game resource,MEDIUM
Payload/pool.app/SurpriseBoxes_Card.png,False,298,298,15541cb4,9518aae5ca38da3ec4838beefdb8a16995fe5e26955e9dba5c5e7adc7bc1accb,ORIGINAL_APPLICATION,game resource,MEDIUM
Payload/pool.app/flag_EE.png,False,310,310,922fc419,b915e99514efabe0b92b7036bca5ae3c10ce7919bc53e5cd309dc53a7fd19ac4,ORIGINAL_APPLICATION,game resource,MEDIUM
Payload/pool.app/surpriseBoxes_boxBismuth-hd.png,False,75,70,556a63ec,28077a2bdb35e5e0ec71ae34ed563650743419427ea56cf8ebbc7831798225fa,ORIGINAL_APPLICATION,game resource,MEDIUM
Payload/pool.app/sfx_LAchampionship_potFillWithSomeCoins.mp3,False,65449,43624,e46a8760,c3d5d56c316a66e35f5be0f03debbf3af1792544a0954146b554506521703ecb,ORIGINAL_APPLICATION,game resource,MEDIUM
Payload/pool.app/flag_BT-hd.png,False,960,960,c49d6d22,62d2d96c01c58dad33609ea777f9ba8956e15f8bae0de132317efd09bb62fcd4,ORIGINAL_APPLICATION,game resource,MEDIUM
Payload/pool.app/flag_HU.png,False,355,355,991664fd,e285309fe67630af2607d50547be7828cd5d744943c612bacf6cec668756ac82,ORIGINAL_APPLICATION,game resource,MEDIUM
Payload/pool.app/flag_KN.png,False,542,542,ef58a181,90ac7db5710976d506fcc80c239432d471c103e68128bb3f6039eeba4f77ad89,ORIGINAL_APPLICATION,game resource,MEDIUM
Payload/pool.app/Main_Menu_Top_Bar_Bottom_Line.png,False,131,130,8a0cecaf,372604d2f180d060a4f4ec0b894d45061fd50e920d6cf6ff9e12ef68ab1cd240,ORIGINAL_APPLICATION,game resource,MEDIUM
Payload/pool.app/MCFLeagueStarsFrameSelected.plist,False,355,261,9626cbb3,92dad4b2d94439d1aee86269cd44a5c8a320b1930f4fb5ad9041b18788dea8e0,ORIGINAL_APPLICATION,game resource,MEDIUM
Payload/pool.app/Card-Epic-Front.png,False,4428,4428,c40c707b,ce6be5c5c56eaba741ca4f4edf15ff719aeddcfc989f97862e107cbad606b604,ORIGINAL_APPLICATION,game resource,MEDIUM
Payload/pool.app/39409_productIcon-hd.png,False,13866,13866,b7d12f1c,c2da179d2f536b73c741c5f01d8d7c4d15553ab99f8ca53adef5ddef85dc1785,ORIGINAL_APPLICATION,game resource,MEDIUM
Payload/pool.app/flag_IQ.png,False,388,388,a56caac9,28ffc29a82c5dd48e9121feae89c71421ad659e65b36816a2afed718c43fed38,ORIGINAL_APPLICATION,game resource,MEDIUM
Payload/pool.app/MCFLeaderboardHeaderStarGlowNode.plist,False,360,265,c176bbcc,6f992b81ed03d4d5d25460d7b9b15dbe5cd928da5911c80661902c318f2a23dc,ORIGINAL_APPLICATION,game resource,MEDIUM
Payload/pool.app/Coins_Pile_2_Blue_Glow-hd.png,False,92592,92607,0cf8fb42,31f9757986869f6cc4d039c7a2a437764f4afee02f157860ea0a3d427da91206,ORIGINAL_APPLICATION,game resource,MEDIUM
Payload/pool.app/v54_EliteSubscriptionPopup.ccbi,False,3277,1784,996e1c6b,6b4315a12c414a4b6360bb96ded9c40b20ba931e7aea2aac717fa974f37ff520,ORIGINAL_APPLICATION,game resource,MEDIUM
Payload/pool.app/flag_KY.png,False,494,494,576d5a4b,36d9b878c788e468c3cbf3bb244989810e76f71e629fa1d7b671b7d3872b0c39,ORIGINAL_APPLICATION,game resource,MEDIUM
Payload/pool.app/GenericInfoPopupFullscreen_BeforePBEImprovements.ccbi,False,2292,1420,75eed9ac,c23fbcbd14ec410a85181220cbbb08a1d293e895c5f15850e57ce0ffbeca2e44,ORIGINAL_APPLICATION,game resource,MEDIUM
Payload/pool.app/mainMenuRevamp-ipad.png,False,24092,24092,4bc21d3b,a03625abf8b89f7430d61b26a36825685fdff891b0df53ee14e2b506f00261de,ORIGINAL_APPLICATION,game resource,MEDIUM
Payload/pool.app/DailyRewardsHeader.ccbi,False,1354,824,acb061e3,9aa3c63a7c7e33bc159be3a741580805a4766d7a53e317fc62e418c6f028b147,ORIGINAL_APPLICATION,game resource,MEDIUM
Payload/pool.app/Card-Basic-Back-hd.png,False,6674,6575,5dab3caf,c7198bcb7c3581e5a73f57cb72928302a381bcdc81435404a48d3c66a5e410d7,ORIGINAL_APPLICATION,game resource,MEDIUM
Payload/pool.app/flag_SK-hd.png,False,760,760,2915d0e7,8a412e26522c20fbd8b39ac5f0da24a12266e8ec61d227281a144bfacdee2d4e,ORIGINAL_APPLICATION,game resource,MEDIUM
Payload/pool.app/GenericButtonWithIcon.ccbi,False,1623,943,556e8302,5f6450870f48f3749fecbbd9f278f8c06ef71379ff5fc8b6077a667324692552,ORIGINAL_APPLICATION,game resource,MEDIUM
Payload/pool.app/MenuLeaderboardsView.ccbi,False,2774,1453,bfeaa623,fb75b649a1889061c20090766554b6fd5fe0710073763aa0f5639405c07be977,ORIGINAL_APPLICATION,game resource,MEDIUM
Payload/pool.app/CueCollectionPointsCueCardView.ccbi,False,725,488,eff15a62,1859c2a1d1294972cc157573673a7003e81f0b6e0e9df8895e6912fabd1296b3,ORIGINAL_APPLICATION,game resource,MEDIUM
Payload/pool.app/MCFSHudChatScrollFrameDesc.plist,False,331,253,ec801244,9f8187e7e32242e8188d3afa95e4754bdb54014d84f9899a9a71758a307fc1e2,ORIGINAL_APPLICATION,game resource,MEDIUM
Payload/pool.app/Golden_Shot_Coins_Shower_Particles.plist,False,1451,768,859bd62d,552ca330dadfc9048829611a8965109d4ab9ca4ca2ab84dac1a3da6e464b63ee,ORIGINAL_APPLICATION,game resource,MEDIUM
Payload/pool.app/Filter-Base-Frame.png,False,296,296,7e2b74f3,de67ba05f545d1dd41ffc50dd210e1b1dbe2f218e6faedf300de25bbe7fa9de5,ORIGINAL_APPLICATION,game resource,MEDIUM
Payload/pool.app/ps_most_valuable_cue_blue_gameplay.plist,False,7273,5381,24c61599,da7fc777ff9d83752790c8681f9aa75c7ecc429cc9504af1e11608045c84ccc8,ORIGINAL_APPLICATION,game resource,MEDIUM
Payload/pool.app/sfx_surpriseBoxes_scoreCount.mp3,False,1597,753,13d22c9b,f2bbf3a89bdcf6ea00e43ec52ced709a1d6a0d3d143c4ff747db39c0b9ebfaf5,ORIGINAL_APPLICATION,game resource,MEDIUM
Payload/pool.app/ShopPromo_8_Social_And_Cues.ccbi,False,2122,1097,7aff38b0,3f16531dc0fdfd5578b044b9d58a666cc1cab5a838677fe14c54701cae75fa7a,ORIGINAL_APPLICATION,game resource,MEDIUM
Payload/pool.app/Tutorial_9_Ball-hd.png,False,32532,32276,9bc493ab,21d0f6ce24120bacbab01bb75c49fbdc773484d6babd31addced68ac58761476,ORIGINAL_APPLICATION,game resource,MEDIUM
Payload/pool.app/flag_PS.png,False,402,402,c866c91e,c237a261e3c609b4bfc107458ab55af7886580b493b1a7d01a19d86aa165832c,ORIGINAL_APPLICATION,game resource,MEDIUM
Payload/pool.app/flag_SH.png,False,426,426,74bb0bec,3286afa08516dbb05f566f27e3684ecd9ec7cad338e50d1cec76cc7f034b5997,ORIGINAL_APPLICATION,game resource,MEDIUM
Payload/pool.app/EmailVerificationPopup.plist,False,614,466,727b4ee9,8e7fd55cf565097a2b6026429c2fddb60dbcfa3700a71e4123d62d256a645446,ORIGINAL_APPLICATION,game resource,MEDIUM
Payload/pool.app/MenuTournamentLobbyView_v2.ccbi,False,10053,4195,c7f49bfe,6d372954aab2793004bc7e5549738167343b6955988f51474b795bb6421e948d,ORIGINAL_APPLICATION,game resource,MEDIUM
Payload/pool.app/Cue_Collection_BG_Purple.png,False,6412,6412,19e86853,f9975ad7600893ff950cc01f6cda59c4e7ec9ebfd85e6da2e2df0ac01cb67e24,ORIGINAL_APPLICATION,game resource,MEDIUM
Payload/pool.app/ScratcherTrophies.ccbi,False,296,231,ca8705a6,6f8e6de44eb0980687c81ff83685d30bd5c03a581f6bf4a3d6989874f88c5303,ORIGINAL_APPLICATION,game resource,MEDIUM
Payload/pool.app/localization1_jp.png,False,24174,24174,90f109e5,b3e2162a3b7edc0b14ed61c315ea2855dc0fce6d8f4713f981590e2493a8e4d8,ORIGINAL_APPLICATION,game resource,MEDIUM
Payload/pool.app/SlotTimerLeftAligned.ccbi,False,605,417,c0f4f7c4,cdbd120318617cf73b757be8d1475872ad0c5482910a49fcf63badfeb7c31bea,ORIGINAL_APPLICATION,game resource,MEDIUM
Payload/pool.app/themeLogos2.png,False,30908,30908,4fbc0457,c5f2e143d41132fa5aeffdaa52815d88db3444b066c87de9bd7555af509478eb,ORIGINAL_APPLICATION,game resource,MEDIUM
Payload/pool.app/TierRingProgressTrophiesNode.ccbi,False,1411,841,7e148d43,edb9e97d379b1e2f6cf8929d909bb87831f1e3283a3fc2bbb6016ad6f00a7107,ORIGINAL_APPLICATION,game resource,MEDIUM
Payload/pool.app/flag_GI-hd.png,False,700,700,4551a9ec,af2fc8b0dac8f710844c1d207ca499b23c058444465cc711b19b2021ce2623c1,ORIGINAL_APPLICATION,game resource,MEDIUM
Payload/pool.app/ball2.png,False,674,674,948f000f,33e4ef6dc9439a5694c625b0720170a0aa927597c4da5db107bc0bd936a61f77,ORIGINAL_APPLICATION,game resource,MEDIUM
Payload/pool.app/flag_CZ-hd.png,False,626,626,5b52c7d3,98f1277ef16576a64e34189051b06d599c4ba8f32e043528059be3f468e65e4e,ORIGINAL_APPLICATION,game resource,MEDIUM
Payload/pool.app/RoadProgressionCell.ccbi,False,1262,764,e75d8806,6cba5c45fc1f89a63a6ad98ee33371d748cae7437679e877417e87c046da8439,ORIGINAL_APPLICATION,game resource,MEDIUM
Payload/pool.app/FeatureNotAvailableInnerFrame.ccbi,False,2497,1370,0912db53,bc76eb1214e36f892edcbd919b98da79d3ed1e95ad7cf28d1a00f6cd1cb6ea6d,ORIGINAL_APPLICATION,game resource,MEDIUM
Payload/pool.app/Rare_idle_1.plist,False,6015,4411,f5984554,98f7a31e9564b251b4e55ce72ac543916e5caded97c7d2539f7228c585efcf78,ORIGINAL_APPLICATION,game resource,MEDIUM
Payload/pool.app/GenericInfoList.ccbi,False,1894,1021,fd13a789,48a317ff844336e45a1104c992b61df8f3c1e8ed7b16c161b9f7c4187e05e20c,ORIGINAL_APPLICATION,game resource,MEDIUM
Payload/pool.app/BigBox_Rare_Explosion.plist,False,79731,59705,e6131adc,8f651790aa60166908f586beb61a83ac3fdee9fe16043fcd7041bff47b347c32,ORIGINAL_APPLICATION,game resource,MEDIUM
Payload/pool.app/GD_Promo_Particle_Prize.png,False,422,422,aa6f823b,6e658d203f0adff9f9a033345c996e24f19591987f7574ba2a25a14814722089,ORIGINAL_APPLICATION,game resource,MEDIUM
Payload/pool.app/Reward_Particle_Glow_Standard.plist,False,10889,8129,7c1f1c19,b5bafb7a66171b8a2367d50af177a7e7c6aebf87490912a90c31204ea459c816,ORIGINAL_APPLICATION,game resource,MEDIUM
Payload/pool.app/StayIn.png,False,20028,20028,81da5158,b1de763ca729d6eb26ff1c5a2329fea3037ffe19e4b26832630a299574b6c79b,ORIGINAL_APPLICATION,game resource,MEDIUM
Payload/pool.app/BG-Tournaments-Barcelona-hd.png,False,34226,34236,efdc3701,6d7dfe819a21faa8a09ad96781448e1b97c712ef982fc28aa01620affaafa562,ORIGINAL_APPLICATION,game resource,MEDIUM
Payload/pool.app/LobbyButton.ccbi,False,1747,950,6376b85c,3f3ddd104705e3030e40f5e139a1891101d69c1e57387215a4e1f1dd6ae859ee,ORIGINAL_APPLICATION,game resource,MEDIUM
Payload/pool.app/Subscription_Popup_Right_Particles.plist,False,1562,827,e36d88aa,9f2104c9966fac9cec282fab24f290a6ecfff508362e61cdf385579500a735dd,ORIGINAL_APPLICATION,game resource,MEDIUM
Payload/pool.app/MCFTextboxFrameDesc.plist,False,329,241,1e2b07c0,44a8e44433ec2a7f0666002261643e1aacc1fa87ac8d212f8e134bd620eb9a60,ORIGINAL_APPLICATION,game resource,MEDIUM
Payload/pool.app/MCFS_PWF_Photo_Frame.plist,False,325,243,5a9dc94a,16320b424446eb33713f4e9b56bf7603d6ff14eb4d9cee9f542b9a8cd8c63048,ORIGINAL_APPLICATION,game resource,MEDIUM
Payload/pool.app/GenericCompletedLockWidget.ccbi,False,634,438,0c743703,366900f1339a647c94d36af335aeacbfc0a78af3c7cd297a402eca8c429ec239,ORIGINAL_APPLICATION,game resource,MEDIUM
Payload/pool.app/themeLogos2-hd.png,False,83296,83311,3dacc196,c1cd77a2f9f7ca9ea73e6d5a1fc496e6fcd1768e218d814abe1b42107bfceb92,ORIGINAL_APPLICATION,game resource,MEDIUM
Payload/pool.app/Particle_Level.plist,False,11091,5013,b6a65e36,9795b770a0c2a4258347bf1a1533f4b1fdf303e52d695b44fe27e591915f29a0,ORIGINAL_APPLICATION,game resource,MEDIUM
Payload/pool.app/MCFSRoulleteCell1Desc.plist,False,350,260,3aa5b800,298b3b6728ea0fd083152c443849e7a34beb78db54df22a089ff626b7fbc8c2c,ORIGINAL_APPLICATION,game resource,MEDIUM
Payload/pool.app/flag_SG-hd.png,False,608,608,75969d5d,c152ae70478fc19e4621cdaf1f84082758869809684aa51b0905e957728b813a,ORIGINAL_APPLICATION,game resource,MEDIUM
Payload/pool.app/MenuSurpriseBoxesInfoTableNode_SBR.ccbi,False,4914,1596,8be4c00d,d197d0b7ef0d6e509ce5172dc9ca027880ea82c2da78a9c6e0b8fd021e38fdd4,ORIGINAL_APPLICATION,game resource,MEDIUM
Payload/pool.app/flag_GE-hd.png,False,1108,1108,e957ca47,f0aeb3ce9aa834b8730dc375bed249fed62654a2d5ba65758ee1838fa25ffdee,ORIGINAL_APPLICATION,game resource,MEDIUM
Payload/pool.app/victoryBoxChampion.png,False,21002,21002,4750fae3,f90bfd6b74957501164d9d6afac69664f051951aa9bf6e3a1de478eb1a5961c4,ORIGINAL_APPLICATION,game resource,MEDIUM
Payload/pool.app/Main_Menu_BG5_MMR.png,False,80524,80539,051c6623,c15cac89aec99b9cef30676b17bfe8f7b47666b85627c3fcee59b517d8cff564,ORIGINAL_APPLICATION,game resource,MEDIUM
Payload/pool.app/flag_CV-hd.png,False,806,806,b80be3c3,77e2a8a49d6d899b0cfae2c38b224d2a0fc918b28decef5433b5e4d7eb71cc9a,ORIGINAL_APPLICATION,game resource,MEDIUM
Payload/pool.app/Table_Begginer_Cue.png,False,870,870,94636108,d60e3920cb06b015f56ef0ca148af2dedfb8bbb1b439d334b5915b490ef92c0c,ORIGINAL_APPLICATION,game resource,MEDIUM
Payload/pool.app/SpectatorEntryPoint.ccbi,False,1130,645,a7d90c24,7129c013d5da46cd50e7c07b75117e3286038b5f2bb46933e5147849dec646de,ORIGINAL_APPLICATION,game resource,MEDIUM
Payload/pool.app/ps_leave_coins.plist,False,9756,7236,fd903fdc,e3350ae71f01eb49dbd5c53316f2fba210e7f07a3ebad72800b684bad40db175,ORIGINAL_APPLICATION,game resource,MEDIUM
Payload/pool.app/flag_PY-hd.png,False,672,672,b3d33f1d,72edabfaaf9f30d0937b4b72d0a7938712186e18aacca84b4d134f8c0f661537,ORIGINAL_APPLICATION,game resource,MEDIUM
Payload/pool.app/ps_piggy_ready.plist,False,8510,6328,a207e75b,500ef5079e3db78e7d0b67adba861a6c7690dd3be99e52e51057fb8e7df1209a,ORIGINAL_APPLICATION,game resource,MEDIUM
Payload/pool.app/flag_TJ-hd.png,False,678,678,66580dbe,8f0cd9fa504588cc30c3e74d44ed3e200956e3c74f72d5b3e4c733be39a3c5c8,ORIGINAL_APPLICATION,game resource,MEDIUM
Payload/pool.app/Promotion.png,False,24438,24419,f9bc6977,768e36dd9460ffcea0c7bf4aee0d2d9f013f015c7e6a9db8c49243304f226283,ORIGINAL_APPLICATION,game resource,MEDIUM
Payload/pool.app/GamePowerGauge.ccbi,False,1944,976,61cfae09,3850229543d5eb940b275354a48a4bcae75210345fc2bb37ff29ebbcb88c1b9e,ORIGINAL_APPLICATION,game resource,MEDIUM
Payload/pool.app/ExtraButtonsSystemConfiguration.plist,False,2768,2768,01a4b803,09e887be959ce27d7970f2cc5d39e81eea7748e1d9dec078296fcdeab97206ae,ORIGINAL_APPLICATION,game resource,MEDIUM
Payload/pool.app/localization1_de.plist,False,469,353,8de3b1a0,c5a1ab23074bfd107f3f10e33bfb996fff933e43636b99ff164b9141afee7157,ORIGINAL_APPLICATION,game resource,MEDIUM
Payload/pool.app/MCFLeaderboardSeparatorNode.plist,False,352,260,1b3df36f,589f7af47cb255338a25d86a9a50c17c0a9be69c73ae25a484c7e62ebde04135,ORIGINAL_APPLICATION,game resource,MEDIUM
Payload/pool.app/MenuClubsInviteMemberPopup.ccbi,False,1976,1185,8232c8d1,0dceeac602f88a064090d98625b43e6dadc9ba031d188a5d908c17defb2ed446,ORIGINAL_APPLICATION,game resource,MEDIUM
Payload/pool.app/FreeRewards-BG-Texture-hd.png,False,22888,22888,097d6b24,47538fc1bcf0fa792626f0e7430dee05f66556efc20c15c3746e2ae9128d65de,ORIGINAL_APPLICATION,game resource,MEDIUM
Payload/pool.app/DailyMissionsDropdown.ccbi,False,926,614,2dc78a0c,3e0a7b61c3d7647e2d494e86ae17dc9c8cdbb028f62dbf68912da15a9e9459df,ORIGINAL_APPLICATION,game resource,MEDIUM
Payload/pool.app/ClubDefaultChatBubble.ccbi,False,1495,971,2c9d649e,50195d0d027a062ec5df7aece8b7483e0590cd1c00eb8b84f5501231244a7e7f,ORIGINAL_APPLICATION,game resource,MEDIUM
Payload/pool.app/ps_particle_leagues.png,False,1932,1932,75b7ce72,35aca518ad1707cd3210199da83c07e9be2b59b1c4c0cd22f4c13d04ffb52953,ORIGINAL_APPLICATION,game resource,MEDIUM
Payload/pool.app/flag_AF-hd.png,False,744,744,5fc2b7a6,624d64fa51488ebe352c2edf52a99f551913d68a43dcfb0e18ba1f528ef5e116,ORIGINAL_APPLICATION,game resource,MEDIUM
Payload/pool.app/DailySpin_Arrow.atlas,False,402,201,ec41a9e7,60c4b5ae8674b6a1e2001b4e2a38a71956104781d9c4299aea87c56cbcb16ae8,ORIGINAL_APPLICATION,game resource,MEDIUM
Payload/pool.app/ball12-ipadhd.png,False,4850,3948,638aa094,79e442e51108d75017d8118e944b7ac087b96b0e52d6e30d542dfc625400bfd7,ORIGINAL_APPLICATION,game resource,MEDIUM
Payload/pool.app/CueMastery-Upgrade.atlas,False,24706,2512,ec3f4119,024afed68a883c5746550667c509e28d524f83b9c70ee8c3cc4fc461660da08a,ORIGINAL_APPLICATION,game resource,MEDIUM
Payload/pool.app/MenuClubsLandingTabCreate.ccbi,False,926,583,9742d6ab,e1da93f556ed4e6c594fb555edb364b186b6e8fc44cdb1881af7004e3f8328c1,ORIGINAL_APPLICATION,game resource,MEDIUM
Payload/pool.app/BG-Tournaments-Singapore.png,False,12382,12382,a993a117,69d630c43d48c6393a42f624fecda1cdfa1edb30411dcadf461ccb70061a59f7,ORIGINAL_APPLICATION,game resource,MEDIUM
Payload/pool.app/Champion_Medal_2.png,False,8890,8890,882dd1b2,ce679f2b2a9bd55df9120ddd8b2837d87811393dd4c8b1349ca40ad57c671098,ORIGINAL_APPLICATION,game resource,MEDIUM
Payload/pool.app/MCFClubsChatTextFrame.plist,False,352,253,732c31f1,cafdc4ad4de18c3454ae31323a4dff262ca9ec3ac4e4948f23b81326db474162,ORIGINAL_APPLICATION,game resource,MEDIUM
Payload/pool.app/MCFSpriteGoldenFrame.plist,False,330,242,11133ec8,2058b823908e9689484917727ba2becab50fb87f9917cdce0c97e1b1407b7aa2,ORIGINAL_APPLICATION,game resource,MEDIUM
Payload/pool.app/CueMastery-Upgrade.skel,False,346801,9851,969a36ae,adf6897b3e32db9910e9660197b30a828ffc5a330c4b245f5e316e7e9f088abd,ORIGINAL_APPLICATION,game resource,MEDIUM
Payload/pool.app/circleShape.png,False,8822,6046,2b90dcb0,9844b12253f9416606cd51ea5f2b278255abddc3da387b704e0f068a0408f189,ORIGINAL_APPLICATION,game resource,MEDIUM
Payload/pool.app/generic-hd.png,False,314100,313968,37d603d4,bf7596ddfcbd7a697663a85ff9c8b85f676f6481026b635e42925a619aa8a8e1,ORIGINAL_APPLICATION,game resource,MEDIUM
Payload/pool.app/flag_FK-hd.png,False,954,954,92214600,75a553db15cfcfa15f2b813f677e8259dd03f7538348a7747f08b7c2a90b65dc,ORIGINAL_APPLICATION,game resource,MEDIUM
Payload/pool.app/MCFSAvatarButton.plist,False,327,247,ac7348e4,e27b17cfd075927ec15d6b84ad4e2a446044eb5803727c002695c6559294a947,ORIGINAL_APPLICATION,game resource,MEDIUM
Payload/pool.app/SurpriseBoxNode.ccbi,False,1442,697,4e530d1b,be3ced94404e7ba8d6043bdd9bc6c07d90628753af79b75bedfa441a78eb38b4,ORIGINAL_APPLICATION,game resource,MEDIUM
Payload/pool.app/LeaderboardTabButton.ccbi,False,2151,1093,0eb77fb9,be1ae992a9ef335bf6aeed4b315ddc578a65411787e30b05521eedfbb18c2aa6,ORIGINAL_APPLICATION,game resource,MEDIUM
Payload/pool.app/Main_Menu_BG_MMR-ipad.png,False,74232,74247,afa0b669,64767ca97bfbad6f486b88396ff7da3b7814b9baa823e4b46b30d89c051eaa4e,ORIGINAL_APPLICATION,game resource,MEDIUM
Payload/pool.app/TrophyRoadCurrentCounterWidget.ccbi,False,1416,877,4ba4a909,d4a66f85ba6d72a5bdcdc2240a3b253554d63f8eb55aa7ffc1584a20ddf6e2e8,ORIGINAL_APPLICATION,game resource,MEDIUM
Payload/pool.app/flag_GS-hd.png,False,776,776,ca3a0a94,ded76fb88bc6795005312a99160200ae7b17987805157bf468f3189615d92a72,ORIGINAL_APPLICATION,game resource,MEDIUM
Payload/pool.app/CollectionBadgeDecoratorMissions.ccbi,False,2763,1453,cdc7b97e,f17081a93341f045ae003901512218856fad51e7ab4e7fbcfed31b9e1c902c1d,ORIGINAL_APPLICATION,game resource,MEDIUM
Payload/pool.app/UserProfileProductWidget.ccbi,False,930,621,dcf34b33,200ff320127bc6b335e97e0923b475d55ddc5a471c33629867818cfbd22f2a3f,ORIGINAL_APPLICATION,game resource,MEDIUM
Payload/pool.app/sfx_victoryBoxes_box_cardJump_scratcher.mp3,False,61796,32383,a870aede,e5b607113ba8110108b8c427514a7ce05f5a7652fe08bbff3d0a0bf2c4373a87,ORIGINAL_APPLICATION,game resource,MEDIUM
Payload/pool.app/BG-Tournaments-Rio.png,False,12564,12564,c9534c8b,da8696caefca04cbe22c35b2fa217b133fe6f41f1c117d2daa27c9dcaf970e6a,ORIGINAL_APPLICATION,game resource,MEDIUM
Payload/pool.app/MTGResources.bundle/,True,0,0,00000000,,ORIGINAL_APPLICATION,game resource,MEDIUM
Payload/pool.app/MTGResources.bundle/template/,True,0,0,00000000,,ORIGINAL_APPLICATION,game resource,MEDIUM
Payload/pool.app/MTGResources.bundle/template/video904/,True,0,0,00000000,,ORIGINAL_APPLICATION,game resource,MEDIUM
Payload/pool.app/MTGResources.bundle/template/video904/FeebbackItem,False,4860,2539,0b974a5f,b1ac3afe7e8b85396f0c651df1a3f4baf7d0755cd833395c128a0329af30516f,ORIGINAL_APPLICATION,game resource,MEDIUM
Payload/pool.app/MTGResources.bundle/template/video904/Root,False,20291,7777,8cc50c4e,33ca96b7d5559c1fedde7453e83f05b0ae7ba887340ca6083cbe8d042c255701,ORIGINAL_APPLICATION,game resource,MEDIUM
Payload/pool.app/MTGResources.bundle/template/video904/MoreOffer,False,4056,2099,6713a290,3294317005f24c199de3cb4154bb8b12191b6b2de85d40523232c64ea6aa7250,ORIGINAL_APPLICATION,game resource,MEDIUM
Payload/pool.app/MTGResources.bundle/template/customWebview/,True,0,0,00000000,,ORIGINAL_APPLICATION,game resource,MEDIUM
Payload/pool.app/MTGResources.bundle/template/customWebview/FeebbackItem,False,4860,2539,0b974a5f,b1ac3afe7e8b85396f0c651df1a3f4baf7d0755cd833395c128a0329af30516f,ORIGINAL_APPLICATION,game resource,MEDIUM
Payload/pool.app/MTGResources.bundle/template/customWebview/Root,False,4973,2374,af8a48b6,36a714ec873fa20f485965d7393d765f65d56a244b2b76b32cef9022bcf6c878,ORIGINAL_APPLICATION,game resource,MEDIUM
Payload/pool.app/MTGResources.bundle/template/customWebview/MoreOffer,False,4056,2099,6713a290,3294317005f24c199de3cb4154bb8b12191b6b2de85d40523232c64ea6aa7250,ORIGINAL_APPLICATION,game resource,MEDIUM
Payload/pool.app/MTGResources.bundle/template/ecPlayable/,True,0,0,00000000,,ORIGINAL_APPLICATION,game resource,MEDIUM
Payload/pool.app/MTGResources.bundle/template/ecPlayable/FeebbackItem,False,4860,2539,0b974a5f,b1ac3afe7e8b85396f0c651df1a3f4baf7d0755cd833395c128a0329af30516f,ORIGINAL_APPLICATION,game resource,MEDIUM
Payload/pool.app/MTGResources.bundle/template/ecPlayable/Root,False,9412,4229,3e900b73,87cdf8c3ad48f759ce7f1e94bba9b370259736bb18017036b2ab8330be2b5a53,ORIGINAL_APPLICATION,game resource,MEDIUM
Payload/pool.app/MTGResources.bundle/template/ecPlayable/MoreOffer,False,4056,2099,6713a290,3294317005f24c199de3cb4154bb8b12191b6b2de85d40523232c64ea6aa7250,ORIGINAL_APPLICATION,game resource,MEDIUM
Payload/pool.app/MTGResources.bundle/template/big201/,True,0,0,00000000,,ORIGINAL_APPLICATION,game resource,MEDIUM
Payload/pool.app/MTGResources.bundle/template/big201/Root,False,28817,10156,c61cacfc,38634e4997192f31b793f6cb73699712c528c829da8fa3fe5274a961cf70da0d,ORIGINAL_APPLICATION,game resource,MEDIUM
Payload/pool.app/MTGResources.bundle/template/ec404/,True,0,0,00000000,,ORIGINAL_APPLICATION,game resource,MEDIUM
Payload/pool.app/MTGResources.bundle/template/ec404/FeebbackItem,False,4860,2539,0b974a5f,b1ac3afe7e8b85396f0c651df1a3f4baf7d0755cd833395c128a0329af30516f,ORIGINAL_APPLICATION,game resource,MEDIUM
Payload/pool.app/MTGResources.bundle/template/ec404/Root,False,31771,11391,7b4fc7a8,468ce6ef25e48b102bf25312a03291fef1e66893570c871dc054bd520e82c46c,ORIGINAL_APPLICATION,game resource,MEDIUM
Payload/pool.app/MTGResources.bundle/template/ec404/MoreOffer,False,4056,2099,6713a290,3294317005f24c199de3cb4154bb8b12191b6b2de85d40523232c64ea6aa7250,ORIGINAL_APPLICATION,game resource,MEDIUM
Payload/pool.app/MTGResources.bundle/template/metadata.plist,False,1054,330,56878aaa,3bd69976efe5c5a20a51bc9dbaccb18d0adadd4c08dfd8bc8c8ab19fd495f709,ORIGINAL_APPLICATION,game resource,MEDIUM
Payload/pool.app/MasteryMissionContent.ccbi,False,10268,4390,df74081e,ee361b506be11f81202b1896aa6c98171f138d2a6acc8c0e9bcd2d0bbc62b5fb,ORIGINAL_APPLICATION,game resource,MEDIUM
Payload/pool.app/singletableGoldenShot.png,False,12112,12106,e93100e8,af66e51c1b4b9908920cbd3a07e575d03989c9774fe8274aaf5a2f684575171b,ORIGINAL_APPLICATION,game resource,MEDIUM
Payload/pool.app/flag_DM-hd.png,False,928,928,e6fc390d,3a3e7adeaf6e22cdfc6472e8c5b9460baef14a847b3579d36a128b8dfa5a3022,ORIGINAL_APPLICATION,game resource,MEDIUM
Payload/pool.app/MCFSpinWheelLightsFrameNew.plist,False,367,266,73213986,59c757b71cd98ad66975ead834d59ba90b619ec2c42dd60528bda65a9bf3a9da,ORIGINAL_APPLICATION,game resource,MEDIUM
Payload/pool.app/MenuGiftFriendsListButtons.ccbi,False,581,382,ec75184a,7321c78303ad320c29c1b5c20f133fde664db69fcdf24fa021916f04707dc803,ORIGINAL_APPLICATION,game resource,MEDIUM
Payload/pool.app/MenuGenericBlueInnerFrame.ccbi,False,1136,632,d7cd1290,bf13edd1d577a7f56b6988751837cf28974232a028360b79732ffc1c467b22ee,ORIGINAL_APPLICATION,game resource,MEDIUM
Payload/pool.app/GS_header_Rings_Animation-hd.png,False,12916,12894,ae5f9562,64014fab196452af350a8dd63415ada4835a61ee8feb5e44ca17f6d5b306f936,ORIGINAL_APPLICATION,game resource,MEDIUM
Payload/pool.app/sfx_WinStreak_barProgress.mp3,False,24759,11902,06cd81a9,b1b90844b012d2db6e7af823224bbf6a314410e2967f27aed500c9281d220a59,ORIGINAL_APPLICATION,game resource,MEDIUM
Payload/pool.app/CollectionsCueCard.ccbi,False,3659,1856,93057f92,5f1d105138088c737129745826abbe6af606f15aef7a2846e4550983d60b299b,ORIGINAL_APPLICATION,game resource,MEDIUM
Payload/pool.app/Result_Screen.png,False,20856,20856,7eabfaf2,4329c374204c6f5143a252c8cf87b4fe7385e89777f80e8c3f0f19850eff79a7,ORIGINAL_APPLICATION,game resource,MEDIUM
Payload/pool.app/HSF_TierRound1FrameDesc.plist,False,147,118,e8c0f074,1c8985d0558e72a21abca392ca937154062db7f9e952b094e6ac47fda53ea482,ORIGINAL_APPLICATION,game resource,MEDIUM
Payload/pool.app/flag_BN-hd.png,False,1006,1006,b2885bd7,9cfb27f548b0732211a03b7d8013c99c4fa6a53afaff84af4cd1d46b11fb7ec4,ORIGINAL_APPLICATION,game resource,MEDIUM
Payload/pool.app/TemporaryShopFullscreenPopupHeader.ccbi,False,1151,703,3e86593c,47ac26f9259de91241ea09c76f0d74fe8a3987f58f01bc7e45675dca7cced291,ORIGINAL_APPLICATION,game resource,MEDIUM
Payload/pool.app/Badge_New_Game_Mode-hd.png,False,4686,4686,7f39c740,b668b862c8dee8402430e8e9a7bdaee4ad057c1ab39d9eecf6dddcdb5e7a41f2,ORIGINAL_APPLICATION,game resource,MEDIUM
Payload/pool.app/Sort-Button-hd.png,False,824,824,3d0ff57d,8e3139453c1584efbfe0482448f4e14ab0a4aa5fa100b8325894a3478735dc7b,ORIGINAL_APPLICATION,game resource,MEDIUM
Payload/pool.app/verticalCutOffShader.fsh,False,1418,517,cc924298,ff1db7ce9e9ebbf562bcfaef0a4915c144463907454bab9757af23c803d3c7da,ORIGINAL_APPLICATION,game resource,MEDIUM
Payload/pool.app/shop.png,False,188562,188386,1e147d3f,10a7df6d70e08ec6f75360f88c49fea6124a5109ce2a05fd85025aa7a5dc9a22,ORIGINAL_APPLICATION,game resource,MEDIUM
Payload/pool.app/LeaderboardFriendLabelView.ccbi,False,717,503,f591c67e,65d55581bbeb7f4d482d4eb7191fc8bd0906d4023b813dc9c051a5a212963404,ORIGINAL_APPLICATION,game resource,MEDIUM
Payload/pool.app/ProgressiveVideoAdRewardsWidgetShopProgressiveNode.ccbi,False,2830,1453,7c8a5a85,00655c4874079fb498396962030efdfa1290443fb3bdd2a9556bdd25e1718abf,ORIGINAL_APPLICATION,game resource,MEDIUM
Payload/pool.app/flag_QA-hd.png,False,616,616,09cb101b,d9c3ffd59b394fa3113bb0296e40c47628fdc028a5f257845d85a7351b89bdd3,ORIGINAL_APPLICATION,game resource,MEDIUM
Payload/pool.app/Tutorial_9_Ball.skel,False,11607,2493,9e32975d,ddd75a4c66ddf4c03e38cd658cb9abcff199cb245a084354c29b28f1e7345a54,ORIGINAL_APPLICATION,game resource,MEDIUM
Payload/pool.app/icons-hd.png,False,159858,159789,4be7b940,65c13938f333deb5475d78ab0263a8abf59cfc27b5984964151d29d364d0c8f1,ORIGINAL_APPLICATION,game resource,MEDIUM
Payload/pool.app/flag_EC-hd.png,False,768,768,38696e2e,07f44e97cc4ad04f8f553db0707b3dfca3f0a14148561bd4a5a0575bd366a565,ORIGINAL_APPLICATION,game resource,MEDIUM
Payload/pool.app/surpriseBoxRare.png,False,11146,11146,cf6c8580,7fe2635c12dee8d803c803179f602ebf07d16345645dbb8cbb52061fdb599e02,ORIGINAL_APPLICATION,game resource,MEDIUM
Payload/pool.app/ProgressBarWidget.ccbi,False,4080,1862,f3325458,c27b67702162f5a7f317d4bd43c96168db79e3b6f46806745b2b4227a2a6db7f,ORIGINAL_APPLICATION,game resource,MEDIUM
Payload/pool.app/snow_particles.png,False,619,606,0b7748d0,43c326bba0b403b5f2ce53b4aae2961773de4ff8abb8612447717aefc10403d4,ORIGINAL_APPLICATION,game resource,MEDIUM
Payload/pool.app/MenuGoldenShotConsolationPrizePopup.ccbi,False,2806,1558,c3f79f25,a2e0ab4b87083f1c4253757c1abdd2e365e63a4f69e28a7881438e656a335a91,ORIGINAL_APPLICATION,game resource,MEDIUM
Payload/pool.app/shop.plist,False,8668,3873,e8613bce,245063f18306f4c57c62e9f686ca9368fcbcafa7e148bdf3ec5046e3711e0052,ORIGINAL_APPLICATION,game resource,MEDIUM
Payload/pool.app/TournamentWithFriendsInviteView.ccbi,False,5261,2700,7cfeb421,bb86f9097eb4890b8c85e08571b5abeb9f8ed3822ef46a51d67546ed39b56e96,ORIGINAL_APPLICATION,game resource,MEDIUM
Payload/pool.app/CoverflowLabelTTF.ccbi,False,444,332,695b5d2c,5183e77c52d12f67483bcfd9bcc67a2160e094dd13e65a968de15f86abf86c56,ORIGINAL_APPLICATION,game resource,MEDIUM
Payload/pool.app/CyclePromoArrowNew.png,False,1788,1788,54aad91a,c3bfd3eedcbfd2c8238becfb7d51f0ef9ba5601331746864878623e87503bce2,ORIGINAL_APPLICATION,game resource,MEDIUM
Payload/pool.app/SubscriptionPopup.png,False,70128,70143,bdfd6690,40c48224934022c933c75aebaeb7a31b4505f09b1154fa32fe9313a677221397,ORIGINAL_APPLICATION,game resource,MEDIUM
Payload/pool.app/ar_text.plist,False,1338188,459721,30193a7d,90faad12b2e940516b6f76687d7fa4f4fe192ddea6246f9a71805471cc66b75c,ORIGINAL_APPLICATION,game resource,MEDIUM
Payload/pool.app/RotatingShineWidget.ccbi,False,278,222,cd615c30,e6f49ab868ac075b3b30fbe35a263ac4f3d96c28a212930fb1fe8246c2db9966,ORIGINAL_APPLICATION,game resource,MEDIUM
Payload/pool.app/flag_SL.png,False,360,360,334b040d,b0257adc46fbdc5b520c976b86b02c7f8e2f4281346e2c55375ec68940e238fb,ORIGINAL_APPLICATION,game resource,MEDIUM
Payload/pool.app/SlotMilestoneProgressBarWithLabelWidget.ccbi,False,1405,793,574e219b,7f43a6a05491d3ca997487ef101477b360a9b7d78bff22884768db7b2ff82c28,ORIGINAL_APPLICATION,game resource,MEDIUM
Payload/pool.app/flag_PW.png,False,442,442,4f898c50,b5ba9fc4bc2860309bbd2af8d8fb03009bc5be894e5abb05f45b5127ae7410ed,ORIGINAL_APPLICATION,game resource,MEDIUM
Payload/pool.app/MenuChatDisabled.ccbi,False,2384,1340,7a79277c,bf161ed81c87fdc27218015324841f5eaec9c58270ac30a722a5c8aeddf63fe1,ORIGINAL_APPLICATION,game resource,MEDIUM
Payload/pool.app/Shop-FreeRewards-Cell-Blue-hd.png,False,2068,2050,fba08c89,502a20ae1ba268a71c99a8f06164292445f776da9fb85282b529b26b7fcd2ca6,ORIGINAL_APPLICATION,game resource,MEDIUM
Payload/pool.app/FeatureNotAvailableNoActionPopup.ccbi,False,1650,1027,3f40f8a5,9d591ea30d8a9550fd9027f5b2bdadbc315050299c703279f8f53232a5f502b3,ORIGINAL_APPLICATION,game resource,MEDIUM
Payload/pool.app/flag_BB-hd.png,False,832,832,84df1821,af68fd5ec72b407e76dd00692a6cea062d6371c3f98768054aa926ef8bfc930f,ORIGINAL_APPLICATION,game resource,MEDIUM
Payload/pool.app/ball6.png,False,652,652,e34c6488,7f864f7d3a8980c87dac72427bb2c730bc76906dad6d00c23bd676f3c4d6a965,ORIGINAL_APPLICATION,game resource,MEDIUM
Payload/pool.app/sfx_luckyShot_gold_popup_newTableButtonAppears.mp3,False,12552,7009,0a35e694,5401f6368c244ba03e4dbb96ead16d4d4e73c0b8c83d5198f7ec454a22b39f87,ORIGINAL_APPLICATION,game resource,MEDIUM
Payload/pool.app/AvatarRankUpEventIdle.png,False,1270,1270,0b609c44,6d5b9d9e2b72edf722aabfeff5ad38f518f00cae8b1602acfb942bb9c7ea8bab,ORIGINAL_APPLICATION,game resource,MEDIUM
Payload/pool.app/MCFSGenericDisabledButton.plist,False,337,253,887c5934,a3797846d9ada2fba3d1580e9c47c655860691458882b9b810e20662ca820a44,ORIGINAL_APPLICATION,game resource,MEDIUM
Payload/pool.app/ball3-ipadhd.png,False,4756,4065,f25ac876,1569f1c28ae9239d1539b49ce897a918f9933b42505c5c689532c71b3400e384,ORIGINAL_APPLICATION,game resource,MEDIUM
Payload/pool.app/flag_RS-hd.png,False,520,520,a75f829d,5632473be29192c736eebcea70f7cb12c25bfcb370e135deb0a8440b176550d4,ORIGINAL_APPLICATION,game resource,MEDIUM
Payload/pool.app/HSF_Generic_Dark_Blue_Button.plist,False,136,112,3673e6e2,7f938cfbe7600bc91605a9fd3d94ca13f90c430aa2b2c5cfbf2c49ab848caedd,ORIGINAL_APPLICATION,game resource,MEDIUM
Payload/pool.app/SubscriptionIcons-hd.plist,False,2062,1212,258260c0,125f4f6e6dad9d0c58a88d1dcdaa6fdfb0c1eab0636875ceb459ce99572b725c,ORIGINAL_APPLICATION,game resource,MEDIUM
Payload/pool.app/BigBox_Legendary_Glow.plist,False,104924,79136,b28aa8b6,b5e1defa777fbeaeec27b3595b6ac8e10aed472246c7a8019e3fb8d79120ecec,ORIGINAL_APPLICATION,game resource,MEDIUM
Payload/pool.app/MenuTournamentLobbyView.ccbi,False,9985,4142,0dc605d7,801dac64214ae767ee909b4f33f315eade2b9a40bb302db4737025bc34ae23bc,ORIGINAL_APPLICATION,game resource,MEDIUM
Payload/pool.app/VictoryBox_GreenArrow.atlas,False,198,151,07efaac0,1e93f446e2532c576c6b5e1240089b88c208a534bef040157ecff1157c69803d,ORIGINAL_APPLICATION,game resource,MEDIUM
Payload/pool.app/GrandLoungeTablesInfoTabContent.ccbi,False,2067,945,adc1f8b9,3e9704def5a3954b544e35c1dfceb5629ae524c218b04ba66c86953b03a21a01,ORIGINAL_APPLICATION,game resource,MEDIUM
Payload/pool.app/sfx_victoryBoxes_box_cardJump_spin.mp3,False,61796,37717,cf092de5,baa2ff5aa0c41caafe6debf5afd782450d8b5bb35f6960a0a9ca3440b9122c25,ORIGINAL_APPLICATION,game resource,MEDIUM
Payload/pool.app/SubscriptionTeaserPopupMenu.ccbi,False,4910,2166,460b53b4,1930c6fee1ee838756ae2fc46a9c4447becfd8ff42b08f069225df40568ea5e0,ORIGINAL_APPLICATION,game resource,MEDIUM
Payload/pool.app/Scratch_Particle.plist,False,1532,818,99772d59,6e85c82d153b63e9fb85169f7b96c5f076125f1b16cdc2428fb54020ab41f74f,ORIGINAL_APPLICATION,game resource,MEDIUM
Payload/pool.app/GenericInfoListTooltip.ccbi,False,1124,662,8949a565,d07a3a303baf78c14dc0fa83baeee5eee3e77f94539f7adbc30e24468af55215,ORIGINAL_APPLICATION,game resource,MEDIUM
Payload/pool.app/PiggyBank_FullScreen_BG.png,False,5226,5226,620533ab,057e3f4019d61f6c9a331913beb8c3840b48ec2a34611155763432eaf8c71c2b,ORIGINAL_APPLICATION,game resource,MEDIUM
Payload/pool.app/Particle_Dot.plist,False,1556,864,391db971,3ee796307a605906558f6e35f356e77b87941b2c23484e19611662f6e09f106d,ORIGINAL_APPLICATION,game resource,MEDIUM
Payload/pool.app/ps_new_piggy.plist,False,8522,6338,8254d7cc,83cab355beafb769219dc02dab47b2813b7ec7c8a7705a691467b439c87b884e,ORIGINAL_APPLICATION,game resource,MEDIUM
Payload/pool.app/ReportPlayerNode.ccbi,False,1097,694,e9728526,892f512aad5771afb4ca1509a309b318432f3814f5d7fa8a896ff2e6b417d3f9,ORIGINAL_APPLICATION,game resource,MEDIUM
Payload/pool.app/flag_CL-hd.png,False,578,578,9d3da740,220355f652a400322898cca50d87e9bb4b30c28d474778cdd4cc7686e699abc8,ORIGINAL_APPLICATION,game resource,MEDIUM
Payload/pool.app/victoryIcons-hd.png,False,49492,49502,eb759497,8dc721a2c5a15aab98c97da75ef468d3bb99f48627d4ea4a1f626208e9450bcd,ORIGINAL_APPLICATION,game resource,MEDIUM
Payload/pool.app/Trophy_bar_paerticles.png,False,556,556,e986073d,01a48de9f9e82cc5f6784d22eea6039248f2181b3afe42587822ffddb6715153,ORIGINAL_APPLICATION,game resource,MEDIUM
Payload/pool.app/sfx_luckyShot_failed.mp3,False,18812,5787,c27df078,a8de7a30bcbe420bfc02ad54332a4e7c4f33d38a8382b244e0b1d510f2e24ba1,ORIGINAL_APPLICATION,game resource,MEDIUM
Payload/pool.app/TemporaryShopNodeCards-hd.plist,False,1189,610,f5880a15,76ec604581d441e678462a9565c675e6577f2e2926b5107e4d894950aa644a14,ORIGINAL_APPLICATION,game resource,MEDIUM
Payload/pool.app/EmptyCuesView.ccbi,False,1494,847,84fe5401,77064b6483f5f6a436ebfa2396acd1010210cdcfd4709ff7cd524746270b9d40,ORIGINAL_APPLICATION,game resource,MEDIUM
Payload/pool.app/flag_FM.png,False,432,432,64645dcb,1da357dedaf8162cfe447312c04ba071cf81d6b9de786ab1d64f4b6f30ed4dc4,ORIGINAL_APPLICATION,game resource,MEDIUM
Payload/pool.app/flag_GI.png,False,388,388,2a038a68,50242366b077a991e2c57e35ab140de9bb31e56764132f482cfa8f5a5f0cb68f,ORIGINAL_APPLICATION,game resource,MEDIUM
Payload/pool.app/ps_ball_idle.plist,False,8522,6329,a6fa588a,1433d652cd0f0fa4f7582d7209871ce8b678091a6880f85a851e7b40314dd5c7,ORIGINAL_APPLICATION,game resource,MEDIUM
Payload/pool.app/your_turn_sound.wav,False,54494,40670,501c4ebe,d6753835597b61b3b6f6f5edda06867a3147d5dc3054a5b389680ce267ac2aae,ORIGINAL_APPLICATION,game resource,MEDIUM
Payload/pool.app/sfx_pool_pass_rewards_unlock.mp3,False,52480,47657,dd701deb,93cb7c9f2ae43996a530374640034c2cfff31e7cccba8d73e18243fb5e6b2935,ORIGINAL_APPLICATION,game resource,MEDIUM
Payload/pool.app/TemporaryShopPopupHeader.ccbi,False,1156,706,46e73689,98167023464728861ccd1e1ff8bf51a2f370381190d9cfa176f42bc807af2407,ORIGINAL_APPLICATION,game resource,MEDIUM
Payload/pool.app/tableBase-ipad.png,False,9718,9718,0df28dfa,f1d2118e9847662f2fc8a480fb9303320608477cb006dd02edfed63a14810b5f,ORIGINAL_APPLICATION,game resource,MEDIUM
Payload/pool.app/MenuClubsImpulseInvitePopup.plist,False,398,323,2739ef13,213f8fe96bd64f5392f1a709e089323d733a2822aff0e440e4cc4c56ed22c408,ORIGINAL_APPLICATION,game resource,MEDIUM
Payload/pool.app/ShopPromo_2_Elite.ccbi,False,3847,1790,8885529f,61984dcacbccbbc1e42d5b7ac81280437fc099b3aa5f9d21ff6bc38c5fcb1421,ORIGINAL_APPLICATION,game resource,MEDIUM
Payload/pool.app/CushionShotTutorial-hd.png,False,45060,44996,a2802a49,2a98db398ae710cf9c7a8e6d41972786b24a2a4f2f7a4c55efd95f68f9e5d61c,ORIGINAL_APPLICATION,game resource,MEDIUM
Payload/pool.app/ClockIcon.atlas,False,271,157,a32bc9ca,15e687a74a5b0c957b58341c686ac8f4d2e87d65f857e6beee87e0270f53a726,ORIGINAL_APPLICATION,game resource,MEDIUM
Payload/pool.app/localization1_tr-hd.plist,False,478,368,83585207,f93ca696ddc97efc85aa4dd1b0a121f8ef86735ef3d8366a1e7be64c5c164c9f,ORIGINAL_APPLICATION,game resource,MEDIUM
Payload/pool.app/flag_DE.png,False,329,329,eb96cf67,47808f0fff09f625060a8e92db3e36bd7514730682a96fcfdf3f42b333030ff5,ORIGINAL_APPLICATION,game resource,MEDIUM
Payload/pool.app/Winner_Particle.png,False,2822,2822,b9baf6b5,5723aba63646ff56055b2b29fd8b007b557382c68edc7dd4dbb5263afd461698,ORIGINAL_APPLICATION,game resource,MEDIUM
Payload/pool.app/MCFSGenericFrame28.plist,False,352,257,79effed7,1fd20cfb60212169f0ac8b98a7e3d617c82ba32ec9036338927fa808e093482d,ORIGINAL_APPLICATION,game resource,MEDIUM
Payload/pool.app/EmojisCollectionView.ccbi,False,608,397,88e2f453,d798160dad3d81eae3b75e660e30e6835bd5d5e19c63198f659fc570476c9751,ORIGINAL_APPLICATION,game resource,MEDIUM
Payload/pool.app/flag_AD-hd.png,False,594,594,0d16016d,3e897c50737a8422f0f3c39fb70af2098a8b429d61b943864b41383ef463c314,ORIGINAL_APPLICATION,game resource,MEDIUM
Payload/pool.app/FreeCoinsDailyMissionsPopup.ccbi,False,2458,1346,a0717635,9b1053391d138c7df825753daeff6875bbabf844f90b0ea44f5fa03624a7dbb7,ORIGINAL_APPLICATION,game resource,MEDIUM
Payload/pool.app/flag_GH.png,False,444,444,647fa749,ae89696202d9a0469abf1dc86674f23291ddb659ca945891acd77e656f9bf4ef,ORIGINAL_APPLICATION,game resource,MEDIUM
Payload/pool.app/MCFGenericBevelFrame.plist,False,367,266,1b86e822,a1656c921b503ee5e027e710e4bed8fbb304ff05b632fad93e86864b93a3d105,ORIGINAL_APPLICATION,game resource,MEDIUM
Payload/pool.app/MCFRankCellDesc.plist,False,300,222,0dacb789,7c75839cea400a727163d2adaccdc49cefe024f4a62a6ea1481b8ced0c960592,ORIGINAL_APPLICATION,game resource,MEDIUM
Payload/pool.app/Timer_Glow_White.png,False,1024,1024,332a8d14,3f6997dcb087582214d15a6482d70376e4e83cf9b54134e1b1901096dcee662e,ORIGINAL_APPLICATION,game resource,MEDIUM
Payload/pool.app/ClubsOverview_Top.png,False,2024,2024,a5f3038a,d4f440a4070cd94bcf082e08c9750ddbc15f489305c1512b91e349ad71f769eb,ORIGINAL_APPLICATION,game resource,MEDIUM
Payload/pool.app/MenuInfoButton.ccbi,False,459,344,05da71be,91705c57dae0e7a78c8003846bb3df5d263bb65040320552e59d1def431fe21e,ORIGINAL_APPLICATION,game resource,MEDIUM
Payload/pool.app/DailyRewardsTableNodeSingleRow.ccbi,False,1057,660,92d49d27,99a1d2717457203922834df2aa91a8a9c2cdc3b7ca2a493b1a4946e4d0ad04e0,ORIGINAL_APPLICATION,game resource,MEDIUM
Payload/pool.app/victoryBoxElite.png,False,16996,16996,2b70da9c,88111fc1698ad9e8844cf9064932eac822123f02c2174c1ce4611c96bf89c747,ORIGINAL_APPLICATION,game resource,MEDIUM
Payload/pool.app/tr_promo_text.plist,False,101948,36603,b6bad522,2d7e7908f89335234b0031905c756c37704b2fcf7856d6e9af2ebd937fe78544,ORIGINAL_APPLICATION,game resource,MEDIUM
Payload/pool.app/AnimatedFramedCoinsNode.ccbi,False,1481,884,52e56eab,93f34172c385f6f2ebd0ff38ae42a19f1444225cacdf2f553be398a61c40748c,ORIGINAL_APPLICATION,game resource,MEDIUM
Payload/pool.app/AccountLinkResultPopup.ccbi,False,3016,1488,25c29ad5,7848ef9e1eb1849b477b537b5af81d7ff6e49e8b65bedda8ce84df2a6dc2e78b,ORIGINAL_APPLICATION,game resource,MEDIUM
Payload/pool.app/ReportPlayerPopupView.ccbi,False,4329,2112,eb131152,83ebede447031b09414dc9e3b729ea881db815070dfdeb66e8086de6079b4b61,ORIGINAL_APPLICATION,game resource,MEDIUM
Payload/pool.app/CueMastery.png,False,97076,97013,eaeb8a79,44f86944154782a5395258c89cc5ead287f76485f9becda373f812d2858644dc,ORIGINAL_APPLICATION,game resource,MEDIUM
Payload/pool.app/flag_BZ-hd.png,False,802,802,bb239eef,f3d00fcba15e4681abca46d7c62f4c110aff205ca1763698f26f7431dfb2cc01,ORIGINAL_APPLICATION,game resource,MEDIUM
Payload/pool.app/flag_FI-hd.png,False,672,672,0ac4a71f,1391a669758afbff78068d0b48d8ec362c5ad78c6d1864a1df44f5b9c2ae3f96,ORIGINAL_APPLICATION,game resource,MEDIUM
Payload/pool.app/ClubLeaguesInformationTab.ccbi,False,1957,672,8f8ed36c,d27a3f0d3de8b6fb29f70980e7a5314cdd93c87cfd3d740cabc12fb5b02307f7,ORIGINAL_APPLICATION,game resource,MEDIUM
Payload/pool.app/flag_IT.png,False,348,348,c3523011,29dae315704b4722aa5a8e599fc4e7941b9e217502f8dbeca0061db8d23a6cc9,ORIGINAL_APPLICATION,game resource,MEDIUM
Payload/pool.app/flag_JO.png,False,436,436,ff204364,08fa41b28251985ac89bc7f4af36123ff33ba4f1d580aa170a1d10372ee968e5,ORIGINAL_APPLICATION,game resource,MEDIUM
Payload/pool.app/Sparkles.plist,False,1458,762,5c61b520,eb888c362b6b79958ba6d7dde29ff75e329edbe2aea8952e9a59cf6c25d44d73,ORIGINAL_APPLICATION,game resource,MEDIUM
Payload/pool.app/SocialSquareIndicators.ccbi,False,1320,662,69fc51cd,24877afb9c18db4475e7dc6cfd3c892e996002c78d6f422a0471a22d9b48591a,ORIGINAL_APPLICATION,game resource,MEDIUM
Payload/pool.app/flag_SE-hd.png,False,794,794,9a66889b,78513a52a96fcddfe7478e77735c8b432fe41c872364130f8b14da0cecca4f69,ORIGINAL_APPLICATION,game resource,MEDIUM
Payload/pool.app/surpriseBoxRare.plist,False,596,427,21f76889,d416e8bcb9181861102d163cfa3a4a027eaa050dc966e4a258971574504cae9f,ORIGINAL_APPLICATION,game resource,MEDIUM
Payload/pool.app/ShopPromo_6_Coins.ccbi,False,12901,3015,72d81e51,1ac3358a8202692db17d61b93518263b903c2e21f132e91a7d66dbd5f576ff66,ORIGINAL_APPLICATION,game resource,MEDIUM
Payload/pool.app/ClubLeagues.png,False,45148,45158,aec1325f,2bffd8e00fb15effafd08d655b15349543e873fb87ad021fd875a4a2fb0d7784,ORIGINAL_APPLICATION,game resource,MEDIUM
Payload/pool.app/SubscriptionMainView.ccbi,False,3016,1761,090249e8,099111a31ad028bc707e6e91c947e67a8ed9b1bb26942e10391574e1bc15f6b7,ORIGINAL_APPLICATION,game resource,MEDIUM
Payload/pool.app/Cue_Case_Epic.png,False,500,500,348852a3,02788ed70c6763baef169b635edac5728d21bd5736f0dff0fb36646326cdadcc,ORIGINAL_APPLICATION,game resource,MEDIUM
Payload/pool.app/MCFSeasonPassGala2020PremiumFrame.plist,False,366,270,bef65e42,907b404187f3c4f5ad40ae747141c18013f823cb5f0e5affc3512440251da213,ORIGINAL_APPLICATION,game resource,MEDIUM
Payload/pool.app/MCFLeaderboardEntryPointRankFrame.plist,False,361,263,ce523dda,c5a5ec2bf47acf8cc72c2dfd17ec2622831ba67de9c60cf1f2de58e2f4a52f30,ORIGINAL_APPLICATION,game resource,MEDIUM
Payload/pool.app/singletableGoldenShot-ipad.plist,False,244,206,2c3fd189,40daa165faea027c319ed1192b4755360d7c9c61fe54da1da8a8c0e323cf7049,ORIGINAL_APPLICATION,game resource,MEDIUM
Payload/pool.app/ball12-ipad.png,False,2524,2513,42988938,0f56534f1796f0633fe711e13af437c8832ce3b919c4e80536d430a71062badc,ORIGINAL_APPLICATION,game resource,MEDIUM
Payload/pool.app/ball14-hd.png,False,1362,1362,4d7aff93,5c446a021e8897edd36c8a17803159e42e7dabd4fadde913d828578859fe50b9,ORIGINAL_APPLICATION,game resource,MEDIUM
Payload/pool.app/flag_SZ.png,False,438,438,353dd3cd,57ae8027de4cb315cb5a7ba236283ebf60cddd20fd7bf3ae1cea9b9d0827b432,ORIGINAL_APPLICATION,game resource,MEDIUM
Payload/pool.app/MCFSCuesTab.plist,False,302,225,acdf7522,33d7a1f9059978ad9613fb9b8f03c3367c48d2f7ed19b152c03eaad2585ecac9,ORIGINAL_APPLICATION,game resource,MEDIUM
Payload/pool.app/flag_PA.png,False,414,414,a2a7716d,1fbb415016f60a319ca96d7610886b313d48ba2222404118d9ab5bfe78da0aa6,ORIGINAL_APPLICATION,game resource,MEDIUM
Payload/pool.app/sfx_matchFound.mp3,False,10674,7025,c3c1fe40,059ffa0ed2382d078f29663999bc816516972d37b0575fea1b95c1b66051d27e,ORIGINAL_APPLICATION,game resource,MEDIUM
Payload/pool.app/MCFSpinCellFrameNew.plist,False,363,259,dff1f135,442f4838b0a407e3ef4fd18fc3c53b229786e07eb37f8db5e270e5f686de840c,ORIGINAL_APPLICATION,game resource,MEDIUM
Payload/pool.app/ball7.png,False,626,626,228459c2,5e8c05eb92b3c0ee61a43d948a4a31d3067468dda56e9c8686a89357d3458c3c,ORIGINAL_APPLICATION,game resource,MEDIUM
Payload/pool.app/ball13-ipad.png,False,2604,2594,6f2ee08a,72ac87b289d8ef7a7dcc06c9a0c0281a46135ea0bf756156ffc1893f6b2e212b,ORIGINAL_APPLICATION,game resource,MEDIUM
Payload/pool.app/flag_TH-hd.png,False,558,558,6673a2d7,ad744eda6d0912514ca7a5e3dd62d5536a72614bc87d8cba09a6d49cc9c7f457,ORIGINAL_APPLICATION,game resource,MEDIUM
Payload/pool.app/GenericProductsView.png,False,8930,8930,3473afe0,450fdd976e33a11e721eaf23877cc736d5c17b7222e0e235d078995b975ef150,ORIGINAL_APPLICATION,game resource,MEDIUM
Payload/pool.app/56_1_0_MenuUserProfileMiniPopup.ccbi,False,5712,2759,274b5c92,76444e8aaa952e1c92face228258d3399005e4a86e83d023ed17cae365d9a482,ORIGINAL_APPLICATION,game resource,MEDIUM
Payload/pool.app/MenuClubsConfirmationPopup.ccbi,False,3173,1640,dd2ed11d,485b36363f2594f4499bf546eeee062b983147deb627e11f5026340eebec4bf0,ORIGINAL_APPLICATION,game resource,MEDIUM
Payload/pool.app/EmailVerificationPopup.ccbi,False,2972,1501,b0732425,c6398197fabfac631d6240841eec1d82455a47f261cd80a2b2717e32c5866961,ORIGINAL_APPLICATION,game resource,MEDIUM
Payload/pool.app/CreatorMode-hd.plist,False,934,633,d3d60a5f,0b6c157e3744d026c7cad1a03cad70964124cdb0fce2bacfea6caa4919258fec,ORIGINAL_APPLICATION,game resource,MEDIUM
Payload/pool.app/BG-Tournaments-Singapore-hd.png,False,34396,34406,70191dbc,17e9852ec4159b5738aaaa9bff87f5f4637ec87ecb0283077a2d8d2f29d3ada6,ORIGINAL_APPLICATION,game resource,MEDIUM
Payload/pool.app/localization1_es.plist,False,471,354,f760c24f,68f581cf858baee5e4fd973455cbd817b7235c281b0552e47af66f09bb1954b5,ORIGINAL_APPLICATION,game resource,MEDIUM
Payload/pool.app/victoryBoxChampion-hd.png,False,55298,55308,63dc7fd3,dc844744a56fdfd6c0af798b16712e45633061191d15e347e28089d630e3946d,ORIGINAL_APPLICATION,game resource,MEDIUM
Payload/pool.app/flag_SI-hd.png,False,646,646,ebd37a14,4b97d1a8c3d1e22eefe8d31d259cdf9b384dbb602811414e33dc29608e3447f4,ORIGINAL_APPLICATION,game resource,MEDIUM
Payload/pool.app/MCFPopupFrameDesc.plist,False,329,241,6e25d61a,a6239496a52673c18efc3a18666779df957496675f45e50230fda9e805553e91,ORIGINAL_APPLICATION,game resource,MEDIUM
Payload/pool.app/Divisor-Line-hd.png,False,136,134,3683de92,40c6d8e350b1c998c8ce4e8657c455c711989e76b07432b05c4d6e4c001905ee,ORIGINAL_APPLICATION,game resource,MEDIUM
Payload/pool.app/PoolTabButton.ccbi,False,1047,648,07136904,78210d5dd8595c11b9d667d69c3a24ba933a224611dc5a8d07dca0fee2d0863e,ORIGINAL_APPLICATION,game resource,MEDIUM
Payload/pool.app/EnvironmentsConfiguration.plist,False,960,960,457984dc,474658ed31969084b985df4ea2aa9fd2c7aa8229ce70306ec64071e448c716a4,ORIGINAL_APPLICATION,game resource,MEDIUM
Payload/pool.app/sfx_victoryBoxes_box_cueUpgradeAvailable.mp3,False,48547,22853,a43ab232,3237a31b470493cb9778ab3b31a2d3e0b056b0b125c764b9d452e4829fd6fdee,ORIGINAL_APPLICATION,game resource,MEDIUM
Payload/pool.app/UnlockSlotStateViewNode.ccbi,False,3577,1720,c54f60f9,e55a3c83123a1134190f46a13dddb7743b0c3b6b651bc067dd0f7f482d895cf7,ORIGINAL_APPLICATION,game resource,MEDIUM
Payload/pool.app/victoryIcons-hd.plist,False,1823,927,3790c315,35caac6dccc34945d6cf8366e8744181074eb053a91f0b8c34854caddeb694c9,ORIGINAL_APPLICATION,game resource,MEDIUM
Payload/pool.app/Subscription_Popup_Right_Particles.png,False,998,998,89548713,49f83c8bb3a0a68b00b954c775f10965de10b929b92044d043af673b579d1394,ORIGINAL_APPLICATION,game resource,MEDIUM
Payload/pool.app/surpriseBoxEpic-hd.png,False,36750,36760,385499ef,611c5f847e51412446223f4a0e5b8cde1831a746ea4ee03dbd86ae9bada611ed,ORIGINAL_APPLICATION,game resource,MEDIUM
Payload/pool.app/TopBarUserAvatarProfileButton.ccbi,False,795,511,da28fcbb,826660bfdc88a9b76eb72df9a94aafdffc0f44e7dd5ba216085bd815c8c235cd,ORIGINAL_APPLICATION,game resource,MEDIUM
Payload/pool.app/ProgressBar.ccbi,False,927,600,e445f0cf,03bd156fa54ecb7c965519c8d6bc21d108a5d0527a3606105a6a53977e267cdc,ORIGINAL_APPLICATION,game resource,MEDIUM
Payload/pool.app/flag_CX-hd.png,False,904,904,c5e7bc90,f0b0d34a7476b5f2f6b21a8d70dc4b197494c84f8b79adf61f2dcb601946ad5a,ORIGINAL_APPLICATION,game resource,MEDIUM
Payload/pool.app/HSF_Generic_Orange_button.plist,False,134,110,d3f5a0eb,5ba4bf57eb68f63815392ddbbf790c2c7bfbfce6e708bbc63af63b1d86b080ba,ORIGINAL_APPLICATION,game resource,MEDIUM
Payload/pool.app/tableBase-hd.png,False,10546,10546,ec7d4f6b,d65db7852e9c775fc265cf02e504b495b2f46568593b979c96b4ec6dd3f9c069,ORIGINAL_APPLICATION,game resource,MEDIUM
Payload/pool.app/dailySpin.png,False,17022,17022,b2ca0e87,be94b454762fe70aa918111bcaf7603f09e1f8bb632c3202d5b2cf56fd321686,ORIGINAL_APPLICATION,game resource,MEDIUM
Payload/pool.app/flag_PW-hd.png,False,730,730,3d4ca4dc,91c02b262550b7f632685810d2cfca2bb903a82ca5487bd42692766b87871eb6,ORIGINAL_APPLICATION,game resource,MEDIUM
Payload/pool.app/flag_TD-hd.png,False,622,622,388bc4e5,7a090745e457a4326e31cfccaa761a4cfb947e831b1cdb01e591bd644365d447,ORIGINAL_APPLICATION,game resource,MEDIUM
Payload/pool.app/MainMenu_Box.json,False,85207,5013,a38a51f2,3488ff4d513843d32469ebfc8dc20e271fdbd5f09b6f013e4fb8974746ff6022,ORIGINAL_APPLICATION,game resource,MEDIUM
Payload/pool.app/MCFGenericButtonDark2.plist,False,335,250,4c681708,1d333ee2e5f1e436f4565aba7982b2ffb9230e702fc120d43f0ca29bf1dade93,ORIGINAL_APPLICATION,game resource,MEDIUM
Payload/pool.app/ProductDisplayTableNodeCellSingleSlot.ccbi,False,1043,649,872637a0,2204428a73b90fcf431a3f6d7cb56eee3a53536da1b3abd011c415145b7ab183,ORIGINAL_APPLICATION,game resource,MEDIUM
Payload/pool.app/AvatarRankUpEventExplosion.plist,False,11055,8319,4bd420fb,39dfc28d4c700a34e35d9c66ffc0cb7dfbdd0883abe330dd87e0a4a1f29b8682,ORIGINAL_APPLICATION,game resource,MEDIUM
Payload/pool.app/Relegation.png,False,9800,9800,e77195fd,c8d885a0a20aea1c254025945ceff5631cb0fea4aae30ce320303e5ebfa7e3c1,ORIGINAL_APPLICATION,game resource,MEDIUM
Payload/pool.app/Table_Begginer_Cue-ipad.png,False,1886,1886,9136d2e5,0b315aee8ffac5f0015b0de13e091cac6170330f8b6210bdaa45de691fefef3c,ORIGINAL_APPLICATION,game resource,MEDIUM
Payload/pool.app/TopBarCoinsCurrencyButton.ccbi,False,1515,896,97cf44ef,fcb7dfd051c2bbe25a69fb8099220f73366548defbb0495caf96eb07ba656406,ORIGINAL_APPLICATION,game resource,MEDIUM
Payload/pool.app/ContentSizeToggleNode.ccbi,False,3042,1506,c172a5ae,3db3686bd509e3067c9bd519c778b37d72b0295ea1032dad398e09902d6c2ee7,ORIGINAL_APPLICATION,game resource,MEDIUM
Payload/pool.app/eng.lproj/,True,0,0,00000000,,ORIGINAL_APPLICATION,bundle metadata / localization,HIGH
Payload/pool.app/eng.lproj/strings.strings,False,73,67,271593cb,f55c7db739fba8921e60443a61281f0e76276e114b11f6a841b57c1bf96fdbb5,ORIGINAL_APPLICATION,bundle metadata / localization,HIGH
Payload/pool.app/menu1-hd.plist,False,10797,4860,8492a5b6,3b0af48891920d3f2de5414965316d9cd1d220bec3700fd787f2416f962d01d1,ORIGINAL_APPLICATION,game resource,MEDIUM
Payload/pool.app/WhatsappButton.ccbi,False,1049,718,e4232036,4df7485300738afa60d46a87062fa486522eccfb204501fd00565208355c90a5,ORIGINAL_APPLICATION,game resource,MEDIUM
Payload/pool.app/ProgressBarIconLock.ccbi,False,504,324,2f86b329,3217d6485e52d3398d0ac491b780cc46e14c7384df98169071ad6cf3204c0015,ORIGINAL_APPLICATION,game resource,MEDIUM
Payload/pool.app/cueInfo-hd.plist,False,536,398,70dffd3e,6e4916e8725fa68a7fa01f1cc596f80a543e12c65c23c48c185cb2f6da7bb6e0,ORIGINAL_APPLICATION,game resource,MEDIUM
Payload/pool.app/DailySpin_MainButton.png,False,3798,3798,d8836339,d936f24d47fc4dbb91234461383ffa38c56a8b05a62768a7cc4182d5f962efce,ORIGINAL_APPLICATION,game resource,MEDIUM
Payload/pool.app/sfx_luckyShot_ingame_UI_appears.mp3,False,24446,5357,0aa9e47a,1c83b3df00dc935a6b6c917c8863a39de217e724602a6621321fc9f6784e51d4,ORIGINAL_APPLICATION,game resource,MEDIUM
Payload/pool.app/singletableLuckyShot.plist,False,235,197,d4a7b392,3fd951d298665ce0892e8d46cd92056f2c6a82fa650737a7e4154998f958668c,ORIGINAL_APPLICATION,game resource,MEDIUM
Payload/pool.app/MCFSGenericFrame15.plist,False,352,257,f6f38126,f4dc2e99e39976ac717bd0b4e9e625a2af6c7be32177745347477acdc65efa8d,ORIGINAL_APPLICATION,game resource,MEDIUM
Payload/pool.app/cueInfo-hd.png,False,2488,2488,fcb7f4a9,41c361682cec12ba353b679b0c8f6494b432b3f25df78651892ae378d13a7f1c,ORIGINAL_APPLICATION,game resource,MEDIUM
Payload/pool.app/MCFSTopBarBottomBorder.plist,False,293,217,ee26cf7a,2eafcd50b31318f3ab2f2689107614c0c4313512ea5dc74a90c4e8cadf9be907,ORIGINAL_APPLICATION,game resource,MEDIUM
Payload/pool.app/ShopPromoHub1_shopLayoutV3.ccbi,False,4797,2600,764aa212,ee278783ba7a752fd08d88d98e2840d7c59afcdff3129572112caa449abee9f6,ORIGINAL_APPLICATION,game resource,MEDIUM
Payload/pool.app/LoungeShopInfoTabContent.ccbi,False,1351,725,3136bade,089e4df32755305f1040c987ced9cd66f85fbdc8ebefa1acb915cd6a909b017c,ORIGINAL_APPLICATION,game resource,MEDIUM
Payload/pool.app/MCFGoldenCellFrame.plist,False,365,263,24947dbd,ea63dfd12d656f541b50292b4db7b7f03db1e7c41b75b1feb5fe518597c5b0c1,ORIGINAL_APPLICATION,game resource,MEDIUM
Payload/pool.app/hud2-hd.png,False,101830,101822,261ed472,1c13d3762d63283fe3456ef72914e427432d04cd2609bf6db64d889cfc267be3,ORIGINAL_APPLICATION,game resource,MEDIUM
Payload/pool.app/CheerGiftsCollectionView.ccbi,False,658,427,21829b24,e72752cf3ef48afdd6d503ef0b5d27aab4da26f5ed90c04af726e337c2c8117a,ORIGINAL_APPLICATION,game resource,MEDIUM
Payload/pool.app/flag_BV-hd.png,False,906,906,658eced9,ccbe72735c19e5a93b66d3c1a1791b76302121ed27694300602787dfa020a923,ORIGINAL_APPLICATION,game resource,MEDIUM
Payload/pool.app/ShopPromo_Button.png,False,7002,7002,ac248c72,d441c891d9e70dfbe8c2871fab7930bf65edaabbeec1a50d3fcfe9241e97fb5f,ORIGINAL_APPLICATION,game resource,MEDIUM
Payload/pool.app/CueAutoRechargeToggleWidget.ccbi,False,1296,785,d8d6b9bd,191df86a6aaec8d07c201222d6db261a0e829dd9b155da933dcd8709d01e6c64,ORIGINAL_APPLICATION,game resource,MEDIUM
Payload/pool.app/FramedSpriteBlueButtonFrame.plist,False,223,189,7832711f,6561094ee441dc29d10108d7b2fa0b1a169b113d86c5f693bb295f2e0fc6df7c,ORIGINAL_APPLICATION,game resource,MEDIUM
Payload/pool.app/QFP0AVS5A.png,False,5140,5140,006f1f37,b40f4130a7ed02860666e4f0c1dac44687e2383416d2a52d393b94097b8d8f99,ORIGINAL_APPLICATION,game resource,MEDIUM
Payload/pool.app/FramedSprit.plist,False,211,183,c49556e1,d6b23d120d5360f3d89b3949ec3b7c235445e1d284cc0ccfb4118843c26394f6,ORIGINAL_APPLICATION,game resource,MEDIUM
Payload/pool.app/widgets.plist,False,409,312,4b187f16,c0b1983b1edfa22fec1640faebb75b53155e86a6f125b7e5fd110416a54b8fc4,ORIGINAL_APPLICATION,game resource,MEDIUM
Payload/pool.app/scratchCards-hd.png,False,82628,82643,b9fb19d8,999721ef6041cd33b58a4f746f388f4029139f13d04afa455407dc601a832229,ORIGINAL_APPLICATION,game resource,MEDIUM
Payload/pool.app/ps_fall_coin.plist,False,8533,6344,3fbf8ac7,8c3a47ee7bae882fece44426819753a36bc6df1d3d4bfa1ba53a6ec16c6cbd8d,ORIGINAL_APPLICATION,game resource,MEDIUM
Payload/pool.app/SubscriptionIcons.png,False,153532,153519,89ad0085,ebfc4927efc3ff2e945cf8d5f6e30b6b9d7958451e864dbc6154f86fc0e647a6,ORIGINAL_APPLICATION,game resource,MEDIUM
Payload/pool.app/RoadProgressionProgressBar.ccbi,False,719,346,9d9a4ad4,5a835bb444d5c113ce9ad601d33aa5496301504911fb69e8ac9b7858d25e3380,ORIGINAL_APPLICATION,game resource,MEDIUM
Payload/pool.app/Diamond_Particles.plist,False,11128,5041,53e32ec2,011ea0e6fe47ba98f04478efc5dbf76e223edd9803bb3b4d9b1075742182351b,ORIGINAL_APPLICATION,game resource,MEDIUM
Payload/pool.app/40074_productIcon.png,False,5678,5678,538fcece,79cf88e27771dc744eb5bd098f59a0a1634f47b4854cd998a06dde66e6352825,ORIGINAL_APPLICATION,game resource,MEDIUM
Payload/pool.app/SurpriseBoxesQuantityPopupUpsell.ccbi,False,2416,1285,f0982325,592f780f439ab4e1ec0619c06ef1dba86f0cd56663e0391a0d0ffea70514b8a4,ORIGINAL_APPLICATION,game resource,MEDIUM
Payload/pool.app/MCFGenericFrameOutline.plist,False,369,267,bc19294f,f53587c85cccd0c5db975cb0cf71a479c8962e332c0cbf73d410b31c8edfbfd5,ORIGINAL_APPLICATION,game resource,MEDIUM
Payload/pool.app/Daily_Streak_Main_Menu.skel,False,9862,2260,92eeaf19,b56fe799aa48dd1f0e8c47b602dd6023c177041675c7feb518a5ca3b8bafd688,ORIGINAL_APPLICATION,game resource,MEDIUM
Payload/pool.app/MenuShopSocialView.ccbi,False,2604,1566,beebfdce,5dc9a5697c1e8692f2286549882dd144220e2d9e3aaa067b953de88565116c6d,ORIGINAL_APPLICATION,game resource,MEDIUM
Payload/pool.app/ko.lproj/,True,0,0,00000000,,ORIGINAL_APPLICATION,bundle metadata / localization,HIGH
Payload/pool.app/ko.lproj/strings.strings,False,73,67,271593cb,f55c7db739fba8921e60443a61281f0e76276e114b11f6a841b57c1bf96fdbb5,ORIGINAL_APPLICATION,bundle metadata / localization,HIGH
Payload/pool.app/ko.lproj/InfoPlist.strings,False,142,125,12448c94,73bb0109567b28eaa1147bf8624d25a297a51048dbe2087da180b312c9a5c391,ORIGINAL_APPLICATION,bundle metadata / localization,HIGH
Payload/pool.app/TheLostLuminousCueParticle.png,False,2556,2556,d239b30b,774a411de0bfc4f1306430726072425cb0dfe052abdb5f37c9d7cd2528bb1290,ORIGINAL_APPLICATION,game resource,MEDIUM
Payload/pool.app/Particle_Stats.plist,False,11152,5063,27cb9b22,8f25729f310c4bae1da4a7dcab6e707b6f27e4183bd8ec05b38a21789b53665e,ORIGINAL_APPLICATION,game resource,MEDIUM
Payload/pool.app/CollectRewardWithLastArrow.ccbi,False,621,370,9fb7aa5a,90493c7d2ab2794504bdcabfe0bd53a5deda19ba0b1b22f09f2bcaeee210b5b9,ORIGINAL_APPLICATION,game resource,MEDIUM
Payload/pool.app/MCFSNewShopCellGreenBright.plist,False,338,259,1599cb04,d78427810f3dd47488a4433c0ad7c1b3679d18273a01510de96cddbe2a95924e,ORIGINAL_APPLICATION,game resource,MEDIUM
Payload/pool.app/PrizePairWidget.ccbi,False,2359,1157,bb30ce09,d99cbfa045ccdd66d62d8d7f2d76aaff278c39cb3a0db91cb9ea660fd6c9a914,ORIGINAL_APPLICATION,game resource,MEDIUM
Payload/pool.app/TrophyRoadCell.ccbi,False,1261,768,fbb9b244,db1eb96ede2df6b8104d25e3a2ffbc61883e29969516cb953e3aa3b877a6068d,ORIGINAL_APPLICATION,game resource,MEDIUM
Payload/pool.app/GoogleService-Info.plist,False,1306,528,a72bde22,f7ae493f251fd2f21d362322bad41e3f5e61d8c2b9ea15f2260a064cbacebef7,ORIGINAL_APPLICATION,game resource,MEDIUM
Payload/pool.app/MCFSGreenIconContainer.plist,False,354,260,7d7f6daa,4e59876a1b2a9ea78ec9fff249e17b20ec8616c571998afa3961a996c328aef7,ORIGINAL_APPLICATION,game resource,MEDIUM
Payload/pool.app/ballsBase-hd.png,False,3458,3458,8e46e49e,75e2828b0414d668e57b6e151126fcb011613b390fb9e21ac978b9d2dc4309c0,ORIGINAL_APPLICATION,game resource,MEDIUM
Payload/pool.app/BigBox_Epic_Inside_Glow.plist,False,6060,4462,a6b8aa92,8b23a80ee3e845d2ba94050c08c4052672eade984213911c50a93dc9bcf4fd5d,ORIGINAL_APPLICATION,game resource,MEDIUM
Payload/pool.app/sfx_luckyShot_prize_poppingIn.mp3,False,31019,21221,62729593,a6f03ac4ee9235dbf41f055ab91a7300950dd8309c37e0a2d4eab8cb5e8a33c9,ORIGINAL_APPLICATION,game resource,MEDIUM
Payload/pool.app/MCFNanoBGShadow.plist,False,352,271,05b2e2d0,dc492d200d6678be7f692c8b1f8ec063932d9d9d8ad9b012f51571503f60b883,ORIGINAL_APPLICATION,game resource,MEDIUM
Payload/pool.app/SubscriptionInfoSingleTable.ccbi,False,5090,2031,6c9fd32c,0408f14faf07dac3a197131906aaf97c0f969f6548de1b8b53bfc0f2bedd0639,ORIGINAL_APPLICATION,game resource,MEDIUM
Payload/pool.app/GameAimWheelTutorial.ccbi,False,1479,656,423b8fd7,0c7f5f19e5df0f1da0fa6255718a68988f608f7db83d37c48953ba7baecb2ca5,ORIGINAL_APPLICATION,game resource,MEDIUM
Payload/pool.app/ProfileCreationPopup.ccbi,False,4556,2384,62dc99aa,4456269b0e41f072acaf4407c41538407477452bcbd355a067c5cd4c0491bd3b,ORIGINAL_APPLICATION,game resource,MEDIUM
Payload/pool.app/CashTrophies.ccbi,False,300,235,fa91e8b1,9f59000a7eb9015bcb86afd71e11395294646819452c90097d44f5d96e48a6cf,ORIGINAL_APPLICATION,game resource,MEDIUM
Payload/pool.app/GoldenShotCommon.plist,False,1213,755,bb054c0d,3ccf8a185089b1431538bb19293b82d37fe0252cffff9b597c444582608823c6,ORIGINAL_APPLICATION,game resource,MEDIUM
Payload/pool.app/MCFSGenericFrame17.plist,False,352,257,ca481a00,23c765f88ad425e25d5ab2a60c76ce1261339b580216ed8ed7f3b89fc4da2cf9,ORIGINAL_APPLICATION,game resource,MEDIUM
Payload/pool.app/themeTrophy.png,False,28866,28860,2cb130ea,fb4daeeca1466a10ad324b46c7c647faf44941551a937d755c1ebd700a4bc646,ORIGINAL_APPLICATION,game resource,MEDIUM
Payload/pool.app/flag_IR-hd.png,False,704,704,16647abf,df44b82e022e9796889978546282c9965d89079ff6be80f3a4445bf01344a3cb,ORIGINAL_APPLICATION,game resource,MEDIUM
Payload/pool.app/CashSquared.ccbi,False,301,231,7dd1b742,a3c001df521e807c26ae165bad1a25321d101aac826c04ae5316e3a313916ff7,ORIGINAL_APPLICATION,game resource,MEDIUM
Payload/pool.app/Generic_Logo_MMR-hd.png,False,15052,15052,adb2906b,4d9997d02fb7c85207ba06fdae785ccf03f9e11fc3e96b56c438372a3297e19f,ORIGINAL_APPLICATION,game resource,MEDIUM
Payload/pool.app/MCFButtonTwitterFrameFromHSF.plist,False,338,255,29bae04b,e7a09a4651ded3ab3dba341cc1d1fd45858fd26562d4b1a2d80e3b1ec936e8b5,ORIGINAL_APPLICATION,game resource,MEDIUM
Payload/pool.app/flag_MA-hd.png,False,634,634,aa35121c,640222468397d7ef8bb8723a4d9f9d869ede00473aad3942998d2dafb706e927,ORIGINAL_APPLICATION,game resource,MEDIUM
Payload/pool.app/FeatureNotAvailablePopup.ccbi,False,3149,1605,888f0e5a,3ef1928bd9e499f0921661af00e00efff54b94722cae7810af2bf253bc8b994d,ORIGINAL_APPLICATION,game resource,MEDIUM
Payload/pool.app/Subscription_Popup_Center_Particles.plist,False,1608,838,84176eaf,6252d947119f666c23eecf5a8761e716dc96741dfdeb9400c79a29fc278eae1e,ORIGINAL_APPLICATION,game resource,MEDIUM
Payload/pool.app/OpenGift.png,False,6022,6022,ae2f92df,eecd05cfe99a29e4002dda2a4215fbedbbf428e3c3dc0ae0741a7698c860c2d0,ORIGINAL_APPLICATION,game resource,MEDIUM
Payload/pool.app/SegmentedProfileCollectionItem.ccbi,False,912,589,e02acf1c,b128744614f8904c8208734ebd9d543d7e46e6dba374192385f5807b8ca03513,ORIGINAL_APPLICATION,game resource,MEDIUM
Payload/pool.app/menuNoWebP-hd.png,False,1380,1380,97cf30f7,916d4de54ceb2b627744b74a3e0574fb058fb7b8dd63b7f5233ad150a5bc3212,ORIGINAL_APPLICATION,game resource,MEDIUM
Payload/pool.app/ShopPromo_9_ProgressiveRewards.ccbi,False,551,332,d1f2a035,1c1e71208e27e166a327e8ebdc34d8f80bf71041b3103ae2edcf553f0427182e,ORIGINAL_APPLICATION,game resource,MEDIUM
Payload/pool.app/MCFSMenuFrameDescUserProfile.plist,False,330,242,ef7f59b1,912a51203da3e9c83b30ee0815cb5fb959de956e392064570c8f275f6e04ac07,ORIGINAL_APPLICATION,game resource,MEDIUM
Payload/pool.app/flag_SO.png,False,338,338,dee49dea,5a310e979233d2d7053182c3aef62b953106f1bc0f05d5cebcf06f3a94733a3f,ORIGINAL_APPLICATION,game resource,MEDIUM
Payload/pool.app/flag_PT.png,False,430,430,d2b5409e,7a1e0970432e86ab0531aca363037172f24c737043c6d145fecde0d3b09c37fa,ORIGINAL_APPLICATION,game resource,MEDIUM
Payload/pool.app/CueRechargeButton.ccbi,False,2011,1159,a2fdc861,c20ef4296cd7a2f24ef70dc3265e4df84d283bd0c245d98b97f9c012baea0250,ORIGINAL_APPLICATION,game resource,MEDIUM
Payload/pool.app/MCFSNewShopCell.plist,False,325,247,f4cc2517,470523d34bb49508b35b44546c737d5d82d86f866ad9aab7993e02f4c42460a8,ORIGINAL_APPLICATION,game resource,MEDIUM
Payload/pool.app/ball5.png,False,696,696,7c530df8,90b877bf04e815308c3f3ffd137259229b094b704e79aea9261f0bd1d29bf15e,ORIGINAL_APPLICATION,game resource,MEDIUM
Payload/pool.app/TopBarDailyMissionsFreeCoinsButton.ccbi,False,2734,1541,27504e96,f6ed5e1a3dcc4c080b37900539c2385a83ef3c7e8e3e4cc40d32a619fb4dd943,ORIGINAL_APPLICATION,game resource,MEDIUM
Payload/pool.app/CreatorMode.png,False,7990,7990,eb09ac54,db484e78a2834ca42d9b6ecbf9955d76eb37fb190b0a2d800481db9047cdd4e9,ORIGINAL_APPLICATION,game resource,MEDIUM
Payload/pool.app/GenericCircularCounter.ccbi,False,1310,756,5ed2f8d3,4aa3def8b15dfb6aefec6d78d1e9eaa6607a167b94a12f3138a1de4e6dfbe844,ORIGINAL_APPLICATION,game resource,MEDIUM
Payload/pool.app/TopBarShopButton.ccbi,False,1122,747,adf367ed,91927c60273ebd4261998c6aa6e24c24d1c5b4458989cfc2f74b821478149534,ORIGINAL_APPLICATION,game resource,MEDIUM
Payload/pool.app/pt_pt_promo_text.plist,False,100703,36725,0a312ead,fb7f1c81c41f6c73ef1f859ddca0ab10b3faf4aecf3517b29896da746bfafdf6,ORIGINAL_APPLICATION,game resource,MEDIUM
Payload/pool.app/flag_MM-hd.png,False,692,692,934a5306,1b1680e77a8ce7106e7cb7ff6b75099e4e8f196460c3d9a5e9aa59711e57b48a,ORIGINAL_APPLICATION,game resource,MEDIUM
Payload/pool.app/MCFSGenericFrame9.plist,False,351,256,02dbc232,468e49571bef065592772983cafe5c121a2772bd9e2457d720f4e803cf26c1b3,ORIGINAL_APPLICATION,game resource,MEDIUM
Payload/pool.app/MenuClubsMinimumWinningsPopup.ccbi,False,2145,1281,15ea8b45,fc9788b2101ce37d6bbcc800ec77c6e510099929f426b5efdac8f56f7cc7da20,ORIGINAL_APPLICATION,game resource,MEDIUM
Payload/pool.app/fbStories.plist,False,915,556,9815b3a8,fa1b28c78678f633274c443c0ce6dfdda022ba64a1f2a7de61431cd55d226e0f,ORIGINAL_APPLICATION,game resource,MEDIUM
Payload/pool.app/sfx_LAchampionship_pressPlay.mp3,False,17560,12463,133aa3d8,9840d20190a1d1f7073a970773ea9d178479e3c235c2ccd4a17a533a7a4ef40b,ORIGINAL_APPLICATION,game resource,MEDIUM
Payload/pool.app/flag_KI.png,False,494,494,b9fa9748,65f7f68d59e874ad8cafa20fea0a76455c418fe3b195424f16dd8e2050934e82,ORIGINAL_APPLICATION,game resource,MEDIUM
Payload/pool.app/BG_Generic_Blue-hd.png,False,18992,18992,7e6f061a,41d11220697f0a1e7e965ef143e93c7817a01dd48858c6cfd9edbc8af56acbec,ORIGINAL_APPLICATION,game resource,MEDIUM
Payload/pool.app/flag_HR.png,False,470,470,99f069eb,95fc79bef3d953e341ba797cc72ae2055855d4358d27a1d53028d3c21b091cec,ORIGINAL_APPLICATION,game resource,MEDIUM
Payload/pool.app/flag_JM.png,False,528,528,0a4f14f2,56aaba6714fe0ca94ae8cf37b61452076899232e3cfee271fd397fc9fb25c56f,ORIGINAL_APPLICATION,game resource,MEDIUM
Payload/pool.app/CueCollectionCommon-hd.png,False,557682,557244,ef4d850d,ac3e67e55fdc6ea5254024ca10e94b539f135345c342644e986f276972082c25,ORIGINAL_APPLICATION,game resource,MEDIUM
Payload/pool.app/flag_KN-hd.png,False,1024,1024,f37e5594,71207a266fef0c5a07aa951a74098dfd1a5ac6f17bbe66aacc3025fa703bb91e,ORIGINAL_APPLICATION,game resource,MEDIUM
Payload/pool.app/ShopPromo_Frame_Scratchers_ProgressiveRewards.png,False,484,484,aa127344,c4f514294a4e0e5983596f2010d6b1d1358126cfb9551cd4f3f49bc72d4a61eb,ORIGINAL_APPLICATION,game resource,MEDIUM
Payload/pool.app/ClubBanChatBubble.ccbi,False,598,454,91c58a71,109ad26411b4f9d2eb2c37c4e9cdc53acce213037cf20eae5a35f046e348fb58,ORIGINAL_APPLICATION,game resource,MEDIUM
Payload/pool.app/Coins_Pile_Blue_Glow.png,False,41638,41648,57ba7f92,fb608d835dfe91350277379c1809b99ca6350e89a08463d86d0700550fe09cc7,ORIGINAL_APPLICATION,game resource,MEDIUM
Payload/pool.app/Unlock_Particule.plist,False,1413,733,3bed8620,71c0574a430ca42f59c2cf52f630736ad489f0dfb529597a6af256bdf1a82043,ORIGINAL_APPLICATION,game resource,MEDIUM
Payload/pool.app/HSF_DailyRewardArrow2FrameDesc.plist,False,141,116,e062d2ba,19b6ce7734389621a7ce02ed37b76ec7dae3fb6368d7c8e90327c4e2a3084689,ORIGINAL_APPLICATION,game resource,MEDIUM
Payload/pool.app/FramedSpriteBevelWheelFrame.plist,False,215,189,80af63a6,093b2bd2e39ce80e6c6107a195c7780bbf22c75e221faed5034c9a0a9210625a,ORIGINAL_APPLICATION,game resource,MEDIUM
Payload/pool.app/GS_Popup_Rings_Animation.atlas,False,2252,447,37a05e11,4cafd249f65235cb046526a1a5fdceb8400ac9155ff5401721529e5cf12ed8e5,ORIGINAL_APPLICATION,game resource,MEDIUM
Payload/pool.app/flag_LC-hd.png,False,834,834,388745ed,4badf7e5221c0fbe1729ebd887887181fc25c623931fd2c7644e252690d5f11b,ORIGINAL_APPLICATION,game resource,MEDIUM
Payload/pool.app/theme1-hd.png,False,251772,250977,74317d83,4d4dc10aebec9644588e362df801af26e0aeb970b5fe9081364e8abf8a4b5cb1,ORIGINAL_APPLICATION,game resource,MEDIUM
Payload/pool.app/BigBox_Legendary_Shines.plist,False,6568,4864,2f2540da,384b25c6e2def7c1ad3eba42889b788f64de0a90c16c5ca4715768ed5b83c4e8,ORIGINAL_APPLICATION,game resource,MEDIUM
Payload/pool.app/Select-Icon-Slot.png,False,286,286,6640cfb6,d36e85f6680248399c237985be66c4782dba9fc0fe274da56472be7206a6d796,ORIGINAL_APPLICATION,game resource,MEDIUM
Payload/pool.app/MCFSHudChatScrollDesc.plist,False,325,250,27be5390,ef3b6317735d4acb652c31f37fe0f59e78b917f9564e9c092a1407649ae557d8,ORIGINAL_APPLICATION,game resource,MEDIUM
Payload/pool.app/FramedSpriteTableCellYellowFrameDesc.plist,False,209,183,1aed02ee,b9e76b3a2e4beca19301dab439b925aeb19283fcb0dfb5825ecabeca0c1e74ad,ORIGINAL_APPLICATION,game resource,MEDIUM
Payload/pool.app/sfx_spinWheelSlowDown_left.mp3,False,42913,39265,7334e934,9d8ac0ec2edfef23ef1e21b5d4bbaf56440d1838b874d3e33bb836e83f0a90b6,ORIGINAL_APPLICATION,game resource,MEDIUM
Payload/pool.app/sfx_cue_collision_strong.mp3,False,14255,9034,cc54a00d,c5d543771e217c3b82acffc88bd64e415e38e6f996db4d4e0e70f1ed34749495,ORIGINAL_APPLICATION,game resource,MEDIUM
Payload/pool.app/CyclePromoArrowNew.atlas,False,411,202,1783ae55,33cb5544ee6d5be18c2f0b5270dddd45b36cc35ed3647b162df21d69ff876fe7,ORIGINAL_APPLICATION,game resource,MEDIUM
Payload/pool.app/flag_EC.png,False,422,422,c2e4f553,1dceb9f1328f4ec8ae4416e3c959cec7a2a676a51f27f0eacd7a80cf4e046ed5,ORIGINAL_APPLICATION,game resource,MEDIUM
Payload/pool.app/CueMastery-FeatureUnlock.skel,False,19200,2737,20b9e80b,538786c82d06545f0542459a3de7b97bd24fe31cb52c1c2339c507d411af964b,ORIGINAL_APPLICATION,game resource,MEDIUM
Payload/pool.app/QFP0AVS5A-hd.png,False,15902,15902,bbef204f,561118bc0fa45a261de714fe8eb2dcea1b4febf7b07ff742a9c2724549d07abe,ORIGINAL_APPLICATION,game resource,MEDIUM
Payload/pool.app/flag_DEFAULT.png,False,392,392,c5a0d462,6b840096831a490b1bce69152e4397049986f8ec651d714b4671aa539cea0250,ORIGINAL_APPLICATION,game resource,MEDIUM
Payload/pool.app/MCFClubsPrizeBarFrame.plist,False,352,260,5e60ecb5,a9f83bb202157e5a465d1ff9996a7b7155cd6566b238f3e28960e00bec7517b9,ORIGINAL_APPLICATION,game resource,MEDIUM
Payload/pool.app/flag_MU-hd.png,False,496,496,176d4e09,deb2c44ce57a78ad723c0705fd7b41f99d9efafea8ba8372060b95c72012b072,ORIGINAL_APPLICATION,game resource,MEDIUM
Payload/pool.app/flag_FO.png,False,420,420,de073437,89e5e9bdf9540556cac5c48c42c8a04cce5b64c0afdf278c052b5e34eb1296eb,ORIGINAL_APPLICATION,game resource,MEDIUM
Payload/pool.app/flag_ET.png,False,472,472,6e96506a,843866261ac9ffdcab8efb9031876dc2aaf4cdce404b1ff391a0202b937a2551,ORIGINAL_APPLICATION,game resource,MEDIUM
Payload/pool.app/ps_most_valuable_cue_yellow_gameplay.plist,False,7253,5358,feae453a,3f97cae9aa3e644051b73dc8fe5283959d42ba7c7ffefadbcedeb8e7512af764,ORIGINAL_APPLICATION,game resource,MEDIUM
Payload/pool.app/NameChangePopup.ccbi,False,4842,2361,4b05b6d9,207c86ee738a9c5ae29eeb3b8719d844ed621a46ac200ac9b800d55b52355807,ORIGINAL_APPLICATION,game resource,MEDIUM
Payload/pool.app/ScoreTallyNodeSingleLine.ccbi,False,1666,936,eda85a76,34f97682a620e16b0f39a0c26a33fb312d031bf97fbe7ed6a5c16a8df2468647,ORIGINAL_APPLICATION,game resource,MEDIUM
Payload/pool.app/menuModes_Bundled-hd.png,False,30234,30196,677fc1b7,fb2d35f8c5cf3ab89f53832de1a57fa0ad8e3780795db358c5c57d3111fb730e,ORIGINAL_APPLICATION,game resource,MEDIUM
Payload/pool.app/CyclePromoArrowNew-hd.png,False,3684,3684,e5d4d05c,c392a81a2fe7e5cb5131ba26d77dc2f2d937718fd730b2960f6641d470012188,ORIGINAL_APPLICATION,game resource,MEDIUM
Payload/pool.app/CreatorModeHUDButtons_WithShare.ccbi,False,2217,1144,9aedf7fe,a83a2938cdfcfe98b97a0b44fb7728f1abc0ce3bfeb3fcf4bfa9db718ec8231b,ORIGINAL_APPLICATION,game resource,MEDIUM
Payload/pool.app/ballsBase-ipad.png,False,3144,3144,4feb6b76,baed87b2db1eceda135fc1c37f66677e48ad7405c1cca48e6d79eb24cee09753,ORIGINAL_APPLICATION,game resource,MEDIUM
Payload/pool.app/Filter-Base-Frame.plist,False,288,214,d8d5334b,d9f09d408e9e1a8b3dc88dcfe1662de2533382077b0faa79406e970b0f9568f5,ORIGINAL_APPLICATION,game resource,MEDIUM
Payload/pool.app/CueCollectionInfoNewBadgeOverlay.ccbi,False,289,229,960f4302,2542e6c052811cf20c19b507fb43ba64d6d4ab9eeea9bf049c72867e64064f0f,ORIGINAL_APPLICATION,game resource,MEDIUM
Payload/pool.app/MCFMenuFrameDesc.plist,False,329,241,f5404de2,daea1f40b25dc86e18f1379a19681b792ccb1524957b74a1a401134a7b544dc4,ORIGINAL_APPLICATION,game resource,MEDIUM
Payload/pool.app/MCFSLoginButtonFacebook.plist,False,335,252,b7bd3999,aa5cbfc8a6936c4f970ed2ea002b48dea3662f7ddd1c248dcbfc26cdcf35aa37,ORIGINAL_APPLICATION,game resource,MEDIUM
Payload/pool.app/ShopPromo_Gems.plist,False,607,342,88127d06,3374d48948b4b632549fcd1f10527cb4b5c973e2fdbad33c3bb5ba35903e36a2,ORIGINAL_APPLICATION,game resource,MEDIUM
Payload/pool.app/flag_KH.png,False,470,470,83c9fd44,cbac8d20539a7f8e60b6bbe74342ccf246a9dc87aa0078ee30537688d02416e3,ORIGINAL_APPLICATION,game resource,MEDIUM
Payload/pool.app/ShopPromo_Gems-hd.plist,False,620,352,ad064970,281039b7ad24c267a5a39cfcfcc667d053c85f86f5ad9c217ee45b3ed6aa6bfd,ORIGINAL_APPLICATION,game resource,MEDIUM
Payload/pool.app/GS_3_idle_02.plist,False,1542,826,82ad2224,559e7dbba0f22dadff61bb26a28159ac3de76ee9d42897a4be8e79b8a5ab99ea,ORIGINAL_APPLICATION,game resource,MEDIUM
Payload/pool.app/localization1_en.png,False,16096,16096,d4e2d58c,39bdee75b7eda713ab12031ff5a3f141f45bbd09b4376d660d0c8d33e06f9b1a,ORIGINAL_APPLICATION,game resource,MEDIUM
Payload/pool.app/ClubGiftingButtonProduct.ccbi,False,461,335,7ee7dc47,b9b6a27b8fe509cd6b7f9834616a56fa0bc3ecf19e6b3ac844ed0251453c712f,ORIGINAL_APPLICATION,game resource,MEDIUM
Payload/pool.app/GD_Promo_Particle_Prize.plist,False,1560,842,52237ba6,0aeb4e9faaa37c65d8bc22f4f241b94aaead7f0be9d9da63007ae85d20831baf,ORIGINAL_APPLICATION,game resource,MEDIUM
Payload/pool.app/Relegation.atlas,False,691,246,bea08185,108aa198f1e7dada9c742c5ecfbfa9accb7707c584b3e31c5441f132896b01f6,ORIGINAL_APPLICATION,game resource,MEDIUM
Payload/pool.app/flag_SY.png,False,420,420,ec638e18,7c5b991dc64bdb707dd02b7df1b97a5d6f3d67253447dc3cd1b81d54ea08d551,ORIGINAL_APPLICATION,game resource,MEDIUM
Payload/pool.app/GD-Animation-PrizeGlow.atlas,False,428,212,64ef6e01,9d23c1a44744a997a42ece3a3c0d3ecaf638eca258be7e2f6b7790352dfa7feb,ORIGINAL_APPLICATION,game resource,MEDIUM
Payload/pool.app/MCFSBubbleFrameDesc.plist,False,346,261,f318e472,bdb117d8d9908492aba0c481e2de8ff9dd61d22586c6d4b2e86525a29831f952,ORIGINAL_APPLICATION,game resource,MEDIUM
Payload/pool.app/ClubPromotionChatBubble.ccbi,False,607,446,ecc3e82f,ef5562de9af5521963355fb8459aae3711b6fda1740a88ba3f1ceddfb65f2aa6,ORIGINAL_APPLICATION,game resource,MEDIUM
Payload/pool.app/ball4.png,False,640,640,2fea223b,b6cf8f00b367ca0c6879487b2d7ab99293d914f5c4fb0f802925aaa51ba8b9d9,ORIGINAL_APPLICATION,game resource,MEDIUM
Payload/pool.app/ClubLeaguesInformationNode.ccbi,False,2121,1033,e22a2ca0,9d71a003e8504eecb9c262eafdaeadf20aa2738dc3582babefda83e7c3c396f0,ORIGINAL_APPLICATION,game resource,MEDIUM
Payload/pool.app/ball4-hd.png,False,1114,1114,082597eb,f306127bfd7a28329bd5732af323f44c22f2c7b7c50c24589603b33e663177d2,ORIGINAL_APPLICATION,game resource,MEDIUM
Payload/pool.app/flag_SN.png,False,432,432,2f70f991,cbc706235c2284f55bd36af49b3ef5f9fba52a9aea3c334971fb3f0b82db8e0f,ORIGINAL_APPLICATION,game resource,MEDIUM
Payload/pool.app/localization1_kr.png,False,14516,14516,b44a397b,1ac72c825ebb769220d7de0a4b4d4463f671acc6c6da53d03fe4506efdc4a3a1,ORIGINAL_APPLICATION,game resource,MEDIUM
Payload/pool.app/localization1_hi.png,False,15436,15436,a8906084,56d5c6d385d8aa64bf6edad47efdc27721810d453fe3cd681eac23f12e9bf81b,ORIGINAL_APPLICATION,game resource,MEDIUM
Payload/pool.app/particleTexture.png,False,2822,2822,b9baf6b5,5723aba63646ff56055b2b29fd8b007b557382c68edc7dd4dbb5263afd461698,ORIGINAL_APPLICATION,game resource,MEDIUM
Payload/pool.app/victoryIcons.plist,False,1787,921,0ada75e2,fb2f4f4f24be6137cd23a1c9cab00c4235ae7c33db5400d1f7789a15e38fe414,ORIGINAL_APPLICATION,game resource,MEDIUM
Payload/pool.app/MCFLeaderboardHeaderBGNode.plist,False,354,259,e50393dc,ae068989fd051ecf407dfb029d5108c9b1681bb02bf9140945f26611ae829582,ORIGINAL_APPLICATION,game resource,MEDIUM
Payload/pool.app/TrophyRingRewardPopup.ccbi,False,3614,1878,d1a3baae,d76c9613a27205796f2236862011d0fd3500004221c539b252b62d62a3f32302,ORIGINAL_APPLICATION,game resource,MEDIUM
Payload/pool.app/MCFSCueCollectionTopBar.plist,False,324,246,3f55fade,b3b17b0028e32ea29db4b842eafd22dc1410b3871e0deb3b469ac897752019f9,ORIGINAL_APPLICATION,game resource,MEDIUM
Payload/pool.app/Shop-Promo-Card-SB-Legendary-A-hd.png,False,2424,2420,24f0869a,42cb418e52e4ffb1adb04c09cef3f7cceb6b2ab24f5ec76f8fe6fbcde88ae98c,ORIGINAL_APPLICATION,game resource,MEDIUM
Payload/pool.app/ball8-hd.png,False,890,890,2cd62aaf,1bcbdce09a07a8ed4b11b651c029709c166b0b2676e4cc1eecd25821c474ab60,ORIGINAL_APPLICATION,game resource,MEDIUM
Payload/pool.app/flag_KZ-hd.png,False,776,776,05573eac,9a9a6b8cf8bbfd2113a14cb33778f119dd51c4309066f5082e815beeabc3d589,ORIGINAL_APPLICATION,game resource,MEDIUM
Payload/pool.app/FormCountdown.ccbi,False,2399,1378,9668ade9,d80c030efceb8e104b9e5450952f7e1f67b521bbcd1b3980591d48fd3a4b7682,ORIGINAL_APPLICATION,game resource,MEDIUM
Payload/pool.app/tutorial.png,False,26072,26058,6343c1e4,2e2b4895b344f9b8494c9c30d2bcff3180c88c3bd3a9e872206ab25ceabd4220,ORIGINAL_APPLICATION,game resource,MEDIUM
Payload/pool.app/TrophiesCommon.plist,False,2366,1257,f6d21686,82fe43dfdf5fc1aea483b948856f6f9822bfdd72e30237ab7bc9c49ea797d399,ORIGINAL_APPLICATION,game resource,MEDIUM
Payload/pool.app/FramedCurrencyNode.ccbi,False,995,636,e0a55963,7e5376431e14c487c9cb9f5116610c30e669e7f38ed1c1f9e2c53e81892eb368,ORIGINAL_APPLICATION,game resource,MEDIUM
Payload/pool.app/sfx_luckyShot_gold_popup_tapNewTableButton.mp3,False,34775,15949,5328e721,72af0a989a3c4f9d3dec3c84dcbaf385d75f68f778c83d8cd880db8c2296797b,ORIGINAL_APPLICATION,game resource,MEDIUM
Payload/pool.app/MenuClubsLanding.ccbi,False,1079,708,1c77dd6c,5649f6523ada9d39ea12603d9b0067910d94d0fcfb0c50fc6df00f7ef80a1af7,ORIGINAL_APPLICATION,game resource,MEDIUM
Payload/pool.app/victoryBoxPro-hd.png,False,44282,44292,4f10e5dc,fe58d07ecbd7ee42762cbeccd07010a59fc1f679c8508008b701f7502329def7,ORIGINAL_APPLICATION,game resource,MEDIUM
Payload/pool.app/ProductNodesBoxes-hd.png,False,14346,14314,4a460d0c,1748134e17970e84b702f9e0bfefb0aa67ea32b206be902a7c4d2b63afe6b1a7,ORIGINAL_APPLICATION,game resource,MEDIUM
Payload/pool.app/hud2-hd.plist,False,1093,546,4b69e7c0,d75b803edc8b38f8e0a3e5991a2f5310b9e02d63ab2289bdd10503e2e59f8813,ORIGINAL_APPLICATION,game resource,MEDIUM
Payload/pool.app/FramedSpriteBubbleFrameDesc.plist,False,217,190,630c2ebf,033d43c5db2903cc806b5168a58a59c8605943a458ab33320972ee3e7147d568,ORIGINAL_APPLICATION,game resource,MEDIUM
Payload/pool.app/FriendReferral.plist,False,429,311,3aee65a3,bec865c7f850a3a50d68ec58d987d80278285958fbf751ffc980542a4b617494,ORIGINAL_APPLICATION,game resource,MEDIUM
Payload/pool.app/TrophiesProgressBar.ccbi,False,935,604,68ef9011,06a69e36b7612d7ccaf494751a7563bf7baf5c51c024d7c1234d9eb22f391144,ORIGINAL_APPLICATION,game resource,MEDIUM
Payload/pool.app/flag_MY-hd.png,False,944,944,941f246a,7a41193b3e16c34238962533cdfe410a3cebb5bdb3d6a12ce12164c2ab5928a3,ORIGINAL_APPLICATION,game resource,MEDIUM
Payload/pool.app/MCFSpinWheelLightsFrame.plist,False,367,266,73213986,59c757b71cd98ad66975ead834d59ba90b619ec2c42dd60528bda65a9bf3a9da,ORIGINAL_APPLICATION,game resource,MEDIUM
Payload/pool.app/FriendReferralShareButton.ccbi,False,1395,884,675b690c,98d4eee3a18ea113884220cc58f8eb98465c204a506ad76f592a51dd956bdf78,ORIGINAL_APPLICATION,game resource,MEDIUM
Payload/pool.app/GS_2_circle.png,False,972,972,e3209090,bf3a7cc192e9fbb61e145dbc26208607d446cd4f08a92a29f96f421a7f958e90,ORIGINAL_APPLICATION,game resource,MEDIUM
Payload/pool.app/ProfileCreationNameRandomizationPopup.ccbi,False,5018,2599,73df7437,af4863c8ef4d684d20ab0b93d06985543c241f992932577c25d3405c293c2535,ORIGINAL_APPLICATION,game resource,MEDIUM
Payload/pool.app/PiggyBankFullscreenProgressBarWidget.ccbi,False,1860,1060,6f1a0c81,a4af9486accd6d2f9ba107d4140132803ae4b4b2859311beb88b20cf88752dbf,ORIGINAL_APPLICATION,game resource,MEDIUM
Payload/pool.app/flag_NG-hd.png,False,532,532,8740f883,9a1d6cddb245a9a3e9710082b591f3adcffff310eafb309131913c4b32a408de,ORIGINAL_APPLICATION,game resource,MEDIUM
Payload/pool.app/HSF_DailyRewardArrow1SelectedFrameDesc.plist,False,150,125,51868412,1807d1d47fcbf4cd4d51deef7ee46e79f159d1ae4f8873a155b1f34ebc387ea3,ORIGINAL_APPLICATION,game resource,MEDIUM
Payload/pool.app/MCFDailyRewardArrow2SelectedFrameDesc.plist,False,366,272,1a99ac00,a641ad19bba747fc9d727c37f35660c5118ef54a874cd2bff4d98e6706b66015,ORIGINAL_APPLICATION,game resource,MEDIUM
Payload/pool.app/shopAvatars-hd.png,False,7784,7739,0343108e,3abeea297669b8b2c0d47a8acdc7c0273f639667deae39a17664658389b42c54,ORIGINAL_APPLICATION,game resource,MEDIUM
Payload/pool.app/CueSearchSortFilter.ccbi,False,3533,1815,37e3419d,d037f3aafc699ae5314fe24bbf4919ef0240dce8f0ccef2c4673ced19f181155,ORIGINAL_APPLICATION,game resource,MEDIUM
Payload/pool.app/FormActionButton.ccbi,False,2021,1150,5cfb28b4,b9f1c8f00600176305b9ef47dda2294b7040cb14cb9121d1f22cbfb56b9e7704,ORIGINAL_APPLICATION,game resource,MEDIUM
Payload/pool.app/ps_cm_cue_idle.plist,False,12923,9447,aeb0dcbd,b5a7d1e4a75d2247c179025a8d52cddeb7141af1bf0dfe201a2f2f1364fe88d0,ORIGINAL_APPLICATION,game resource,MEDIUM
Payload/pool.app/PiggyBank_FullScreen.skel,False,244066,26001,a6a8b648,3129d0bad60bbc4a4ebe0afc5926c866417118187f2ed475d9459ffe78ed10e9,ORIGINAL_APPLICATION,game resource,MEDIUM
Payload/pool.app/hud2-ipad.png,False,106992,106852,474b6d35,1cc68e85d6ebaec3ffa97932cf59188eb7cb51be1b89f6647a4278776547281e,ORIGINAL_APPLICATION,game resource,MEDIUM
Payload/pool.app/singletableLondon.plist,False,228,191,0710f991,03272ccf04fd6acc1503731f45aede15db858b516d17372a86d592312099d9ce,ORIGINAL_APPLICATION,game resource,MEDIUM
Payload/pool.app/SurpriseBoxes_Arrow-hd.png,False,2718,2718,f16d5950,be278b45939c32e36e1f619260466b493af8614d1a132ea426c86a2580b15977,ORIGINAL_APPLICATION,game resource,MEDIUM
Payload/pool.app/VictoryBoxDetailsInfoListWidget.ccbi,False,2735,1575,82c36d50,8cd5a0227a89deab28681b397200843f63e6665a3ab7f1249d1d88a944e79b9b,ORIGINAL_APPLICATION,game resource,MEDIUM
Payload/pool.app/CueMasteryUpgradeView.ccbi,False,4863,2692,6e0c82be,bf26369d35a068ae5d2dad3a4f78e1bea115bc0014e59c795beb12ed28ed266e,ORIGINAL_APPLICATION,game resource,MEDIUM
Payload/pool.app/dailyMissions.plist,False,308,256,84ea7913,3b89957589d69f2c6b882cf1f094c30a1ac658b543199a5dc0ee5b8c5514c532,ORIGINAL_APPLICATION,game resource,MEDIUM
Payload/pool.app/MiniGameOddsTab.ccbi,False,1792,1094,c5544450,e9c4c0d71a95db8a951a2f0eeae45b9bab5aa676e00378618426bd72648e7310,ORIGINAL_APPLICATION,game resource,MEDIUM
Payload/pool.app/Particle_Level.png,False,556,556,e986073d,01a48de9f9e82cc5f6784d22eea6039248f2181b3afe42587822ffddb6715153,ORIGINAL_APPLICATION,game resource,MEDIUM
Payload/pool.app/flag_HU-hd.png,False,552,552,9ece7c6e,a12da2280cbb656b8945335645a2598c1764c0eeebd950d76b92de9806526ac3,ORIGINAL_APPLICATION,game resource,MEDIUM
Payload/pool.app/theme4-hd.png,False,185138,184083,ab11f934,ecbe0cdad5b071bf2336662dc5b0cb41269c98a65eb368e3a06d6cabe72fbe5d,ORIGINAL_APPLICATION,game resource,MEDIUM
Payload/pool.app/Gold_Particles.png,False,556,556,e986073d,01a48de9f9e82cc5f6784d22eea6039248f2181b3afe42587822ffddb6715153,ORIGINAL_APPLICATION,game resource,MEDIUM
Payload/pool.app/GS_2_idle_01.png,False,972,972,e3209090,bf3a7cc192e9fbb61e145dbc26208607d446cd4f08a92a29f96f421a7f958e90,ORIGINAL_APPLICATION,game resource,MEDIUM
Payload/pool.app/SurpriseBoxes_Arrow.atlas,False,409,175,14c283e4,c91e3f79d96ba7d1ad87a1ed04b1d3d3931490eb20766b837342a17013f05a0f,ORIGINAL_APPLICATION,game resource,MEDIUM
Payload/pool.app/CueCollectionCommon-hd.plist,False,1982,1054,d9667811,f1afc2f540b6f3d1834bfd41f9ed036d6d682d96c157c66e2b64598b768cae13,ORIGINAL_APPLICATION,game resource,MEDIUM
Payload/pool.app/ps_cm_featureunlock_idle_1.plist,False,10782,8030,3297f653,cd18d9dfb07999275ee9b938b57f81abf7fcb186f5e0546abbb1ffccaaeef8a0,ORIGINAL_APPLICATION,game resource,MEDIUM
Payload/pool.app/AppsflyerConfigiOS.plist,False,496,496,02fa3b8c,27b7569fba36893112228bc09cb7daa99382436ed670bebb2844b72e6ba38214,ORIGINAL_APPLICATION,game resource,MEDIUM
Payload/pool.app/SC_Info/,True,0,0,00000000,,ORIGINAL_APPLICATION,game resource,MEDIUM
Payload/pool.app/SC_Info/.keep,False,0,0,00000000,e3b0c44298fc1c149afbf4c8996fb92427ae41e4649b934ca495991b7852b855,ORIGINAL_APPLICATION,game resource,MEDIUM
Payload/pool.app/MCFSSettingsButtonCenterHL.plist,False,339,259,de2d76fd,ad8ac7303d8eb896af195b97c7820b1859f04376bab8c4a4e3437b033eb9e060,ORIGINAL_APPLICATION,game resource,MEDIUM
Payload/pool.app/FramedSpriteLeaderboardMidFrameDesc.plist,False,227,201,91f0025a,dc192b681ad1a74dfc2caf5fed8ce53cd1232617251808c8eb485d18463f8732,ORIGINAL_APPLICATION,game resource,MEDIUM
Payload/pool.app/MenuSpinWheelIntroductionNode.ccbi,False,2387,1338,9a1d4f45,9c334ccf4b353201eac5d5a9d90c122ecb5b16b81ebd8573f720c348f5c87aa2,ORIGINAL_APPLICATION,game resource,MEDIUM
Payload/pool.app/sfx_firework_4.mp3,False,23196,22276,dd713be7,0bfe6712989143ea886c2d35b3e262b6abd33b95ce79fc6cf349151afb6cf347,ORIGINAL_APPLICATION,game resource,MEDIUM
Payload/pool.app/scratchCards.png,False,33116,33126,bc6f5a81,e1a6aaa0286b7366ea2552fb67cfc617eb824208b56ce17f24f5a38b04ca7b3b,ORIGINAL_APPLICATION,game resource,MEDIUM
Payload/pool.app/flag_JE-hd.png,False,1088,1088,af110283,97cbaae6e80c7db769b63e1374aeb908da8d9d967520c5aa161b373b85d53473,ORIGINAL_APPLICATION,game resource,MEDIUM
Payload/pool.app/leaderboards.plist,False,6403,2641,1cef739a,09dec14b7dc7c9592008f52b31c0dd343ec66acfa7e5e8834879aa74322e60ec,ORIGINAL_APPLICATION,game resource,MEDIUM
Payload/pool.app/ProgressiveVideoAdRewardNode.ccbi,False,2363,1273,ba30c5ae,cc900af9edea90da74d07b11b3db853a0117b887b1c474ef9dc37f5f003cfd2b,ORIGINAL_APPLICATION,game resource,MEDIUM
Payload/pool.app/TierLockPreviousTierRing.ccbi,False,1637,979,f99db518,0a8a6ee5b6dba90b4e05b2c1ea2c4a14e2f6e821f0ddbf0a5645846e053708b4,ORIGINAL_APPLICATION,game resource,MEDIUM
Payload/pool.app/MCFLeaderboardTabDesc.plist,False,344,252,64ce9080,b44fed88721acc73e285f6a5c37355b484e68df71e3ab6ff0161909d0e345024,ORIGINAL_APPLICATION,game resource,MEDIUM
Payload/pool.app/VictoryBox_GreenArrow.png,False,818,818,ba2a73ff,9d1e7d26597536b783298d7bff3d6cc483692a80297d6b024ad4663301e178f0,ORIGINAL_APPLICATION,game resource,MEDIUM
Payload/pool.app/Privacy.png,False,20042,20042,a40d76c6,6a3a3c89fe3784c6b448dbc1f1876f85a96899a7a1a4ff7bd3acd838f354f618,ORIGINAL_APPLICATION,game resource,MEDIUM
Payload/pool.app/MenuCueUpgradeVictoryUpsellPopupView.ccbi,False,2490,1445,02a59fbe,472848e221034a5bcb3cfcd7b6fb3b8e73b2539d728c4924fca2bb9baf71eb94,ORIGINAL_APPLICATION,game resource,MEDIUM
Payload/pool.app/CueMastery-Upgrade.png,False,80018,80033,356f3cc1,50bf1eb1d47a2a8a22fd315805d442830246a171493db447f71cefe9cbfcb1b7,ORIGINAL_APPLICATION,game resource,MEDIUM
Payload/pool.app/FriendReferral-hd.plist,False,447,334,3bfd7eff,313ca961caadb0988a92b77e87398967021df794bc2e3bf7dfbd2b1c3942f11d,ORIGINAL_APPLICATION,game resource,MEDIUM
Payload/pool.app/tableCushions-ipad.plist,False,428,339,d3945199,c1681d531c378b14515ef0cb56d49fe2561740ebcaba8860542cb6b57514f114,ORIGINAL_APPLICATION,game resource,MEDIUM
Payload/pool.app/PiggyBankInfoPopup.ccbi,False,2659,1404,71d5ac8f,e51597dda7db458a685e489c1155eac83de518ebfc392f832bfe4c8cd6451ac7,ORIGINAL_APPLICATION,game resource,MEDIUM
Payload/pool.app/sfx_leaderboards_win.mp3,False,22935,21077,fd7ff370,923b52d2b6ce562e73148e854a9c96ae672a5a7323cdcf29583cd5724929da1d,ORIGINAL_APPLICATION,game resource,MEDIUM
Payload/pool.app/Boosts-hd.plist,False,471,360,68f1163f,bca1b2cc5ccf6cf44732b2a11aa23a9ef8fa3592570bc19e4c90de3a96016af0,ORIGINAL_APPLICATION,game resource,MEDIUM
Payload/pool.app/fr_promo_text.plist,False,104258,36727,752210ac,60b305d006c962a1a68062a3b6897ed7dad02927833ba77e21512587e60b1695,ORIGINAL_APPLICATION,game resource,MEDIUM
Payload/pool.app/Shop-Promo-Card-Scratchers-B.png,False,612,612,7f366d1a,147cf5c1cdbb965cbdd3232dedb92b2af8d721426bbb0a7ae7724c18362d894f,ORIGINAL_APPLICATION,game resource,MEDIUM
Payload/pool.app/flag_MH-hd.png,False,964,964,5b50c713,e2884653d349aa3b12f28041124f3f400b5445075cbce5fc91a55d8fc03369d0,ORIGINAL_APPLICATION,game resource,MEDIUM
Payload/pool.app/DailyRewardsBigCollectRewardWidget.ccbi,False,3631,1780,79a10580,a56a6660bbcf07063e54381586e35a99b67a2a5a63ca1a0bf623f06039f95621,ORIGINAL_APPLICATION,game resource,MEDIUM
Payload/pool.app/SpectatorPanel.ccbi,False,3433,1865,2324ab7c,65aed3b5143b02c073b9e16c9a342fadfbc77d5eae61a3abe9ee98ef9c7b652d,ORIGINAL_APPLICATION,game resource,MEDIUM
Payload/pool.app/dailySpin.plist,False,1490,789,294581ce,1ef9d745a8754ee4c1e82c7e53e66fb44db0587f28ca9ea7ec8c02169ad68c36,ORIGINAL_APPLICATION,game resource,MEDIUM
Payload/pool.app/Result_Screen-hd.png,False,55860,55867,36bd1d39,e96e478f8f18e64c63a8c6e56051f5574b1ada83270e4cb4bf96dd1289288a53,ORIGINAL_APPLICATION,game resource,MEDIUM
Payload/pool.app/flag_NZ-hd.png,False,966,966,e7dc1ac1,79536150ac17b62310e1727c1744e72c21578b14edc0ea7fde1e738e6c4094e0,ORIGINAL_APPLICATION,game resource,MEDIUM
Payload/pool.app/flag_SC.png,False,548,548,cc61bb89,3fbe74cddb3a9b59f40fac5423b58862d5e5aa0ebbcb2806e2d3181e39746c82,ORIGINAL_APPLICATION,game resource,MEDIUM
Payload/pool.app/PiggyBank_FullScreen-hd.png,False,188396,188300,2062b659,b252a3ce998f828159bbc1194e5ba84e5e2686fae046becf520019e844e0b2a9,ORIGINAL_APPLICATION,game resource,MEDIUM
Payload/pool.app/menu2-hd.png,False,97042,96845,d432356c,36bdabf8bfcf9df6607dcd9766159768b4cc06ea506ff1c5ac235030b8bdd30e,ORIGINAL_APPLICATION,game resource,MEDIUM
Payload/pool.app/sfx_spinJackpot.mp3,False,30393,24909,49f8de9c,7eb56095d0e53e50f7b5ecc970f99997ace61fba690c9d2d8ad27828b02ddf32,ORIGINAL_APPLICATION,game resource,MEDIUM
Payload/pool.app/ProgressionBasedEvents-hd.plist,False,778,499,d2600453,69096f95f2a99ce12e6ac4e88288d15f12f0e23f1c5e8733ae8fda48a731a134,ORIGINAL_APPLICATION,game resource,MEDIUM
Payload/pool.app/flag_ST.png,False,520,520,2f24e410,7c5a08bba76e7bdc5324618774475ada22929035c501ad2d9f53102226d0d4d9,ORIGINAL_APPLICATION,game resource,MEDIUM
Payload/pool.app/ball9.png,False,766,766,cb9e2b54,d91b725a89f2f12cc74b72f82702bb5d81b2ebd02d0505e9c7a945668c4be586,ORIGINAL_APPLICATION,game resource,MEDIUM
Payload/pool.app/MenuSurpriseBoxesUpsellPopup.ccbi,False,2019,1227,fa4021b7,1eb08d3c176519bcd0cfbe05525878c84cc4cb4676c32e5e2dba48b4cc827cc9,ORIGINAL_APPLICATION,game resource,MEDIUM
Payload/pool.app/ShopPromo_Button-hd.png,False,16166,16166,f8d88d1d,34879e032f15f2acf4a2e8c58df2f42af25396c97198433b495c9ed1c88bcf86,ORIGINAL_APPLICATION,game resource,MEDIUM
Payload/pool.app/seasonPass_bundled.plist,False,778,495,1fa37992,877f863e8a64e67abf42032d881d229302d460f0903327f3493633e6696c1aa9,ORIGINAL_APPLICATION,game resource,MEDIUM
Payload/pool.app/ShopPromoCash.ccbi,False,13098,3098,3b007c49,9657d2cdd2d5db739b128240bbfd82f783947d564e09420d54674784522a0c60,ORIGINAL_APPLICATION,game resource,MEDIUM
Payload/pool.app/flag_MD-hd.png,False,794,794,25e45a8a,8bcd9f6dd54687b546b5c074572b2eda5f633f5f9b6782ec8ac6a63c134bdc79,ORIGINAL_APPLICATION,game resource,MEDIUM
Payload/pool.app/ClubNameAndRankComponent.ccbi,False,694,495,d5f34fb3,ae4261b717fe67e8707976d8b2c5e4655f16b9bbc63c7e658b33930918123ab3,ORIGINAL_APPLICATION,game resource,MEDIUM
Payload/pool.app/FramedSpriteFreeSpinWheelFrame.plist,False,208,181,277cd140,94b655de8766763e2fb40d38431a8099993bda7ef5a77d2299aae09b9be90afa,ORIGINAL_APPLICATION,game resource,MEDIUM
Payload/pool.app/HSF_Generic_Light_Blue_Button.plist,False,135,111,e937fb82,aea09371075a72f43c79cf8c0a31f927415ef7b6292302cd06eab0d93d36ed94,ORIGINAL_APPLICATION,game resource,MEDIUM
Payload/pool.app/sfx_surpriseBoxes_boxOpen_shake.mp3,False,16621,13050,911785c1,7f1dca5b2a1f3e62730a619e30723c2b1b7cb9acf810c0ee5c5209e2ed5b634a,ORIGINAL_APPLICATION,game resource,MEDIUM
Payload/pool.app/flag_KE.png,False,494,494,af4fb11e,01053c6d3f3dde1a1450533affaea365b7564ff3c14ee9af9df3cd77f8779d4b,ORIGINAL_APPLICATION,game resource,MEDIUM
Payload/pool.app/ball14-ipadhd.png,False,4682,3854,47a4e300,f8f9fe2f11ace91c8355ad4071420d9d6f8cd0b285a4251182a6c628fa681660,ORIGINAL_APPLICATION,game resource,MEDIUM
Payload/pool.app/tournament.plist,False,2459,1219,a89a3a2b,e05b47f787b588f7533a8806426e191d966bbc75f4a7f92125c892b2574839a5,ORIGINAL_APPLICATION,game resource,MEDIUM
Payload/pool.app/TournamentWithFriendsInfoContent.ccbi,False,1128,589,fba4e6ad,1dc13cc5d9198cf398f7282efc23d33b588b5a7d2e06b62cc8536262a17b79cb,ORIGINAL_APPLICATION,game resource,MEDIUM
Payload/pool.app/flag_IM.png,False,460,460,f2629a71,6e5f6cb2997c56c6a29bff7da83d51825a2b96b958f0ba12ef26c089b44d0ea4,ORIGINAL_APPLICATION,game resource,MEDIUM
Payload/pool.app/tableBase-ipad.plist,False,918,566,da654085,caeb3fe3f4b09d348633739abb0b7310f2b5ecad33946281bd08225110d5e432,ORIGINAL_APPLICATION,game resource,MEDIUM
Payload/pool.app/flag_KG-hd.png,False,702,702,8f0d6e80,93db23d28db325acf967402209b10a223476431ad4c9be2169a859d25f694dba,ORIGINAL_APPLICATION,game resource,MEDIUM
Payload/pool.app/DailyMissionBuyMissionNodeView.ccbi,False,3260,1749,3c47f87a,7686ec91bdc7974a06758338ebf453e5267ff088ac205e4ca50f6ffa23ced548,ORIGINAL_APPLICATION,game resource,MEDIUM
Payload/pool.app/Table_Standard_Cue-hd.png,False,1624,1624,97f9c7c0,479a9ba1e7b354fbe7764322bf096c414de43bed7e62833e15ed204575a319e5,ORIGINAL_APPLICATION,game resource,MEDIUM
Payload/pool.app/PollPass_Lock.skel,False,879,411,950622cd,1f66904fa8d84e1f23ac24073a8c7b096453df301f65c23c8432670fb418f68e,ORIGINAL_APPLICATION,game resource,MEDIUM
Payload/pool.app/TrophiesCommon.png,False,68506,68521,896cb0ec,43f5510e209792ba6cbc21cda341dd345893bfe22c49441dcef77e5683174cec,ORIGINAL_APPLICATION,game resource,MEDIUM
Payload/pool.app/flag_KR.png,False,482,482,1326033e,394d2d2cd03bcc0f751cb174c85a9d44a325e9d3dcf675a0b56cb3544b379235,ORIGINAL_APPLICATION,game resource,MEDIUM
Payload/pool.app/CreatorModeHUDButtons.ccbi,False,1928,1084,31525cfd,85868d57fbe4e900cf15ff01778ad2a7b4aeba044d495b4cf12c2bc0b1a8b981,ORIGINAL_APPLICATION,game resource,MEDIUM
Payload/pool.app/CueCollectionRoadClaimedCell.ccbi,False,1339,807,a99dbac5,79516fcfb04f5e9396bbffb5440a5a898fb075e54137919a555e6bdbbe6fc07d,ORIGINAL_APPLICATION,game resource,MEDIUM
Payload/pool.app/39411_productIcon.png,False,5678,5678,538fcece,79cf88e27771dc744eb5bd098f59a0a1634f47b4854cd998a06dde66e6352825,ORIGINAL_APPLICATION,game resource,MEDIUM
Payload/pool.app/ballsBase-hd.plist,False,443,350,dffbc850,8487902242212c9783906352bdc3f3694cc816e1939d92264ed06ed4cc844676,ORIGINAL_APPLICATION,game resource,MEDIUM
Payload/pool.app/GoldenSpinTrophies.ccbi,False,299,234,f9acd8b4,e37ad0d3201be2caa0c3019f83d6157a1265ddc0a520e73c4dae49c65d991c49,ORIGINAL_APPLICATION,game resource,MEDIUM
Payload/pool.app/GenericCueInfoPopup.ccbi,False,1893,1181,8298b664,096983c8a611482e4cd03ff4979c1fbbaf75c8a557df349b18806e8f588aed75,ORIGINAL_APPLICATION,game resource,MEDIUM
Payload/pool.app/flag_GF.png,False,334,334,3962463d,37e6fc6be7ebd1d5254cce4b506ae03942676ef3a8fabd02ac56857401e7e391,ORIGINAL_APPLICATION,game resource,MEDIUM
Payload/pool.app/MenuProgressiveVideoAdRewardsPopup_vShopRevamp.ccbi,False,1107,677,a334b7f5,cc51bfcf6074e4f6ee6eddb769d3e6c30c9631547dda10eaf9a5ef7c707fc9e1,ORIGINAL_APPLICATION,game resource,MEDIUM
Payload/pool.app/40071_productIcon.png,False,5678,5678,538fcece,79cf88e27771dc744eb5bd098f59a0a1634f47b4854cd998a06dde66e6352825,ORIGINAL_APPLICATION,game resource,MEDIUM
Payload/pool.app/flag_GQ.png,False,442,442,b27b29b7,2143c6062f4059731c74507da61d84e4e3e2c1da0c0d55f94075a5f77db432dc,ORIGINAL_APPLICATION,game resource,MEDIUM
Payload/pool.app/theme8-hd.png,False,103546,103035,57992d2f,86c5f646021aa547f5a129dc8ad83336beac48e9cf26e0d4000813b8dfb553c0,ORIGINAL_APPLICATION,game resource,MEDIUM
Payload/pool.app/menuModes_Bundled.plist,False,727,429,02dbbdf6,6638898e6a7c80c39bfc9b9c5a347a3d844f052648e1f793c394627398585e98,ORIGINAL_APPLICATION,game resource,MEDIUM
Payload/pool.app/flag_DJ.png,False,426,426,970e9006,54a7f8eb519f5de8076e93303537bb32ffc7c396096a994ca574ae968804e7c6,ORIGINAL_APPLICATION,game resource,MEDIUM
Payload/pool.app/gifting.plist,False,889,582,68f3b998,d82ec3784e33678f46a97d24c96944b0d53404e90a0718d8d7d6df78ddd063df,ORIGINAL_APPLICATION,game resource,MEDIUM
Payload/pool.app/MCFSWhiteBar.plist,False,350,257,431accc8,29250aed0e9b386af5d146a5b8c1de327de11c823184d8dde2a3dc0525edd43d,ORIGINAL_APPLICATION,game resource,MEDIUM
Payload/pool.app/CueCollectionCommon.plist,False,1938,1031,af166474,2a3e3e5309fcbc668fee0651285d0de08806a95f27ba28d238c6256471ea9809,ORIGINAL_APPLICATION,game resource,MEDIUM
Payload/pool.app/Coin_Particule.plist,False,1455,766,8f41d70c,cf6e8d614655a42eb6b2b48cab682768ed88283be70471ed561376e3704d4a87,ORIGINAL_APPLICATION,game resource,MEDIUM
Payload/pool.app/SwitchableOptionsComponent.ccbi,False,1400,770,e113df88,cccc762367b23c85f315e6143356fe180597a1b74a4870da62af9555e6da60b5,ORIGINAL_APPLICATION,game resource,MEDIUM
Payload/pool.app/ShopPromo_1_Promos.ccbi,False,2864,1572,5e86d456,b46e53a5fface53822e432caae890b85f1d8047ffb88391ee672f2c674256d2f,ORIGINAL_APPLICATION,game resource,MEDIUM
Payload/pool.app/flag_DK.png,False,434,434,3454547d,42b0ee84f1ca822ae55d92d3deb2ac0342e9fad01fe8440b34196e0d7d4db6b0,ORIGINAL_APPLICATION,game resource,MEDIUM
Payload/pool.app/flag_GP.png,False,334,334,3962463d,37e6fc6be7ebd1d5254cce4b506ae03942676ef3a8fabd02ac56857401e7e391,ORIGINAL_APPLICATION,game resource,MEDIUM
Payload/pool.app/Unlock_Particule.png,False,2822,2822,b9baf6b5,5723aba63646ff56055b2b29fd8b007b557382c68edc7dd4dbb5263afd461698,ORIGINAL_APPLICATION,game resource,MEDIUM
Payload/pool.app/CupsTableNode.ccbi,False,3459,1741,ff89cf61,a38b7df0cfffae9b9768edd7b918c13b8906e7725c264b6734e22cf828b5f75b,ORIGINAL_APPLICATION,game resource,MEDIUM
Payload/pool.app/MiniGameOddsPopup.ccbi,False,2371,1368,98e3c35b,ea26da143a548ecfa36c1c0cfe76bab14c61a42c3f08f3b6e146076d99fe1c5f,ORIGINAL_APPLICATION,game resource,MEDIUM
Payload/pool.app/DailySpin_Wheel.json,False,184553,4062,c50acf3a,004e96bddf785d36564a99a9daff11e3314fde1b2f43542ab4d8b690c278491f,ORIGINAL_APPLICATION,game resource,MEDIUM
Payload/pool.app/flag_IO-hd.png,False,1402,1402,aaf6376e,a6101b11bb952b00123fc10bd529f72bfcc895aa44757c649fa8985aa6fdc96f,ORIGINAL_APPLICATION,game resource,MEDIUM
Payload/pool.app/CyclePromoArrowNew.skel,False,1928,529,ac44fc76,9c0e5e26fb7f428e882cbdb7bd59fcbe8f080139a7d160b192f866d8301cba17,ORIGINAL_APPLICATION,game resource,MEDIUM
Payload/pool.app/localization1_pt.png,False,14938,14938,ae935c5f,343f31f2bda5e0c8d40e11ad028103e445550930ae3a5e25c6371bf6d8bb584b,ORIGINAL_APPLICATION,game resource,MEDIUM
Payload/pool.app/CueCollectionRoadPlayerPanel.ccbi,False,2172,1260,0ed36721,05317594c8dea7949d48436717d19778e65e8ccb3f524276c41a0e877dc26b65,ORIGINAL_APPLICATION,game resource,MEDIUM
Payload/pool.app/TemporaryShopTableNodeLock.ccbi,False,1974,1147,76ffa5f3,989eca3e384f5956e33d86b5d772a9de96c6c026a8466ae6dd1754e675ebe6a1,ORIGINAL_APPLICATION,game resource,MEDIUM
Payload/pool.app/flag_KS.png,False,472,472,3a08ab31,2ceb657b10091f749e2fbfef1d7eb6672b67bb2145066cbb47b555cb984d565c,ORIGINAL_APPLICATION,game resource,MEDIUM
Payload/pool.app/White_Particles.png,False,556,556,e986073d,01a48de9f9e82cc5f6784d22eea6039248f2181b3afe42587822ffddb6715153,ORIGINAL_APPLICATION,game resource,MEDIUM
Payload/pool.app/hud2.png,False,45902,45912,8052a447,00c8ca5c7944273f2f6265398d6225c16563f45a42baefc8f2af948c94b12f53,ORIGINAL_APPLICATION,game resource,MEDIUM
Payload/pool.app/MCFSGenericFrame5.plist,False,340,254,e5b87523,08c5da672e2242000f4a3dcc779d27df624e6c1051c72e630fad297233699fae,ORIGINAL_APPLICATION,game resource,MEDIUM
Payload/pool.app/FramedSpritePopupLightFrameDesc.plist,False,209,179,31324922,b954d0135cb6c7cbd9a0d0310199e8329f1a08b07de710ae393a272126587b4f,ORIGINAL_APPLICATION,game resource,MEDIUM
Payload/pool.app/flag_IL.png,False,402,402,1fe6c5c8,277a6444a199b82fca60af8075b06db52ea53de11c91245b957a3c7dd3695327,ORIGINAL_APPLICATION,game resource,MEDIUM
Payload/pool.app/DailyMissionNodeView.ccbi,False,6951,2866,2493bdbc,6e7118e5dd207f7d0ce24b6c68e0be94ee4043c2873cddac4a04551c1bb1c494,ORIGINAL_APPLICATION,game resource,MEDIUM
Payload/pool.app/Card-Advance-Front.png,False,3146,3146,2e230dba,a7ae1d182c67c48ddc49224652a0c15a96858ca6911b6f9e70ef4cb112c31632,ORIGINAL_APPLICATION,game resource,MEDIUM
Payload/pool.app/ball0-ipadhd.png,False,1794,1028,91dc1cd4,082dfd08542d423c2a938c5997e91c1142272bd97f5a832025f249b2cb79cf57,ORIGINAL_APPLICATION,game resource,MEDIUM
Payload/pool.app/SelectionDropdownDisplay.ccbi,False,1058,691,82574447,047306558dfaaac0257e65da830c4b04120ea01e7d1c77e58dd60d87181e407f,ORIGINAL_APPLICATION,game resource,MEDIUM
Payload/pool.app/SurpriseBoxes_CardCounter.skel,False,7214,1255,160b0629,9ac1c4bfa42a3abcaa08e978e965bc7a2ca03ec096fed52fda2d78147cbc23c2,ORIGINAL_APPLICATION,game resource,MEDIUM
Payload/pool.app/flag_LR-hd.png,False,792,792,0c45fe67,6480b19804926a7f560795b28adbca6da56a5bc513993a4c3094c937d0f075d3,ORIGINAL_APPLICATION,game resource,MEDIUM
Payload/pool.app/MCFButtonYellowFrame.plist,False,335,250,73b08ca8,aeebfa8a42e3e92bd951bd485f948cf14f5c82c24b2b433583afd28120703424,ORIGINAL_APPLICATION,game resource,MEDIUM
Payload/pool.app/Cheering.png,False,3236,3236,06f28621,35d4d23e2911c4d159a283d60743653bbed55f3283bf3695344924a3270f84c6,ORIGINAL_APPLICATION,game resource,MEDIUM
Payload/pool.app/ClubsOverview_ConnectingLine.png,False,260,260,b8834a73,d68613f34404e4f857008b53c7a202137d8a76cf8bbb6be38da49935482a2360,ORIGINAL_APPLICATION,game resource,MEDIUM
Payload/pool.app/InboxSystemConfiguration.plist,False,48,48,9a029f03,31d76eb254c97fadf6da44883062b847c3193b605997af5ac1f80823c4204d1e,ORIGINAL_APPLICATION,game resource,MEDIUM
Payload/pool.app/CueCollectionRoadClaimedPrize.ccbi,False,1747,959,66e39eab,b892ebae0771af5378b4fe1774ee2046ce459dcc4a96f4f0e9b95c53c998c223,ORIGINAL_APPLICATION,game resource,MEDIUM
Payload/pool.app/surpriseBoxes-hd.png,False,115028,114777,558def45,958540d5c2286e0806b982d1088d098c902a9f58746dddc53f60ced74c4782cb,ORIGINAL_APPLICATION,game resource,MEDIUM
Payload/pool.app/Sort-Arrow-Icon.png,False,318,318,c5af2953,228214b4c9ce6f16ba4c1edbd31ee5c8603d61efda0f8b5c692a24e30c153c38,ORIGINAL_APPLICATION,game resource,MEDIUM
Payload/pool.app/GS_Popup_Flip.plist,False,1533,818,685002a1,5be0aeca71b943bd490c38d2e639a3a65e8aa3fd26cc99d6b3bd1c6a061c2f75,ORIGINAL_APPLICATION,game resource,MEDIUM
Payload/pool.app/MasteryMissionTransactionWidget.ccbi,False,1402,906,dc2093f9,88b75b1304860f0d118d5cc60b23ca61df4d2036cd8f5f6cc33dc28d0827b47d,ORIGINAL_APPLICATION,game resource,MEDIUM
Payload/pool.app/ball8.png,False,466,466,5fd6e401,c93afde1be2c5ddbc1a607eb2150784218cbd2faf6561a95239ab7ffef8ac534,ORIGINAL_APPLICATION,game resource,MEDIUM
Payload/pool.app/BundleWidget.ccbi,False,1221,737,f6384e37,1f0b6b9923c40784a815897ccb031177b5bb3cedb60a6fac4c0c942653709880,ORIGINAL_APPLICATION,game resource,MEDIUM
Payload/pool.app/flag_PN.png,False,476,476,78e78f97,6297b5c30c77801f5d95ec759a34c12515cf3bf342700111e785d5241878b540,ORIGINAL_APPLICATION,game resource,MEDIUM
Payload/pool.app/FTUETooltipWithHighlight.ccbi,False,2769,1547,eb8e6959,fb161dc3e818778bb0378b5b3e9cd4977eaf524e95c0e18e5e0ccaf988046901,ORIGINAL_APPLICATION,game resource,MEDIUM
Payload/pool.app/vip.plist,False,917,586,8c75960b,05abbef30ef76d74bfd3a2119d44527b95bd7a3f32a8b5f31000dd8b7e230177,ORIGINAL_APPLICATION,game resource,MEDIUM
Payload/pool.app/Cash_01.plist,False,1639,931,743eae4e,6479af40b4955d567fa38720c215fecd31d98fed32196183c7a9b4d88010595b,ORIGINAL_APPLICATION,game resource,MEDIUM
Payload/pool.app/flag_PY.png,False,422,422,4e33347e,bcbac68402661dbfd7326d5f1a042cd2454df3571041e265c4b880a012d0f121,ORIGINAL_APPLICATION,game resource,MEDIUM
Payload/pool.app/flag_SB.png,False,502,502,49c730a0,d57660eaa669d7a5a122663a31729c6998a86334abe2f468d89c9f21cab574cd,ORIGINAL_APPLICATION,game resource,MEDIUM
Payload/pool.app/sfx_victoryBoxes_box_cueReveal.mp3,False,58250,47110,d9ee82f7,8e77ecf5f6d3fbd3d8e2ab2c82996a0a52366f674d2187f82d134f8b02033344,ORIGINAL_APPLICATION,game resource,MEDIUM
Payload/pool.app/SurpriseBoxes_Arrow.json,False,14082,949,75957657,04464727e1933d6ca082e2c6005d075e68b39550e2f7316bedb7afeb1b604bac,ORIGINAL_APPLICATION,game resource,MEDIUM
Payload/pool.app/DailySpin_Click-hd.png,False,10368,10361,377a96e9,f002c9ed14d2b005c317be51acd25d85f8fd8738abaac107b3b84168978b3ab2,ORIGINAL_APPLICATION,game resource,MEDIUM
Payload/pool.app/ps_star_idle.plist,False,6893,5105,e85c4a4b,9d1efa43f56cbe53a379cd86f64c62d94272f3671face32bf5e26c5d22a338f6,ORIGINAL_APPLICATION,game resource,MEDIUM
Payload/pool.app/themeTrophy-hd.png,False,76786,76801,e0061624,aadbbcfceb83a4479cebb71186104a84723b6b44f0f714c1706c5d41521ca99b,ORIGINAL_APPLICATION,game resource,MEDIUM
Payload/pool.app/roundCornersShape.png,False,274,258,88e26864,814bf9e8026a96627ea8fbde572c39bd426b7600405ed446a36c1bebb1d18a6d,ORIGINAL_APPLICATION,game resource,MEDIUM
Payload/pool.app/Main_Menu_BG_MMR.png,False,25032,25032,bad0ba5e,c878688dcccf37a5de2bd90607df8e7d6cadb9da0549f77f7f439a7ceb38aec5,ORIGINAL_APPLICATION,game resource,MEDIUM
Payload/pool.app/SelectionDropdown.ccbi,False,2148,1202,f567a1d5,905b643487f8058009f472fd1fa16428dba84e9bb5b40b7f19d2838acb759d0f,ORIGINAL_APPLICATION,game resource,MEDIUM
Payload/pool.app/sfx_surpriseBoxes_boxPurchasedPopup.mp3,False,26950,20869,ff383560,85e239540468459d784dae05ac6e2a34d33f4bf336da825643c571e08dcfdc1e,ORIGINAL_APPLICATION,game resource,MEDIUM
Payload/pool.app/singletableLuckyShot-ipadhd.plist,False,244,207,c5e44fdb,49ba50de7c7b5213efdc0c7660ce1f57381fcf43cd8796f4ebf6a1cef25c4cdb,ORIGINAL_APPLICATION,game resource,MEDIUM
Payload/pool.app/flag_HM-hd.png,False,1090,1090,57179e66,6a012c273407dea0f65eb576d456efdde2aa550391e4bda06664e59ecd52715e,ORIGINAL_APPLICATION,game resource,MEDIUM
Payload/pool.app/menu2.png,False,42402,42407,2de88396,2367391a340239975d2b5efed8ac2d6be0a864cfa4dd5526dbdaa9800a5c13a7,ORIGINAL_APPLICATION,game resource,MEDIUM
Payload/pool.app/localization1_pt.plist,False,471,352,54d0ac8e,4c267135a6580a208869b9f77fb5e924549528d75ba20f362ea78d9634115208,ORIGINAL_APPLICATION,game resource,MEDIUM
Payload/pool.app/localization1_jp.plist,False,471,356,43b7249c,39a70136bd5cf4d825fc270e4b9ba0f050f4478b408d182a1887915088e93c7d,ORIGINAL_APPLICATION,game resource,MEDIUM
Payload/pool.app/Particle_Star.plist,False,1646,911,009c5985,0f3e1426a5aae562dc7394ad556e2c7c57fd5eb5520499cef014581d9d2f5c90,ORIGINAL_APPLICATION,game resource,MEDIUM
Payload/pool.app/AnchorButtonDefault_shopLayoutV3.ccbi,False,778,489,b55eb144,e5c879c8a15a74d2bd86e4c7ddc988267f447fc238167d67e8d6361b0544149c,ORIGINAL_APPLICATION,game resource,MEDIUM
Payload/pool.app/MenuLeaguePromotion.ccbi,False,2486,1398,64aaac63,6b0045115936f32bb14e59b24e48c17ee56879f116df362587f69fe1a7a0dc07,ORIGINAL_APPLICATION,game resource,MEDIUM
Payload/pool.app/ball1-hd.png,False,1064,1064,7f1fa11c,d2413eed4d9454831c38d2f5fb2ba540cee31eaaf1b722be8d1cea897d64f9b8,ORIGINAL_APPLICATION,game resource,MEDIUM
Payload/pool.app/MenuUpdateFriendsListIncentive.ccbi,False,3481,1977,2e2e2f4d,06c4eb9af38117ff37f75bf7111968b21c898b3ada40280bcef2aa9294bf57ef,ORIGINAL_APPLICATION,game resource,MEDIUM
Payload/pool.app/flag_KS-hd.png,False,908,908,c1e01171,67c1b2275de01a23f19516dee2b721194783d4393c7fac40cac0669d8dd8c6e6,ORIGINAL_APPLICATION,game resource,MEDIUM
Payload/pool.app/PollPass_CollectButton.atlas,False,199,146,b08a4f2a,78a2106e2df2bfb8cdb8f6930255d9c026902743c2999013a07fe5240b4bfb21,ORIGINAL_APPLICATION,game resource,MEDIUM
Payload/pool.app/singletableLondon-ipadhd.png,False,414144,413772,23535b2d,f06884e4963848ad4654d2aabaf8e24276013862b96ee830c8f4e2b406f2a181,ORIGINAL_APPLICATION,game resource,MEDIUM
Payload/pool.app/Avatar_Dark.png,False,66,66,95a9f220,035b56d15fab436ebb878b79ec0774f73c799d3252f90429162c0b9bdef3fe67,ORIGINAL_APPLICATION,game resource,MEDIUM
Payload/pool.app/flag_MP-hd.png,False,1044,1044,20032b98,1ea404afbb275519672b6a4e445aa093b4e12178dba3e381a9292d7ba9339238,ORIGINAL_APPLICATION,game resource,MEDIUM
Payload/pool.app/MCFSGenericTab.plist,False,338,258,de83d6c4,7a34cc1525a90c52e7d70e4370d8340b07aacdc2e9a887acd51423e0ffcc73fe,ORIGINAL_APPLICATION,game resource,MEDIUM
Payload/pool.app/sfx_victoryBoxes_box_initialOpen.mp3,False,26768,10719,c78716f4,ab64e2b573b7dc11636997cc49984a176b94bb58f3fff32c7ad384e47cc47620,ORIGINAL_APPLICATION,game resource,MEDIUM
Payload/pool.app/FramedSpriteAchievementsFrameDesc.plist,False,218,191,babb4180,1ec9822cef34644e2313a4470a1482c154e634a7ef3b9a56d6e6335d9a5ff707,ORIGINAL_APPLICATION,game resource,MEDIUM
Payload/pool.app/surpriseBoxes_boxBismuth.atlas,False,194,148,054c0dd4,5db0d159b8c62713bf0f7eeafceb90e343ccb755557ab10fd3f2f8acf9c4f403,ORIGINAL_APPLICATION,game resource,MEDIUM
Payload/pool.app/ps_piggy_star.png,False,1074,1074,40a3bd24,da12604edda1c36ec8470f4f34c186593111aad3d4c97fc770bd33ef658b78e0,ORIGINAL_APPLICATION,game resource,MEDIUM
Payload/pool.app/Epic_Box_Glow.png,False,14794,14794,c075227d,2a9cf538a5643ecc0c23176ccac1a7a62c5e4c07b4e677d79ab4f4fadc30396c,ORIGINAL_APPLICATION,game resource,MEDIUM
Payload/pool.app/AddedAsFriendDropdown.ccbi,False,1912,1166,0b51a865,bc950eb1de31f356b1f3d4cf8f25bda4aa5ce7b0a4488080dc431a8a22dd1e45,ORIGINAL_APPLICATION,game resource,MEDIUM
Payload/pool.app/ball1000-hd.png,False,1038,1038,e1ab652b,89d04f5e138e6e17cdf2ec39869a4ca400166372225bc9d7b6a24ccb7ae125b6,ORIGINAL_APPLICATION,game resource,MEDIUM
Payload/pool.app/ballsBase-ipad.plist,False,445,352,08b0489d,6cde2116ce63d29a12e0f399ff20608109671e49917da9de59427e87c2f8ec6f,ORIGINAL_APPLICATION,game resource,MEDIUM
Payload/pool.app/sfx_youWin_impact.mp3,False,31645,20033,69b3ce4e,93a6198db8462d9a1a94f31379091f30d4263a23590d52f5e81344331ce9872f,ORIGINAL_APPLICATION,game resource,MEDIUM
Payload/pool.app/MCFSGenericFrameWhite.plist,False,355,260,4f67c97f,ee798a0d4dbdca59d69572fa163199a7d2f3e4cb94186bc119cde126e8d33c2a,ORIGINAL_APPLICATION,game resource,MEDIUM
Payload/pool.app/ClubsFacebookPopup.ccbi,False,3218,1698,b9c76129,d6b5a0c62f9f6afb4b81df7608fb8d726cdd98473a8b29a2f37792976f575a4b,ORIGINAL_APPLICATION,game resource,MEDIUM
Payload/pool.app/VIPTierProgressionNode.ccbi,False,482,305,56bc12a3,a4a481cfd9eca9448e095c6706bc15eccc7686ca62dc0c7311fc6fdfbedeef14,ORIGINAL_APPLICATION,game resource,MEDIUM
Payload/pool.app/Shop-FreeRewards-Cell-Gray.plist,False,297,229,e9534ea7,ed31ab89f81e5b14b82008080a84557b463d69fd583e4fa8317e604ac69fba75,ORIGINAL_APPLICATION,game resource,MEDIUM
Payload/pool.app/flag_CI-hd.png,False,544,544,8128497e,342f4a829a2f86b2bdaacab40770ac680538ba6d8618e395a750dc62da67b52e,ORIGINAL_APPLICATION,game resource,MEDIUM
Payload/pool.app/ElitePassDefault.ccbi,False,310,236,7b27c44c,8893d1d59361eca7ff9ebf0c1fdbab3f9f1ada6d8e060543bf8e5ba4e0c0d58a,ORIGINAL_APPLICATION,game resource,MEDIUM
Payload/pool.app/MenuTopBarUnderbar.ccbi,False,1149,748,cf12a3c4,5d7873857a5dc128a9b27adfa1f268c54579a92672ff3d97c0977037b83b0e82,ORIGINAL_APPLICATION,game resource,MEDIUM
Payload/pool.app/flag_PF-hd.png,False,796,796,21973d25,b1feda8d59b6bac1a10e317d0154e9243338afb8e06ecca9b93e91dd4c20213c,ORIGINAL_APPLICATION,game resource,MEDIUM
Payload/pool.app/BoostScrollListLoader.ccbi,False,1996,1123,8b3565d0,8f22ceea39c3271354cb2f90ae1ffa6d1f337ae91326a6cf65d1b27e2e3acff9,ORIGINAL_APPLICATION,game resource,MEDIUM
Payload/pool.app/PollPass_Check.atlas,False,286,167,b262007c,84504fe2b02408a6599a11503bdd0c60cf47141e9b4a4f843d484d5654c8bd81,ORIGINAL_APPLICATION,game resource,MEDIUM
Payload/pool.app/GS_2_idle_02.png,False,998,998,89548713,49f83c8bb3a0a68b00b954c775f10965de10b929b92044d043af673b579d1394,ORIGINAL_APPLICATION,game resource,MEDIUM
Payload/pool.app/ps_cm_missionunlock_explosion_1.png,False,1932,1932,75b7ce72,35aca518ad1707cd3210199da83c07e9be2b59b1c4c0cd22f4c13d04ffb52953,ORIGINAL_APPLICATION,game resource,MEDIUM
Payload/pool.app/DailySpin_Transition.json,False,26704,1308,c31b8b24,c5a5036059d8dd9f0eeb3b4c4951d8f59dab9a0920c30988de9f4c73eb54d10f,ORIGINAL_APPLICATION,game resource,MEDIUM
Payload/pool.app/MCFSRoulleteCell2Desc.plist,False,335,250,3cb6cfaa,0921b46a5d8217ed71e2810f8d4bb7ed2eed6fd7e290e7e6ac98985e2be37143,ORIGINAL_APPLICATION,game resource,MEDIUM
Payload/pool.app/CreatorModeBall.ccbi,False,2858,955,6ab88d20,7c30e64d9ef550de3d87643828571edb14c4be370a1519ffb23b0cd3893fa280,ORIGINAL_APPLICATION,game resource,MEDIUM
Payload/pool.app/GS_Popup_Rings_Animation.png,False,22536,22536,1bae09ad,cf0f3255df76d1377f979a7b1c207820b8859ff0af493e4b8628601b503c3e37,ORIGINAL_APPLICATION,game resource,MEDIUM
Payload/pool.app/ClubKickChatBubble.ccbi,False,595,447,50abf954,c460dc48dc1000e20a7427be90e0cd332a77b7beeca86b20a1eb53c64bb70295,ORIGINAL_APPLICATION,game resource,MEDIUM
Payload/pool.app/Boxes_Free_Slot_Frame.png,False,594,482,a2a40c37,6284776c0cb3fb37e8d810ebabc853d33a14d8a2cba9f697b02d299563421ff6,ORIGINAL_APPLICATION,game resource,MEDIUM
Payload/pool.app/flag_BG-hd.png,False,490,490,c8372b26,7c2b7bacfc59ff904a4d86da1169f1cc4c2aabe36218577a6149eae7b851e359,ORIGINAL_APPLICATION,game resource,MEDIUM
Payload/pool.app/MCFLeaderboardUserTintNode.plist,False,357,261,10b86c18,376b297db480bb57040f494468707b99dc2db584a02b8f3df0fc23456d07a4d9,ORIGINAL_APPLICATION,game resource,MEDIUM
Payload/pool.app/MCFSeasonPassPremiumPrizeFrame2.plist,False,367,264,9f49f824,ae838732ff8741c583bceff7806d293b0d52c90b07a6bef138fac9e9ffc1323e,ORIGINAL_APPLICATION,game resource,MEDIUM
Payload/pool.app/Legendary_idle_1.png,False,500,500,348852a3,02788ed70c6763baef169b635edac5728d21bd5736f0dff0fb36646326cdadcc,ORIGINAL_APPLICATION,game resource,MEDIUM
Payload/pool.app/TrophiesIntroductionPopup.ccbi,False,2702,1514,1737fe8c,85f5440ec92d3bf31c687054ab7f7605a77a7286b7bd2f6346c9e3966c048205,ORIGINAL_APPLICATION,game resource,MEDIUM
Payload/pool.app/flag_VE-hd.png,False,634,634,4206537a,0e1f4c842e9fa5fb9969dcf5f20f8de5c08df83834bf3b69a34e700240d65ab5,ORIGINAL_APPLICATION,game resource,MEDIUM
Payload/pool.app/SubscriptionTeaserFullscreenMenu.plist,False,565,406,8f994193,2d059113690e2d7f1ce4735bd89ee543c582b5ba47062339574667c3df1f60ad,ORIGINAL_APPLICATION,game resource,MEDIUM
Payload/pool.app/Button-CTA-Gray.plist,False,286,217,de0398ac,625e268586108f8c7f81f154bdde4beec724ea5eaa1a3362f01fefc37969a070,ORIGINAL_APPLICATION,game resource,MEDIUM
Payload/pool.app/dailyMissions-hd.plist,False,311,259,be1d77c7,4ac7b91f433ceb16c210c91815592b8b17dc124803383780f48789261d4f2c93,ORIGINAL_APPLICATION,game resource,MEDIUM
Payload/pool.app/RoadProgressionCollectBanner.ccbi,False,866,593,39ae4cb1,ec77147500c22604530b2085629fb9cacf0c6fa150c4f6221baf25c2a01b2611,ORIGINAL_APPLICATION,game resource,MEDIUM
Payload/pool.app/GS_1_circle.png,False,972,972,e3209090,bf3a7cc192e9fbb61e145dbc26208607d446cd4f08a92a29f96f421a7f958e90,ORIGINAL_APPLICATION,game resource,MEDIUM
Payload/pool.app/Shop-Promo-Card-Scratchers-A.png,False,1220,1220,202c5f00,f4f20e43d8006cfe92865dc963eafadc720b978eeaa598a5cca55409ab6fb825,ORIGINAL_APPLICATION,game resource,MEDIUM
Payload/pool.app/Champion_Medal_2-hd.png,False,23770,23386,d959ea07,2710221e4995d1f631241853ec11e4245fa1a073c9b13184c4658ec3118e067f,ORIGINAL_APPLICATION,game resource,MEDIUM
Payload/pool.app/FramedSpritePopupFrameDesc.plist,False,209,179,a2be4ae9,7e6504e3e0d25b726afc3ce2e57d8fd401ee99225f87ff139b789296e01e5847,ORIGINAL_APPLICATION,game resource,MEDIUM
Payload/pool.app/GS_Table_Rings_Animation.png,False,32040,32040,110ac017,5dd06e383449b4fdba49d9606f72408a58fc516031d4d4fb20609a1f8f90e108,ORIGINAL_APPLICATION,game resource,MEDIUM
Payload/pool.app/fbStories-hd.png,False,82782,82607,b5e2dec2,fa896ac3e7c5e851c9225b2e68789e9e21ee2ae300707df1626b9d3b1737caf3,ORIGINAL_APPLICATION,game resource,MEDIUM
Payload/pool.app/MCFSGenericFrame19.plist,False,352,257,f76ca27e,a68f9cd071edaaf117b1b95b5f84e594044facad47004f509cda9926d56da0f3,ORIGINAL_APPLICATION,game resource,MEDIUM
Payload/pool.app/FeaturesSystemConfiguration.plist,False,37808,37818,82542ef5,ce46bb089c30f5a29b0b41cd646f6c7117ea25b84bdb1dcf9b25e7ef2fbfcf54,ORIGINAL_APPLICATION,game resource,MEDIUM
Payload/pool.app/TwoRoundTournamentLostFirstRoundPopup.ccbi,False,3536,1908,fc963646,cb595e49afbd045cf2a688ed1c7e220a56a3cd8fc80c9860bddf4617b19ab958,ORIGINAL_APPLICATION,game resource,MEDIUM
Payload/pool.app/leaderboards.png,False,88518,88525,c907d09d,99c63ef3edfe377ec0c589fa12dc473824ea4535ad2f8dd904ce890b9b87ecc0,ORIGINAL_APPLICATION,game resource,MEDIUM
Payload/pool.app/FormTimer.ccbi,False,1654,996,c92cc5af,7e755f7db341e8839f6717a30cc2edd098659c9408aa98ffd788c34ca824df50,ORIGINAL_APPLICATION,game resource,MEDIUM
Payload/pool.app/Boosts.png,False,1412,1412,e7fe1a5e,315d3db2ee19918d6f26d51d7a381d566f4bbf7e32751fbcbaabc97fcf817a36,ORIGINAL_APPLICATION,game resource,MEDIUM
Payload/pool.app/SubscriptionInfoNode.ccbi,False,2866,1483,05b7aa35,a4f531329778cea947da9296a0f0970a8d82da883eaf9c7d5665e5b0619dfa11,ORIGINAL_APPLICATION,game resource,MEDIUM
Payload/pool.app/LeaderboardZoneSeparatorNode.ccbi,False,1314,766,de1dafb8,2cee4402c6c527405ad58946361dfa91c9f1d437d2b798a51d24b16feb32e877,ORIGINAL_APPLICATION,game resource,MEDIUM
Payload/pool.app/General.plist,False,959,600,22026bb8,521fac917a5035f2d4ec8e106a1d3e16f0775e6fc5967ab25084cbd6af399abc,ORIGINAL_APPLICATION,game resource,MEDIUM
Payload/pool.app/particleTexture3.plist,False,1489,798,9008323e,94aa1db7214585e830d12032dbf4e8fe99a46fd7227ecacecc8ae29dc3bdc576,ORIGINAL_APPLICATION,game resource,MEDIUM
Payload/pool.app/flag_PL.png,False,267,267,d59962ef,304de10a5a2c78e6d08a842ff4038a2d06ab72f1eec1315a3842ae472f307c07,ORIGINAL_APPLICATION,game resource,MEDIUM
Payload/pool.app/GS_2_idle_02.plist,False,1564,846,4df54abf,ab7d13d990021d4274011d03c90604903a196ab232fb356bb78317660b820c3a,ORIGINAL_APPLICATION,game resource,MEDIUM
Payload/pool.app/MCFSGenericFrame7.plist,False,329,241,f0fb3929,465615a140ff98557c19479f81cccf8337f69d0703d7c26aa44db6b0300d3c78,ORIGINAL_APPLICATION,game resource,MEDIUM
Payload/pool.app/MCFSGenericFrame24.plist,False,330,242,4620804e,bca3906f196e1e61259db9f69a72f6dbd952320ebf45837ac77801509bfeeabe,ORIGINAL_APPLICATION,game resource,MEDIUM
Payload/pool.app/menuNoWebP-hd.plist,False,239,203,da4b4044,608127c2c3211132dbddc7745cd81495206054bcee467a281076dcddec6223f3,ORIGINAL_APPLICATION,game resource,MEDIUM
Payload/pool.app/flag_RS.png,False,345,345,5e2ba3f3,9d1fd00f73eed37f8ca3c24c60a1a6003c39c01a951aa32f69a87ab9ea9aa2ef,ORIGINAL_APPLICATION,game resource,MEDIUM
Payload/pool.app/Relegation.skel,False,2339,789,714cdf9b,75e94aceef78f0be0a6bb4f110584b58e2f3dcd8d586ca166101c337183e159e,ORIGINAL_APPLICATION,game resource,MEDIUM
Payload/pool.app/FriendsTabContent.ccbi,False,358,283,5a00d306,902b9846367b5b4779e3aeb6a8259944cb4a14fe21f00aa3c48dd8969bc9489f,ORIGINAL_APPLICATION,game resource,MEDIUM
Payload/pool.app/localization1_it.png,False,13910,13910,a7f96db4,97e310e9389b2d15c1fe98e4634aecd0b31a1e9d5f881dbc35b9909d2cc6ff42,ORIGINAL_APPLICATION,game resource,MEDIUM
Payload/pool.app/FramedSpriteGoldenFrame.plist,False,210,180,78f24de7,860d432ad07f7239f41472940504261e243386d1bf6b279d637f0883dc63e2c3,ORIGINAL_APPLICATION,game resource,MEDIUM
Payload/pool.app/MenuSpinWheelConfirmationPopup.ccbi,False,2780,1532,0c1a4bd5,2061e87b8419e00b4416719661c22dbfeaeb4efdb78a0508db76e104617e7238,ORIGINAL_APPLICATION,game resource,MEDIUM
Payload/pool.app/BigoADSRes.bundle/,True,0,0,00000000,,ORIGINAL_APPLICATION,game resource,MEDIUM
Payload/pool.app/BigoADSRes.bundle/de.lproj/,True,0,0,00000000,,ORIGINAL_APPLICATION,bundle metadata / localization,HIGH
Payload/pool.app/BigoADSRes.bundle/de.lproj/BGNativeAd.strings,False,373,265,1e70ab64,6e1397915ae400fe64b66e8f71c5b7e11532ff3bc8a4f50a33e00e660bef42ee,ORIGINAL_APPLICATION,bundle metadata / localization,HIGH
Payload/pool.app/BigoADSRes.bundle/ur.lproj/,True,0,0,00000000,,ORIGINAL_APPLICATION,bundle metadata / localization,HIGH
Payload/pool.app/BigoADSRes.bundle/ur.lproj/BGNativeAd.strings,False,414,283,107390ec,cbd93a26f72edab30b92bc6eeddbbdedc27ed6bcbc2947bfff94eacb9ed9dc59,ORIGINAL_APPLICATION,bundle metadata / localization,HIGH
Payload/pool.app/BigoADSRes.bundle/bigo_ad_slide.png,False,1571,1523,afa835b1,1cad12bc89af322879ce53c8ad7cb580c2ee39c9e2fb8ee5f47d75adc5fc8a6c,ORIGINAL_APPLICATION,game resource,MEDIUM
Payload/pool.app/BigoADSRes.bundle/ar.lproj/,True,0,0,00000000,,ORIGINAL_APPLICATION,bundle metadata / localization,HIGH
Payload/pool.app/BigoADSRes.bundle/ar.lproj/BGNativeAd.strings,False,356,255,55de8ae5,b1cd43da139dc77d766419a0f498ff10d046c9b35e36f13040ae9c714b85cee9,ORIGINAL_APPLICATION,bundle metadata / localization,HIGH
Payload/pool.app/BigoADSRes.bundle/zh-Hans.lproj/,True,0,0,00000000,,ORIGINAL_APPLICATION,bundle metadata / localization,HIGH
Payload/pool.app/BigoADSRes.bundle/zh-Hans.lproj/BGNativeAd.strings,False,265,206,a5679c7a,19fff0588088dc037a7493c3aaec30447121266598e8e72f167f5ab41316455b,ORIGINAL_APPLICATION,bundle metadata / localization,HIGH
Payload/pool.app/BigoADSRes.bundle/ja.lproj/,True,0,0,00000000,,ORIGINAL_APPLICATION,bundle metadata / localization,HIGH
Payload/pool.app/BigoADSRes.bundle/ja.lproj/BGNativeAd.strings,False,289,226,f2b2abe9,6318485ce7e09ae90abf801172aa103aa0ad9c7bff1f72744ee4910e3cfa856c,ORIGINAL_APPLICATION,bundle metadata / localization,HIGH
Payload/pool.app/BigoADSRes.bundle/ja.lproj/BGFeedback.strings,False,455,273,6ec17ce4,63b812a080babc78ff331fa43fa16270c083540a4a816577b82c83f1ae1dbf41,ORIGINAL_APPLICATION,bundle metadata / localization,HIGH
Payload/pool.app/BigoADSRes.bundle/ic_web_copy@2x.png,False,200,194,5e257809,5b4ffef5bbcef301f7818c8de39d017537451b7c7d849f94abec7b19f4276f6a,ORIGINAL_APPLICATION,game resource,MEDIUM
Payload/pool.app/BigoADSRes.bundle/bigo_ad_ic_feedback_complete@3x.png,False,1151,1151,74ee9f26,64e58462aeb670aa63a66edf2491a93f1842999ab095eb28d0d6565653b54cc0,ORIGINAL_APPLICATION,game resource,MEDIUM
Payload/pool.app/BigoADSRes.bundle/mr.lproj/,True,0,0,00000000,,ORIGINAL_APPLICATION,bundle metadata / localization,HIGH
Payload/pool.app/BigoADSRes.bundle/mr.lproj/BGNativeAd.strings,False,440,297,358e7189,4a7d0fa6b51ae6d96df2022df5c4a6fe97968a1862abbc1e2cc5ddfed56cef1e,ORIGINAL_APPLICATION,bundle metadata / localization,HIGH
Payload/pool.app/BigoADSRes.bundle/bigo_ad_ic_close_gray.png,False,360,360,731b14c1,bcf546cc1d5a5d84c81c75e53b1bf252c74eb19023aedd7073a9da8b3779582c,ORIGINAL_APPLICATION,game resource,MEDIUM
Payload/pool.app/BigoADSRes.bundle/en.lproj/,True,0,0,00000000,,ORIGINAL_APPLICATION,bundle metadata / localization,HIGH
Payload/pool.app/BigoADSRes.bundle/en.lproj/BGNativeAd.strings,False,291,217,d5e79e22,b56b77e85be59852565746d7d2a0b8b1d0e067c12ad19bb183e598ff2cf5c877,ORIGINAL_APPLICATION,bundle metadata / localization,HIGH
Payload/pool.app/BigoADSRes.bundle/en.lproj/BGFeedback.strings,False,429,255,34aa825a,f67e395ba74fd3a9c5bd7c5b63748c0e003b16e0338714d2c93d32d6b640ad8f,ORIGINAL_APPLICATION,bundle metadata / localization,HIGH
Payload/pool.app/BigoADSRes.bundle/bigo_ad_ic_star_half_white.png,False,862,584,1dda37dc,558d5dbc399de131c22797de8e69ae71086ae201339f610476224683ed3c231c,ORIGINAL_APPLICATION,game resource,MEDIUM
Payload/pool.app/BigoADSRes.bundle/gu.lproj/,True,0,0,00000000,,ORIGINAL_APPLICATION,bundle metadata / localization,HIGH
Payload/pool.app/BigoADSRes.bundle/gu.lproj/BGNativeAd.strings,False,432,297,722f4947,6791d4cf879ba0fe60b63580eef38c37e5762e0bd915b971c7bd27db5d2cd6ee,ORIGINAL_APPLICATION,bundle metadata / localization,HIGH
Payload/pool.app/BigoADSRes.bundle/bigo_ad_landscape_slide_view.png,False,1977,1827,060fb4ab,be851bff844fdc2dfc3abc48506edcb3ed837987551581ab65c764adea22a9e5,ORIGINAL_APPLICATION,game resource,MEDIUM
Payload/pool.app/BigoADSRes.bundle/kn.lproj/,True,0,0,00000000,,ORIGINAL_APPLICATION,bundle metadata / localization,HIGH
Payload/pool.app/BigoADSRes.bundle/kn.lproj/BGNativeAd.strings,False,446,312,aa719673,b6dc8f2ca05c62e2834a5495f113b7cae05c8bdbdf6316a9679a71784940b6e4,ORIGINAL_APPLICATION,bundle metadata / localization,HIGH
Payload/pool.app/BigoADSRes.bundle/bigo_ad_click_guide_landscape.png,False,22037,21178,789675cc,fb3667a776e7658f9654c60145f4b2f42dac92df353ef0c9bbe4e0f4790b008e,ORIGINAL_APPLICATION,game resource,MEDIUM
Payload/pool.app/BigoADSRes.bundle/pa.lproj/,True,0,0,00000000,,ORIGINAL_APPLICATION,bundle metadata / localization,HIGH
Payload/pool.app/BigoADSRes.bundle/pa.lproj/BGNativeAd.strings,False,430,293,faef9ffd,06b30183f605a6feede3a398248f321ecf60daf0d07b781372d9a197b7c335e6,ORIGINAL_APPLICATION,bundle metadata / localization,HIGH
Payload/pool.app/BigoADSRes.bundle/ic_web_copy@3x.png,False,415,382,75f3286a,5ec9057673f0bd187d5ecbf01c187c8bbf5ca571b80cf1c74c6dd1791ae130f2,ORIGINAL_APPLICATION,game resource,MEDIUM
Payload/pool.app/BigoADSRes.bundle/bigo_ad_ic_feedback_complete@2x.png,False,609,609,581f7eea,be882532d05bc61fc6d16e21d085fbf767fdc0184ed08139030eb42c339e2ccb,ORIGINAL_APPLICATION,game resource,MEDIUM
Payload/pool.app/BigoADSRes.bundle/vpaid_iframe.html,False,1004,443,a902cbde,c17f3e3774780bb0dc6ea179df713944c43e4cfdcbd3356dfd3c73931bd9a558,ORIGINAL_APPLICATION,game resource,MEDIUM
Payload/pool.app/BigoADSRes.bundle/mraid.js,False,28584,6529,ffeb7aa6,b6f0dc837636b5c0cf7292233cd8a746a9bd50383efa1f539e3bcf8cff58aaf0,ORIGINAL_APPLICATION,game resource,MEDIUM
Payload/pool.app/BigoADSRes.bundle/bigo_ad_ic_media_play_small.png,False,634,569,0af3cef5,b8868d457cee4909e379c77f56b0d1fa9bfcccf962be96bea857fcaced15a648,ORIGINAL_APPLICATION,game resource,MEDIUM
Payload/pool.app/BigoADSRes.bundle/bigo_ad_slide_guide@3x.png,False,10618,8801,6a9e5229,4f2de87d90f81dac854a75e4aa9b46e4cfae10c8b9c920b64cc8e464be8e9f0d,ORIGINAL_APPLICATION,game resource,MEDIUM
Payload/pool.app/BigoADSRes.bundle/it.lproj/,True,0,0,00000000,,ORIGINAL_APPLICATION,bundle metadata / localization,HIGH
Payload/pool.app/BigoADSRes.bundle/it.lproj/BGNativeAd.strings,False,333,239,9f95e337,3e3a05e0845a102c2d8dfc3e30d0b983263148ceecf5edc7b67a35d386d601d4,ORIGINAL_APPLICATION,bundle metadata / localization,HIGH
Payload/pool.app/BigoADSRes.bundle/ic_websafe@2x.png,False,245,245,ea4cb121,5eaec3a250665c866506ff165a7b60af7ae16c35276af83460e1a209dd9cdea6,ORIGINAL_APPLICATION,game resource,MEDIUM
Payload/pool.app/BigoADSRes.bundle/ic_web_global@3x.png,False,2247,2247,2f874784,9d0d95e206506b4626c9579d58a07ed8f1a37659836f7d1d0869207588081a1f,ORIGINAL_APPLICATION,game resource,MEDIUM
Payload/pool.app/BigoADSRes.bundle/bigo_ad_ic_close_white@3x.png,False,888,880,fe55e018,32f65250827405aad55cb4d756dbe09bfa534f1dec808be82e9a91cfea2346b8,ORIGINAL_APPLICATION,game resource,MEDIUM
Payload/pool.app/BigoADSRes.bundle/ic_web_back@3x.png,False,502,473,27289921,6d8d1b456de0c3a8f4a9db9f2e6cf7ffc0d662b8199db660a452c024287c52fa,ORIGINAL_APPLICATION,game resource,MEDIUM
Payload/pool.app/BigoADSRes.bundle/bigo_ad_click_guide.png,False,1858,1723,20074d3d,c23080b74e696592f90b17de08487bd6ec9972377c741272e46c9706664983c6,ORIGINAL_APPLICATION,game resource,MEDIUM
Payload/pool.app/BigoADSRes.bundle/bigo_ad_ic_media_mute@3x.png,False,4011,3982,e707037a,5447b39439bbae5663082cc9e2b9c28e408171d301abde90b6b4d7c7359166a2,ORIGINAL_APPLICATION,game resource,MEDIUM
Payload/pool.app/BigoADSRes.bundle/bigo_ad_ic_star_normal.png,False,978,955,5d3b2694,70109e4afc51615b56c0985261178f50d112eabb8e93cf025fe4c9d264286244,ORIGINAL_APPLICATION,game resource,MEDIUM
Payload/pool.app/BigoADSRes.bundle/bigo_ad_ic_close3.png,False,606,528,06e7a341,917f62aab38828cc3f6dfd39c2298a6239bb946e0af44dfe5fe1012fbb6906d0,ORIGINAL_APPLICATION,game resource,MEDIUM
Payload/pool.app/BigoADSRes.bundle/bigo_ad_ic_close2.png,False,545,463,21851e0e,ef93a97ca21d622928150149eb4395823ad495a34ff5212706c0f5a3c1f55e88,ORIGINAL_APPLICATION,game resource,MEDIUM
Payload/pool.app/BigoADSRes.bundle/ms.lproj/,True,0,0,00000000,,ORIGINAL_APPLICATION,bundle metadata / localization,HIGH
Payload/pool.app/BigoADSRes.bundle/ms.lproj/BGNativeAd.strings,False,449,298,ff891e09,1765dbaa8461ab10190077445b553eb7a2d1be0111d9d6ab299460c18549a298,ORIGINAL_APPLICATION,bundle metadata / localization,HIGH
Payload/pool.app/BigoADSRes.bundle/si.lproj/,True,0,0,00000000,,ORIGINAL_APPLICATION,bundle metadata / localization,HIGH
Payload/pool.app/BigoADSRes.bundle/si.lproj/BGNativeAd.strings,False,434,308,b1054a8f,8de4b41e85a97f8995b766c4828e69fb38fb9c833940f9a795dde06b01bc9719,ORIGINAL_APPLICATION,bundle metadata / localization,HIGH
Payload/pool.app/BigoADSRes.bundle/ta.lproj/,True,0,0,00000000,,ORIGINAL_APPLICATION,bundle metadata / localization,HIGH
Payload/pool.app/BigoADSRes.bundle/ta.lproj/BGNativeAd.strings,False,468,314,f8317824,134f82ee8841e0622f392537242f291801eb4198eca4aac04c9bd9307836fa54,ORIGINAL_APPLICATION,bundle metadata / localization,HIGH
Payload/pool.app/BigoADSRes.bundle/ne.lproj/,True,0,0,00000000,,ORIGINAL_APPLICATION,bundle metadata / localization,HIGH
Payload/pool.app/BigoADSRes.bundle/ne.lproj/BGNativeAd.strings,False,436,286,dd9db5f7,b4036773e382baca08851e90f5ff6b6245c5a3ac4c4f4d6c7103a265fbc39a16,ORIGINAL_APPLICATION,bundle metadata / localization,HIGH
Payload/pool.app/BigoADSRes.bundle/sv.lproj/,True,0,0,00000000,,ORIGINAL_APPLICATION,bundle metadata / localization,HIGH
Payload/pool.app/BigoADSRes.bundle/sv.lproj/BGNativeAd.strings,False,392,259,24d9eac4,0e9ea29464cab2e15240e4a27c3b0d2dcacdc5610f5a077d24cafd96d6939685,ORIGINAL_APPLICATION,bundle metadata / localization,HIGH
Payload/pool.app/BigoADSRes.bundle/te.lproj/,True,0,0,00000000,,ORIGINAL_APPLICATION,bundle metadata / localization,HIGH
Payload/pool.app/BigoADSRes.bundle/te.lproj/BGNativeAd.strings,False,247,184,1d85aa34,697da78938953e22894fb5be28feb31ff8939838632e8feb43683fa0de4e1b77,ORIGINAL_APPLICATION,bundle metadata / localization,HIGH
Payload/pool.app/BigoADSRes.bundle/bigo_ad_ic_media_mute@2x.png,False,1685,1685,37427a6f,6803f31c08a774adf8c08304bb80c68d6a79cd0e4073d330c672903a030fda9c,ORIGINAL_APPLICATION,game resource,MEDIUM
Payload/pool.app/BigoADSRes.bundle/bigo_ad_banner_clickguide.png,False,1858,1723,20074d3d,c23080b74e696592f90b17de08487bd6ec9972377c741272e46c9706664983c6,ORIGINAL_APPLICATION,game resource,MEDIUM
Payload/pool.app/BigoADSRes.bundle/ic_web_back@2x.png,False,210,209,f04e6952,53f1d42c6bffcadbd9319f49935772616699873cdb8f062fd0e6873fed8ea8d8,ORIGINAL_APPLICATION,game resource,MEDIUM
Payload/pool.app/BigoADSRes.bundle/bigo_ad_ic_close5.png,False,1082,1036,cec9c8e3,40b047a76606fc3b96ddf44ecf367e1f96c45168d69ee1a75df6d494eae79f3c,ORIGINAL_APPLICATION,game resource,MEDIUM
Payload/pool.app/BigoADSRes.bundle/ic_web_global@2x.png,False,1108,1108,c589984c,15bb5928e9efa9b9a984bbb4be92d98695ce8a0358326beaae51911b4e00d566,ORIGINAL_APPLICATION,game resource,MEDIUM
Payload/pool.app/BigoADSRes.bundle/bigo_ad_ic_close_white@2x.png,False,348,348,caadb853,958e2c361b7ff18cc57c1ec1ddb8e813e21e35220c3eb6e14a58e7536e856a45,ORIGINAL_APPLICATION,game resource,MEDIUM
Payload/pool.app/BigoADSRes.bundle/ic_websafe@3x.png,False,437,437,9ed2b45d,007bcf6d33d5c497caa93530e426ab280ff0ec0265553f813115780ee278e5c5,ORIGINAL_APPLICATION,game resource,MEDIUM
Payload/pool.app/BigoADSRes.bundle/bigo_ad_ic_close4.png,False,763,721,7004c9f3,f0aa1f2c18a39ec38ad422ff91a1c096b2a2e4a5c3d8264be0c53d824c005d09,ORIGINAL_APPLICATION,game resource,MEDIUM
Payload/pool.app/BigoADSRes.bundle/bigo_ad_default_base_image.jpg,False,12131,11199,37303cf2,ff75497df28bd28e1cfc24a2e5a7e394478735eefa73705832d12555f7d88f79,ORIGINAL_APPLICATION,game resource,MEDIUM
Payload/pool.app/BigoADSRes.bundle/bigo_ad_slide_guide@2x.png,False,6147,5220,c336410b,d3b754c24dc71d863a36da8960ff7c0cd972026105a26b9c75508317c9685d6d,ORIGINAL_APPLICATION,game resource,MEDIUM
Payload/pool.app/BigoADSRes.bundle/vpaid.js,False,11984,2357,0d4f0adf,9b2a482388750bb4f8d36c6fabe8571adc37fc38c7944116563035200e5ce0af,ORIGINAL_APPLICATION,game resource,MEDIUM
Payload/pool.app/BigoADSRes.bundle/bigo_ad_form_privacy_select@3x.png,False,583,558,28fedef4,197b9493b1497de564e048c3edd4563a795bf3a2c60e1d7be345377a201bc2d3,ORIGINAL_APPLICATION,game resource,MEDIUM
Payload/pool.app/BigoADSRes.bundle/bigo_ad_ic_media_pause@2x.png,False,5800,5573,9bc2ea93,474872c4caa00249e9e009e0df5b8a8bf6f332d231001e37f633cfa7ec05dcc8,ORIGINAL_APPLICATION,game resource,MEDIUM
Payload/pool.app/BigoADSRes.bundle/bigo_ad_ic_media_play@3x.png,False,12684,11970,2bf028a7,44e8e61bad2bf41d1b6036ecee009069399e8af6040718ba681a9169d13f5d26,ORIGINAL_APPLICATION,game resource,MEDIUM
Payload/pool.app/BigoADSRes.bundle/bigo_ad_icon_default_img.png,False,334,300,4d0105b5,8bd335f0a800ca1680f19bd832d488af6ebb521d51ed56c8d350815a9626e7b8,ORIGINAL_APPLICATION,game resource,MEDIUM
Payload/pool.app/BigoADSRes.bundle/bn-BD.lproj/,True,0,0,00000000,,ORIGINAL_APPLICATION,bundle metadata / localization,HIGH
Payload/pool.app/BigoADSRes.bundle/bn-BD.lproj/BGNativeAd.strings,False,418,293,7ee8b48d,b14cc19c1dd69605fb50e3632ec0e745834fba9f16f716436a35c23b1760ae8f,ORIGINAL_APPLICATION,bundle metadata / localization,HIGH
Payload/pool.app/BigoADSRes.bundle/bigo_ad_feedback_info_gray.png,False,999,983,5a70d165,65f732a4b76c191dbe7ad4d1a8018b552f371cf7bd6991c5a2227395dd58d96a,ORIGINAL_APPLICATION,game resource,MEDIUM
Payload/pool.app/BigoADSRes.bundle/bn-IN.lproj/,True,0,0,00000000,,ORIGINAL_APPLICATION,bundle metadata / localization,HIGH
Payload/pool.app/BigoADSRes.bundle/bn-IN.lproj/BGNativeAd.strings,False,420,297,0c9ac112,6230c40ec78012e61d10bdc8f23d4bce3c09d8c1e846187182a6623f4aacd839,ORIGINAL_APPLICATION,bundle metadata / localization,HIGH
Payload/pool.app/BigoADSRes.bundle/bigo_ad_arrow_right.png,False,461,370,e94923ed,47bed180b8555f6b91ab03ed1fc2d900237fcc907769f2c44b31d7859e8dcc9e,ORIGINAL_APPLICATION,game resource,MEDIUM
Payload/pool.app/BigoADSRes.bundle/tr.lproj/,True,0,0,00000000,,ORIGINAL_APPLICATION,bundle metadata / localization,HIGH
Payload/pool.app/BigoADSRes.bundle/tr.lproj/BGNativeAd.strings,False,446,291,4cdea2f2,f28845a8f9c9c70a5bcaa0c02a86a99ebe35193fe0ae76a9c35f2d79089f301d,ORIGINAL_APPLICATION,bundle metadata / localization,HIGH
Payload/pool.app/BigoADSRes.bundle/ic_web_refresh@2x.png,False,792,792,fb8b6eb0,688c151f8a11d24698f5a0d286791c55812839136c5276496307ee77ebc2efea,ORIGINAL_APPLICATION,game resource,MEDIUM
Payload/pool.app/BigoADSRes.bundle/ic_web_refresh@3x.png,False,2004,2004,0bcdcb64,95084f15134a4a7ec4f7fcd78a0b300a17495fef4acf472359fd4652d3bcde28,ORIGINAL_APPLICATION,game resource,MEDIUM
Payload/pool.app/BigoADSRes.bundle/omsdk-v1.js,False,49724,16607,b1c9d4ef,1648d174bf12d712acf9c5322602cccdaae5d67eb64a0a6730d1ab5128970cba,ORIGINAL_APPLICATION,game resource,MEDIUM
Payload/pool.app/BigoADSRes.bundle/bigo_ad_ic_back_gray.png,False,209,209,cc8f3933,aab99b202f86d7ee75132b0478a2751a2f4b7d640b359d687998ca21d64a2c50,ORIGINAL_APPLICATION,game resource,MEDIUM
Payload/pool.app/BigoADSRes.bundle/bigo_ad_ic_media_pause_small.png,False,458,399,f93d808a,cd33310266530f9fbbe2675ef11d9bd4e31d2b3d81292792d600ecac9e6591c3,ORIGINAL_APPLICATION,game resource,MEDIUM
Payload/pool.app/BigoADSRes.bundle/bigo_ad_feeback_arrow_right.png,False,296,220,8208f376,9a877ed7bf70ed70c8a582d45637007f49b60766a0bebb8c781c1a59b1dffedd,ORIGINAL_APPLICATION,game resource,MEDIUM
Payload/pool.app/BigoADSRes.bundle/ru.lproj/,True,0,0,00000000,,ORIGINAL_APPLICATION,bundle metadata / localization,HIGH
Payload/pool.app/BigoADSRes.bundle/ru.lproj/BGNativeAd.strings,False,488,323,64df2f30,db0292e9233a776371424cf01714251f8c3e7c3ca72e87526c5395db74b42cbb,ORIGINAL_APPLICATION,bundle metadata / localization,HIGH
Payload/pool.app/BigoADSRes.bundle/ru.lproj/BGFeedback.strings,False,609,341,b7c21214,b65f32916f5faef61e302d28550a1bb410cbcc11b2140ea46ce10d96cdec4190,ORIGINAL_APPLICATION,bundle metadata / localization,HIGH
Payload/pool.app/BigoADSRes.bundle/bigo_ad_ic_media_play@2x.png,False,6035,5781,597b46ac,bfcc3409fea872b8b58597802c8e1b1f163f0005929c518c2f3d342923bda2a8,ORIGINAL_APPLICATION,game resource,MEDIUM
Payload/pool.app/BigoADSRes.bundle/bigo_ad_ic_media_pause@3x.png,False,12076,11374,b9a8f99d,fe852fcf4be4d249348f53d684b60b94271758ed13b7e28739a6c17a1d035862,ORIGINAL_APPLICATION,game resource,MEDIUM
Payload/pool.app/BigoADSRes.bundle/bigo_ad_ic_star_white.png,False,1318,882,b4cde47c,1798fb67d1672d4b41d817ab204e145fd5e37e84154138a9bad66f16b4bdfc18,ORIGINAL_APPLICATION,game resource,MEDIUM
Payload/pool.app/BigoADSRes.bundle/uz.lproj/,True,0,0,00000000,,ORIGINAL_APPLICATION,bundle metadata / localization,HIGH
Payload/pool.app/BigoADSRes.bundle/uz.lproj/BGNativeAd.strings,False,390,266,3592b878,6c8a711ab32c138724e6fcc9cce51f9c61bff7a420421892b7fc2e618550e9ea,ORIGINAL_APPLICATION,bundle metadata / localization,HIGH
Payload/pool.app/BigoADSRes.bundle/fr.lproj/,True,0,0,00000000,,ORIGINAL_APPLICATION,bundle metadata / localization,HIGH
Payload/pool.app/BigoADSRes.bundle/fr.lproj/BGNativeAd.strings,False,467,292,7c06c7ab,907bbcb7e0b14229945ef3e999658dbdc361f309974cecbdb1f39eb696a0ce66,ORIGINAL_APPLICATION,bundle metadata / localization,HIGH
Payload/pool.app/BigoADSRes.bundle/bigo_ad_ic_ad_label.png,False,1663,1635,a0cca350,85aa68ce55a88fb396eb443fae95b04ae67b5c3b2d28ae383f707a77aac6d45d,ORIGINAL_APPLICATION,game resource,MEDIUM
Payload/pool.app/BigoADSRes.bundle/bigo_ad_ic_media_unmute@2x.png,False,1145,1145,0fdf7f4d,f59e84cdf702adb095aea6becce2335341396e15fe0741e2b6a96ba81425daa8,ORIGINAL_APPLICATION,game resource,MEDIUM
Payload/pool.app/BigoADSRes.bundle/form_icon_back_up.png,False,3498,3318,37eeea8f,fca3a6ade9cb16e778013cfeba72f69d70d7af06bcf87de20609021b77e29981,ORIGINAL_APPLICATION,game resource,MEDIUM
Payload/pool.app/BigoADSRes.bundle/bigo_ad_form_selected@3x.png,False,1220,1220,9957fc68,fd1edb2d4ece4b629cb1ee28f986a10f692ded8e86948448e2fa77aced0e1ff8,ORIGINAL_APPLICATION,game resource,MEDIUM
Payload/pool.app/BigoADSRes.bundle/bigo_ad_arrow_down@2x.png,False,318,317,b1f305c7,66d13a0fb9758e014ecb2d6c566d3831f1d6cf4d709b44b9569cd5c47dceba94,ORIGINAL_APPLICATION,game resource,MEDIUM
Payload/pool.app/BigoADSRes.bundle/bigo_ad_ic_feedback_complete_big@2x.png,False,2898,2895,87dbfd95,8ce1e5e1759d4d9ca64e4b3cf4c67920c9bf42427b2f39127fa8a35403b89f4a,ORIGINAL_APPLICATION,game resource,MEDIUM
Payload/pool.app/BigoADSRes.bundle/ic_web_forward@2x.png,False,198,198,f3218859,ea798590285cb932503e1f690cf189ac20f11b76d07644a15f8aa7bb05dd82d0,ORIGINAL_APPLICATION,game resource,MEDIUM
Payload/pool.app/BigoADSRes.bundle/bigo_ad_form_success.png,False,4557,4557,6c0088c5,c96f0b2e3e262975b08b508995232cba174c4282fdf794916f4a969103d8f939,ORIGINAL_APPLICATION,game resource,MEDIUM
Payload/pool.app/BigoADSRes.bundle/bigo_ad_icon_novideo_default.png,False,3573,3566,602d6d6b,c3c4b9f3c386a760c26d959b34a5099dc5caed7fbd106fd304f4535ebd9e6c5a,ORIGINAL_APPLICATION,game resource,MEDIUM
Payload/pool.app/BigoADSRes.bundle/vpaid_player.html,False,2238,799,cdad236f,4f3abbe9148923f79fd24685cffe8d4e3bbd86fe97aaa0a0c0379e8e2a8d7d5f,ORIGINAL_APPLICATION,game resource,MEDIUM
Payload/pool.app/BigoADSRes.bundle/bigo_ad_ic_star_half.png,False,949,917,42de54ea,31ea2928de399ac0b84bcc953e91de110495e509cf1c5ef6b79e7d302cbd4e92,ORIGINAL_APPLICATION,game resource,MEDIUM
Payload/pool.app/BigoADSRes.bundle/bigo_ad_arrow_right@3x.png,False,538,538,7957b1fe,6cb03bcf1713415a8d6b37ff9e268f321898bb8fabd6dc3d09b1c8d664f546b1,ORIGINAL_APPLICATION,game resource,MEDIUM
Payload/pool.app/BigoADSRes.bundle/bigo_ad_ic_star.png,False,1353,1319,bcce13d3,b5a69e41103b1df354cd7888f3eddc924841b761c476f474cb1506947ed9348a,ORIGINAL_APPLICATION,game resource,MEDIUM
Payload/pool.app/BigoADSRes.bundle/bigo_ad_arrow_right@2x.png,False,403,403,5118c7fd,f4e0601753ab156fa6ddb582688a53659c0fb1025b569f0c026a765323f8bb10,ORIGINAL_APPLICATION,game resource,MEDIUM
Payload/pool.app/BigoADSRes.bundle/bigo_ad_ic_report.png,False,1065,921,a0eb8a3e,11bb18ff0f0a7877add14ba393acf9c3c52ebcacec51c79d6e29292723d1c772,ORIGINAL_APPLICATION,game resource,MEDIUM
Payload/pool.app/BigoADSRes.bundle/bigo_ad_click_guide_shadow.png,False,8112,7887,031d8cfe,559a3e94145f050740ffc2d892a325daf981866ac8a29c1d4edb0dfc0937650c,ORIGINAL_APPLICATION,game resource,MEDIUM
Payload/pool.app/BigoADSRes.bundle/ic_web_forward@3x.png,False,504,468,a8f7d8e6,133e4ad6562f904a6c3a5fc1a70b0aecff910239518ecdd541b0343fb464d239,ORIGINAL_APPLICATION,game resource,MEDIUM
Payload/pool.app/BigoADSRes.bundle/bigo_ad_ic_feedback_complete_big@3x.png,False,5467,5416,df3d0ed3,c5c8584fd86243bd459d7fccfc496a942467367f5f5cc5e4bf7efda212347e09,ORIGINAL_APPLICATION,game resource,MEDIUM
Payload/pool.app/BigoADSRes.bundle/Info.plist,False,765,552,c70ffc67,6048c2e99ecc183e146e28a137eb53c12c9973f30350ef92359aab04b3ee1cb0,ORIGINAL_APPLICATION,bundle metadata / localization,HIGH
Payload/pool.app/BigoADSRes.bundle/bigo_ad_arrow_down@3x.png,False,534,534,5505a039,690261845598b8f09140db1cc1c70a08445769eb59bfcd9761448d118dd5d6a5,ORIGINAL_APPLICATION,game resource,MEDIUM
Payload/pool.app/BigoADSRes.bundle/bigo_ad_form_selected@2x.png,False,791,791,7f28f40c,1085fd5f41461e18efe68bcb564805eea3ac10f7381e5b1c9e596a85f60780b6,ORIGINAL_APPLICATION,game resource,MEDIUM
Payload/pool.app/BigoADSRes.bundle/bigo_ad_ic_media_unmute@3x.png,False,3286,3286,49dd4504,63ae745ee0babaecc3851072c28b913342a257a5b9fa71dbacbbb287eb9893fe,ORIGINAL_APPLICATION,game resource,MEDIUM
Payload/pool.app/BigoADSRes.bundle/bigo_ad_flash.png,False,466,309,3966e435,74f2370e5a40f906c5041da623e5024ffc14f49de02b98a6aefae91f4becca8e,ORIGINAL_APPLICATION,game resource,MEDIUM
Payload/pool.app/BigoADSRes.bundle/hi.lproj/,True,0,0,00000000,,ORIGINAL_APPLICATION,bundle metadata / localization,HIGH
Payload/pool.app/BigoADSRes.bundle/hi.lproj/BGNativeAd.strings,False,436,287,e540b5e1,7627688bb906434cb71ad90877f4b4f1003d2816380622eb9ed93c7f296bb18a,ORIGINAL_APPLICATION,bundle metadata / localization,HIGH
Payload/pool.app/BigoADSRes.bundle/ic_close_gray.png,False,517,445,c7ff2879,a03c1edf710b21add8175fc2ae46eade4d97eeadf22818aed31f59d8bfbb9c85,ORIGINAL_APPLICATION,game resource,MEDIUM
Payload/pool.app/BigoADSRes.bundle/en-IN.lproj/,True,0,0,00000000,,ORIGINAL_APPLICATION,bundle metadata / localization,HIGH
Payload/pool.app/BigoADSRes.bundle/en-IN.lproj/BGNativeAd.strings,False,358,263,7e3e6e14,2e7111a4866dbc6c8619285c0168e7718f12f4b71769ff1081ad32cf1e212393,ORIGINAL_APPLICATION,bundle metadata / localization,HIGH
Payload/pool.app/DailySpin_Arrow-hd.png,False,37528,37531,4f97dfba,46d05722d2e8cf6e0b7e6929f73a8d581bb652b0197225e2a4a9f0684086ba32,ORIGINAL_APPLICATION,game resource,MEDIUM
Payload/pool.app/fr_text.plist,False,1302131,467766,2c257188,5822e8e0c87c0080d06880a67633330f5899611a0029d6bfc17227795fc647e8,ORIGINAL_APPLICATION,game resource,MEDIUM
Payload/pool.app/flag_AU-hd.png,False,1090,1090,57179e66,6a012c273407dea0f65eb576d456efdde2aa550391e4bda06664e59ecd52715e,ORIGINAL_APPLICATION,game resource,MEDIUM
Payload/pool.app/sfx_spinWheelSlowDown_center.mp3,False,42913,38193,08f57ca3,26322545bbe3f48e694fc3d49e3c7f6e7206fb456b03b00ff1304de3b4f4c369,ORIGINAL_APPLICATION,game resource,MEDIUM
Payload/pool.app/theme6-hd.plist,False,413,303,1a5eea8b,e412a3dd162fb7efe5e1b92be2299c2c80e989674374d97a4f659a0407a99451,ORIGINAL_APPLICATION,game resource,MEDIUM
Payload/pool.app/ballsBase.png,False,1614,1614,c0c6e0d2,16a34ef8c5f832c46dbd696e4592a28821a6c660a2efd2ccc1811dfc318dd048,ORIGINAL_APPLICATION,game resource,MEDIUM
Payload/pool.app/localization1_id.plist,False,472,354,f306161e,f69879b5f108edd0672036d434e4915dc269996d8147a354854d006e5f59bebc,ORIGINAL_APPLICATION,game resource,MEDIUM
Payload/pool.app/ball1-ipad.png,False,1968,1938,bad45c32,53b992dbb755ebcc3e989f7860b1509cab5185abfd7636c162a110187bd6a4d2,ORIGINAL_APPLICATION,game resource,MEDIUM
Payload/pool.app/AvatarAnimated.ccbi,False,643,465,7cad716d,4748a492f5a9c7e8bc59731b2f96f1142a466beaa0ed1062a4a0e4770afb11b2,ORIGINAL_APPLICATION,game resource,MEDIUM
Payload/pool.app/LeaderboardTable.ccbi,False,3353,1683,09e2e8e2,eb44dc0806c2952edcd3d8bec906c738410247945571a4888f8c9cd68b6b4009,ORIGINAL_APPLICATION,game resource,MEDIUM
Payload/pool.app/CueCollectionPointsView.ccbi,False,1570,905,e5e90fdc,10fb08a44df50e1753cb69245e5f81aa206420842764824a61c077777fe11816,ORIGINAL_APPLICATION,game resource,MEDIUM
Payload/pool.app/theme7-hd.plist,False,433,326,427d2429,2df552725d7fdaba6bbd2e2b0ba40796b79ba8e84cc29ae971431b3e57d2b058,ORIGINAL_APPLICATION,game resource,MEDIUM
Payload/pool.app/ball0-ipad.png,False,862,828,0ee80cef,f42f16895056225e0196f2070eaab71d940c6970bb3b3b3889f5851eba68f494,ORIGINAL_APPLICATION,game resource,MEDIUM
Payload/pool.app/flag_VI-hd.png,False,1018,1018,f82fabed,df48d2f250cb2a8e79b42384df354e2dfa405bb96ea15b64241803edb38797f8,ORIGINAL_APPLICATION,game resource,MEDIUM
Payload/pool.app/FramedSpriteGiftingInnerFrameDesc.plist,False,211,184,6da75475,e5e665051f9d61387caf36df882a9ecd0eec857fa58a3699b10d8c9c65f0d71b,ORIGINAL_APPLICATION,game resource,MEDIUM
Payload/pool.app/Splash.storyboardc/,True,0,0,00000000,,ORIGINAL_APPLICATION,game resource,MEDIUM
Payload/pool.app/Splash.storyboardc/01J-lp-oVM-view-v4O-AQ-fzj.nib,False,1304,820,5329b3a2,8bffd5ad3015a84b052d03a88f577c496fe7f62ec161e25dfd8ed0913ac4d06b,ORIGINAL_APPLICATION,game resource,MEDIUM
Payload/pool.app/Splash.storyboardc/UIViewController-01J-lp-oVM.nib,False,924,604,8df5b3a5,76523131082d2b53e025f94a13a2fb0663c1d45a5fcb5c5eb9c2483f254c5bfc,ORIGINAL_APPLICATION,game resource,MEDIUM
Payload/pool.app/Splash.storyboardc/Info.plist,False,258,149,3ed5e388,1f255d5cc53b531e3f29a9406a8df49a958e2bf9443d3e20bd8374f707f7d5c8,ORIGINAL_APPLICATION,bundle metadata / localization,HIGH
Payload/pool.app/GenericProductsView.plist,False,491,365,aeb395bc,7f9c82cdfaa1e5d4640dc5129da4b43c94e068aabaeb1f11d23ee5c56e9ad25b,ORIGINAL_APPLICATION,game resource,MEDIUM
Payload/pool.app/MenuMinigamesCenterTabbedPopup.ccbi,False,1561,945,e4431ebb,692e8e5f5a695412c57b52f20805aa6cd1a28ea564725878f8ceccb5f612cb2d,ORIGINAL_APPLICATION,game resource,MEDIUM
Payload/pool.app/ShopPromo_Products-hd.png,False,83070,83085,6f8ef9e9,2ed10c37ca90b833f575d1255eb33bc9fd45aac7f396f0cd429cdcef70e99ac5,ORIGINAL_APPLICATION,game resource,MEDIUM
Payload/pool.app/TopBarCashCurrencyButton.ccbi,False,1422,855,c6572927,f245ce971752863e3f87e0b53e9a3aba374c798901a70e3a80bd077029384813,ORIGINAL_APPLICATION,game resource,MEDIUM
Payload/pool.app/PiggyBank_FullScreen2-hd.png,False,26766,26766,a8fa1bca,b2d8c16b75f0cd0ca8dbb41f04b160ebae1b9831bd0ff72a555dcb9795498d9f,ORIGINAL_APPLICATION,game resource,MEDIUM
Payload/pool.app/SpectateBrowser-hd.png,False,3862,3862,942979f8,e880cbd98c96f44bab9118eb9f644b790a4389e8ee6565ab430dc8b3effe506e,ORIGINAL_APPLICATION,game resource,MEDIUM
Payload/pool.app/tableBase.plist,False,871,527,14a0cb8e,f4795dfe294da940abc14a25b0a84a1ae686b6b2091a735ddb898bcf3cab1689,ORIGINAL_APPLICATION,game resource,MEDIUM
Payload/pool.app/CueMastery.plist,False,3619,1676,2605f271,cdfc4cdfe18183728bee4162e02ae49de2e0d29906976ecf6f6e27ebf90b162f,ORIGINAL_APPLICATION,game resource,MEDIUM
Payload/pool.app/sfx_luckyShot_target_appears.mp3,False,19438,4370,3eb1c6d0,68a79e6c840e9e399993985c6c23241b8f1bd62a34e8100cf254148edce5429b,ORIGINAL_APPLICATION,game resource,MEDIUM
Payload/pool.app/Cash_03.plist,False,1584,895,de20630c,0d3caa01510f49bac35a83ea1cf947bc0feb62ce5730d051bf8749c2b222067b,ORIGINAL_APPLICATION,game resource,MEDIUM
Payload/pool.app/flag_IN.png,False,400,400,fe0100d1,51cec27bcda2be229cf1d3391f6c57258287122a24367f09e25a6e96c2822978,ORIGINAL_APPLICATION,game resource,MEDIUM
Payload/pool.app/FramedSpriteGenericBlueFrameDesc.plist,False,210,180,3293758a,c5da5a6fe589e6319ac976af1d38192a0cbed324708b5b2324878f3506c6ec33,ORIGINAL_APPLICATION,game resource,MEDIUM
Payload/pool.app/checksums/,True,0,0,00000000,,ORIGINAL_APPLICATION,game asset checksum table,MEDIUM
Payload/pool.app/checksums/promo_checksumsHD.plist,False,5601,3747,409d67d0,0f2882fc06d14948bbc1f85e06c2761bef35f00fb22f8814e2e0f35e1f1000aa,ORIGINAL_APPLICATION,game asset checksum table,MEDIUM
Payload/pool.app/checksums/_checksumsiPhoneX.plist,False,203313,115872,42d8e37a,d432c47c4daa7516428dd7c5d1e895362da863ab16d747ae04320d7b6c9f4d36,ORIGINAL_APPLICATION,game asset checksum table,MEDIUM
Payload/pool.app/checksums/promo_checksumsiPad.plist,False,5601,3747,409d67d0,0f2882fc06d14948bbc1f85e06c2761bef35f00fb22f8814e2e0f35e1f1000aa,ORIGINAL_APPLICATION,game asset checksum table,MEDIUM
Payload/pool.app/checksums/promo_checksumsLocalizations.plist,False,1452,999,ed11f035,e0de18bb18addc03c289480b773d7e6c53baa2617e813032354e819106c5a936,ORIGINAL_APPLICATION,game asset checksum table,MEDIUM
Payload/pool.app/checksums/_checksumsiPadHD.plist,False,203547,115874,081bee92,2e3b9b13860da2ab5178a861c7aca26a835c02bccb8c426a2b8a949edb1f9483,ORIGINAL_APPLICATION,game asset checksum table,MEDIUM
Payload/pool.app/checksums/_checksumsHD.plist,False,203313,115872,42d8e37a,d432c47c4daa7516428dd7c5d1e895362da863ab16d747ae04320d7b6c9f4d36,ORIGINAL_APPLICATION,game asset checksum table,MEDIUM
Payload/pool.app/checksums/promo_checksumsiPad3and4.plist,False,5601,3747,409d67d0,0f2882fc06d14948bbc1f85e06c2761bef35f00fb22f8814e2e0f35e1f1000aa,ORIGINAL_APPLICATION,game asset checksum table,MEDIUM
Payload/pool.app/checksums/_checksumsiPad3and4.plist,False,203425,115879,85388781,ae445a47b9f20a02533d972f5a2f95e68a03719343f9f49d00cbd1a0fb785311,ORIGINAL_APPLICATION,game asset checksum table,MEDIUM
Payload/pool.app/checksums/promo_checksumsHDNoSuffix.plist,False,5517,3741,756042f9,5d8e7d3537d5054d743f887c2ab3bdf58c93d02b5eecd6aff92d95f7dc3edc0a,ORIGINAL_APPLICATION,game asset checksum table,MEDIUM
Payload/pool.app/checksums/_checksumsiPadNoSuffix.plist,False,201409,115692,b34cdbb8,9917b83bde0718952bf84757638c7e28349a8824ef15843c8320671eb2b0cd36,ORIGINAL_APPLICATION,game asset checksum table,MEDIUM
Payload/pool.app/checksums/promo_checksumsiPhoneX.plist,False,5601,3747,409d67d0,0f2882fc06d14948bbc1f85e06c2761bef35f00fb22f8814e2e0f35e1f1000aa,ORIGINAL_APPLICATION,game asset checksum table,MEDIUM
Payload/pool.app/checksums/promo_checksumsiPhoneXR.plist,False,5601,3747,409d67d0,0f2882fc06d14948bbc1f85e06c2761bef35f00fb22f8814e2e0f35e1f1000aa,ORIGINAL_APPLICATION,game asset checksum table,MEDIUM
Payload/pool.app/checksums/_checksumsLocalizations.plist,False,1244,911,4cfd2adb,4e523ac5bb7b7cdbf86606eaceb18d5e47ceddaf3c86bb04fe74e8d32476415c,ORIGINAL_APPLICATION,game asset checksum table,MEDIUM
Payload/pool.app/checksums/_checksumsiPhone6PlusDZ.plist,False,203313,115872,42d8e37a,d432c47c4daa7516428dd7c5d1e895362da863ab16d747ae04320d7b6c9f4d36,ORIGINAL_APPLICATION,game asset checksum table,MEDIUM
Payload/pool.app/checksums/_checksumsiPhone6Plus.plist,False,203313,115872,42d8e37a,d432c47c4daa7516428dd7c5d1e895362da863ab16d747ae04320d7b6c9f4d36,ORIGINAL_APPLICATION,game asset checksum table,MEDIUM
Payload/pool.app/checksums/_checksumsSD.plist,False,201409,115692,b34cdbb8,9917b83bde0718952bf84757638c7e28349a8824ef15843c8320671eb2b0cd36,ORIGINAL_APPLICATION,game asset checksum table,MEDIUM
Payload/pool.app/checksums/promo_checksumsiPhone6Plus.plist,False,5601,3747,409d67d0,0f2882fc06d14948bbc1f85e06c2761bef35f00fb22f8814e2e0f35e1f1000aa,ORIGINAL_APPLICATION,game asset checksum table,MEDIUM
Payload/pool.app/checksums/promo_checksumsiPadHD.plist,False,5601,3747,409d67d0,0f2882fc06d14948bbc1f85e06c2761bef35f00fb22f8814e2e0f35e1f1000aa,ORIGINAL_APPLICATION,game asset checksum table,MEDIUM
Payload/pool.app/checksums/promo_checksumsiPadWithiPhoneHD.plist,False,5601,3747,409d67d0,0f2882fc06d14948bbc1f85e06c2761bef35f00fb22f8814e2e0f35e1f1000aa,ORIGINAL_APPLICATION,game asset checksum table,MEDIUM
Payload/pool.app/checksums/promo_checksumsSD.plist,False,5517,3741,756042f9,5d8e7d3537d5054d743f887c2ab3bdf58c93d02b5eecd6aff92d95f7dc3edc0a,ORIGINAL_APPLICATION,game asset checksum table,MEDIUM
Payload/pool.app/checksums/promo_checksumsiPhone6.plist,False,5601,3747,409d67d0,0f2882fc06d14948bbc1f85e06c2761bef35f00fb22f8814e2e0f35e1f1000aa,ORIGINAL_APPLICATION,game asset checksum table,MEDIUM
Payload/pool.app/checksums/_checksumsiPhone6.plist,False,203313,115872,42d8e37a,d432c47c4daa7516428dd7c5d1e895362da863ab16d747ae04320d7b6c9f4d36,ORIGINAL_APPLICATION,game asset checksum table,MEDIUM
Payload/pool.app/checksums/_checksumsiPad.plist,False,203425,115879,85388781,ae445a47b9f20a02533d972f5a2f95e68a03719343f9f49d00cbd1a0fb785311,ORIGINAL_APPLICATION,game asset checksum table,MEDIUM
Payload/pool.app/checksums/_checksumsiPadWithiPhoneHD.plist,False,203313,115872,42d8e37a,d432c47c4daa7516428dd7c5d1e895362da863ab16d747ae04320d7b6c9f4d36,ORIGINAL_APPLICATION,game asset checksum table,MEDIUM
Payload/pool.app/checksums/_checksumsiPhoneXR.plist,False,203313,115872,42d8e37a,d432c47c4daa7516428dd7c5d1e895362da863ab16d747ae04320d7b6c9f4d36,ORIGINAL_APPLICATION,game asset checksum table,MEDIUM
Payload/pool.app/checksums/_checksumsHDNoSuffix.plist,False,201409,115692,b34cdbb8,9917b83bde0718952bf84757638c7e28349a8824ef15843c8320671eb2b0cd36,ORIGINAL_APPLICATION,game asset checksum table,MEDIUM
Payload/pool.app/checksums/promo_checksumsiPhone6DZ.plist,False,5601,3747,409d67d0,0f2882fc06d14948bbc1f85e06c2761bef35f00fb22f8814e2e0f35e1f1000aa,ORIGINAL_APPLICATION,game asset checksum table,MEDIUM
Payload/pool.app/checksums/_checksumsiPhone6DZ.plist,False,203313,115872,42d8e37a,d432c47c4daa7516428dd7c5d1e895362da863ab16d747ae04320d7b6c9f4d36,ORIGINAL_APPLICATION,game asset checksum table,MEDIUM
Payload/pool.app/checksums/promo_checksumsiPhone6PlusDZ.plist,False,5601,3747,409d67d0,0f2882fc06d14948bbc1f85e06c2761bef35f00fb22f8814e2e0f35e1f1000aa,ORIGINAL_APPLICATION,game asset checksum table,MEDIUM
Payload/pool.app/checksums/promo_checksumsiPadNoSuffix.plist,False,5517,3741,756042f9,5d8e7d3537d5054d743f887c2ab3bdf58c93d02b5eecd6aff92d95f7dc3edc0a,ORIGINAL_APPLICATION,game asset checksum table,MEDIUM
Payload/pool.app/CoinsTrophies.ccbi,False,301,236,2aed4194,31dc473328365620f2135c09a8e1a052397acf961996c1f6b56de01283ff8aec,ORIGINAL_APPLICATION,game resource,MEDIUM
Payload/pool.app/flag_GE.png,False,584,584,d50987bb,8b8b6b95152236db1984ebd23881527c9251a5e7f93279cb9809be9293260341,ORIGINAL_APPLICATION,game resource,MEDIUM
Payload/pool.app/singletableGoldenShot-ipadhd.plist,False,248,209,483b8f6d,38e097531c193e9834d22c8309029ca2955b21aed0bcab45baeb72e11a6c8c58,ORIGINAL_APPLICATION,game resource,MEDIUM
Payload/pool.app/DailySpin_Transition.png,False,78,73,4fc2eaee,1b5e855f033264c4330f4fe58f9b57e015f8525e389b031a200fcbfca074751a,ORIGINAL_APPLICATION,game resource,MEDIUM
Payload/pool.app/sfx_victoryBoxes_box_youGotOut.mp3,False,21003,14306,733e01b7,c314bde3f9bce15c27642503e1d32d4fbbdd2370d6d7eba38acfb667ff45acdc,ORIGINAL_APPLICATION,game resource,MEDIUM
Payload/pool.app/flag_ST-hd.png,False,904,904,23945089,b4cbc4e6ff639cb6739dd9097168b68760faf524209bab10a8ecfd8e1594a781,ORIGINAL_APPLICATION,game resource,MEDIUM
Payload/pool.app/Assets.car,False,2462104,2408824,b648f175,89fe31c12109c7733eb6b391c669f3396f0cc9fee165d9a6283c88811ee6faaa,ORIGINAL_APPLICATION,game resource,MEDIUM
Payload/pool.app/flag_GR.png,False,432,432,9020cdd0,efbf9ba19f07f38dfc2586ee616c052c46c055a29b1d599287f95df9e42ed7d1,ORIGINAL_APPLICATION,game resource,MEDIUM
Payload/pool.app/Rare_Glow.png,False,500,500,348852a3,02788ed70c6763baef169b635edac5728d21bd5736f0dff0fb36646326cdadcc,ORIGINAL_APPLICATION,game resource,MEDIUM
Payload/pool.app/localization1_fr.plist,False,472,356,31cbad46,829cda6d7b36959c1e3142b84b0901e624b0ff083984edf34c7979ae13ede8f1,ORIGINAL_APPLICATION,game resource,MEDIUM
Payload/pool.app/tutorial.plist,False,920,579,c51bbeee,b92e28605352e2f75c48aaeb26545d5181b69713875fc179ef5f0b942ef6b35e,ORIGINAL_APPLICATION,game resource,MEDIUM
Payload/pool.app/FramedSpriteTableCellGenericWhiteFrameDesc.plist,False,204,178,b847c998,963d1bcaa251da39d54b0ae2a22da4989222401915f06b6dc687c153d8974190,ORIGINAL_APPLICATION,game resource,MEDIUM
Payload/pool.app/decal_reward_no_decal.png,False,2064,2064,4159babe,985256d6d51306fdbacd328971ba4314e3e84603cc8d2be6d8a337a957ccfa69,ORIGINAL_APPLICATION,game resource,MEDIUM
Payload/pool.app/sfx_boing.mp3,False,13491,5978,4c4a5943,ddfde9085685c6cb9a1a6add7bfc9ef9e3ada894ac6cb47717e065b132449eb2,ORIGINAL_APPLICATION,game resource,MEDIUM
Payload/pool.app/themeLogos2.plist,False,523,381,e2c4518a,bd13b2c9ab8dc276962fa07e75243731021ab12c11e6d1823be54bdb09428ff8,ORIGINAL_APPLICATION,game resource,MEDIUM
Payload/pool.app/ps_most_valuable_cue_blue_shop.plist,False,7258,5376,aed8fd6e,63a62bf10f57b5b4ac054f780a59f6ed025152f9e5b848d1f232e78dc07b5ef1,ORIGINAL_APPLICATION,game resource,MEDIUM
Payload/pool.app/GS_4_explode.png,False,972,972,e3209090,bf3a7cc192e9fbb61e145dbc26208607d446cd4f08a92a29f96f421a7f958e90,ORIGINAL_APPLICATION,game resource,MEDIUM
Payload/pool.app/flag_GS.png,False,408,408,b25ccb22,736f174a70444aa60fc9c67eb34d993a8a64ed33b26a808f023b5234c9c03fe6,ORIGINAL_APPLICATION,game resource,MEDIUM
Payload/pool.app/TemporaryShopFullscreenPopupHeader_v56_14.ccbi,False,1282,769,434b71a0,729e01e3b32babd7386ffaa9e6401b58dc45cbe247ad76dea1f422cd8c9da706,ORIGINAL_APPLICATION,game resource,MEDIUM
Payload/pool.app/MCFSProgressionBarFull.plist,False,359,266,029256fc,170cbd981a0149297e224b6cc708f194bcc9900d89c0f96749624b9585d36f4d,ORIGINAL_APPLICATION,game resource,MEDIUM
Payload/pool.app/fbStories.png,False,33140,33150,cd60e651,22bd93b2c85014c40376e897b8d9b23d6bbce5d305b79158979c01e1bfbeeefc,ORIGINAL_APPLICATION,game resource,MEDIUM
Payload/pool.app/flag_GD.png,False,530,530,105b3ddb,5b160dc737bdeaee68b3755d8509d6ebf8ecee102c10812d65b19142976363f8,ORIGINAL_APPLICATION,game resource,MEDIUM
Payload/pool.app/icons.png,False,60564,60574,0860ab40,fe85ee79a0737a6ba347262ad4df6d93a1111f0cfa7dc927f27dbbc65a26de67,ORIGINAL_APPLICATION,game resource,MEDIUM
Payload/pool.app/flag_AM-hd.png,False,562,562,39ee042e,7ede55b1cfa052ca8765b1dcd4e0a9681e5576e19f1881f1ed58cc4d1cd6b583,ORIGINAL_APPLICATION,game resource,MEDIUM
Payload/pool.app/ShopPromo_CurrencyWidget.plist,False,308,255,38acfe25,b519f8e0f0711fc289868cbd6bc273447e21ca778492b90ec5c7703b0fc65caf,ORIGINAL_APPLICATION,game resource,MEDIUM
Payload/pool.app/Particle_Card_idle.png,False,556,556,e986073d,01a48de9f9e82cc5f6784d22eea6039248f2181b3afe42587822ffddb6715153,ORIGINAL_APPLICATION,game resource,MEDIUM
Payload/pool.app/MCFButtonDarkFrameFromHSF.plist,False,337,253,96d5cc1a,a1a738df49a19ed6d2cd7589c911caa8b0fe3555b2d3298cdfef7e5ba5ab7fb1,ORIGINAL_APPLICATION,game resource,MEDIUM
Payload/pool.app/Particle_Stats.png,False,556,556,e986073d,01a48de9f9e82cc5f6784d22eea6039248f2181b3afe42587822ffddb6715153,ORIGINAL_APPLICATION,game resource,MEDIUM
Payload/pool.app/Cue_Case_Legendary.plist,False,6030,4425,5327f00e,42ae4b5ebb85a40e8d822618293d5d555490af7131c2bf1cb0b5133546981b8c,ORIGINAL_APPLICATION,game resource,MEDIUM
Payload/pool.app/Card-Advance-Back-hd.png,False,5928,5852,0a0d5b51,dc659273b2655b111a877b40237064fbffe390bb1ea3ad2271c622109301b54a,ORIGINAL_APPLICATION,game resource,MEDIUM
Payload/pool.app/flag_IO.png,False,546,546,f9fa431b,0c0e1d4ff0f8610c2ecf95e40423e0d826ca36aec79ce0da31c7e955f5714544,ORIGINAL_APPLICATION,game resource,MEDIUM
Payload/pool.app/flag_KP.png,False,466,466,b16b64e8,7ad5fcbd3648028d5c96f94d8052d749479409f4e81b1d1fc9d183dbdd0a4590,ORIGINAL_APPLICATION,game resource,MEDIUM
Payload/pool.app/tr.lproj/,True,0,0,00000000,,ORIGINAL_APPLICATION,bundle metadata / localization,HIGH
Payload/pool.app/tr.lproj/strings.strings,False,73,67,271593cb,f55c7db739fba8921e60443a61281f0e76276e114b11f6a841b57c1bf96fdbb5,ORIGINAL_APPLICATION,bundle metadata / localization,HIGH
Payload/pool.app/tr.lproj/InfoPlist.strings,False,232,157,545c3d31,f87ffd3295dd1fe4fc76eedc04272fb6afe6c10774c41640be5aede85469bf01,ORIGINAL_APPLICATION,bundle metadata / localization,HIGH
Payload/pool.app/flag_HK.png,False,438,438,9ee4c6ac,d102de703cd016110f2095b338254a37e640d18968b4218e94d3ff44a167eb13,ORIGINAL_APPLICATION,game resource,MEDIUM
Payload/pool.app/FramedSpritePrizeFrameDesc.plist,False,209,179,77bb3695,6b685cb78a5aee97a23ae4f8fe81ccca3c717e030831faf9b0bdc381eef191c4,ORIGINAL_APPLICATION,game resource,MEDIUM
Payload/pool.app/MenuCashVideoNotReady.ccbi,False,2727,1435,8c118105,8e5b6ab13042ce8ba860f3c320db9e824f359940ce8e7d09f649f566318d855f,ORIGINAL_APPLICATION,game resource,MEDIUM
Payload/pool.app/sfx_victoryBoxes_box_cueUnlock.mp3,False,52929,39865,e67d8bf7,9847dda4d0f7ff4412877d127475acfa6148777c60ecccf98ae06e107d425105,ORIGINAL_APPLICATION,game resource,MEDIUM
Payload/pool.app/SurpriseBoxesInfoMenuNode.ccbi,False,3707,1357,f5c96df3,85289416034e0ed611b87eb6028727d0749b32d9dab7bc82f3fc94863dd14409,ORIGINAL_APPLICATION,game resource,MEDIUM
Payload/pool.app/tableBase-hd.plist,False,884,542,c789066e,4a027ba8cf64a7a61fb3add5b6d4fc94bf414dbe8555705001e9c4f1e6655866,ORIGINAL_APPLICATION,game resource,MEDIUM
Payload/pool.app/MCFSCashflowFrameDesc.plist,False,340,254,45482c83,a373bc72a30975ea6fe9db12e276b0bd8bcbe0ce69edab3daddf9ae8dde5055a,ORIGINAL_APPLICATION,game resource,MEDIUM
Payload/pool.app/flag_BS-hd.png,False,736,736,431951ac,89c2c89b3e0205d05d7e1a308b8e27b7ac2e209c15be5de281d87f849f5036e7,ORIGINAL_APPLICATION,game resource,MEDIUM
Payload/pool.app/flag_KG.png,False,426,426,58e51951,4d0d73af20808170fa4927a6a4af12d99cb690712fd1518905608ed25a00fb03,ORIGINAL_APPLICATION,game resource,MEDIUM
Payload/pool.app/ballsBase.plist,False,438,344,cb2a5868,6a4ef1f9290d9b9bd98605a0b992a3c442b1741d72c50b1a2f39b26d9513dff8,ORIGINAL_APPLICATION,game resource,MEDIUM
Payload/pool.app/sfx_foul.mp3,False,7231,3191,cef9468f,91fa3321d582397e4c5f9a5ccde640ac41e846d9d1f4b84f185307cc17fc7f37,ORIGINAL_APPLICATION,game resource,MEDIUM
Payload/pool.app/DailySpin_BigFrames.atlas,False,395,173,3d5e7b9a,4e396946afa2f2920aa31f5237273c4704cafb058fa0f002345782bfbd4bc224,ORIGINAL_APPLICATION,game resource,MEDIUM
Payload/pool.app/localization1_de.png,False,15872,15872,8834bdec,338fe54a786d905194a74ced7b87ea7ca620a43011ffd298d8c014fade28f210,ORIGINAL_APPLICATION,game resource,MEDIUM
Payload/pool.app/Select-Icon-Fill.png,False,354,354,5c44a809,4ec41b272cff5a52340b36b3c6922b912019b2a2694854eef20fbbe4652b82bb,ORIGINAL_APPLICATION,game resource,MEDIUM
Payload/pool.app/flag_SL-hd.png,False,506,506,f14b4189,39b4e3eb442e647b70084a242d766881165c74594f528791a1bda65271caa29a,ORIGINAL_APPLICATION,game resource,MEDIUM
Payload/pool.app/GameClassicPowerGauge.ccbi,False,1896,947,bb5df50d,4e4ea232a8d12d4d26bad9ffbb99365d75842bc9338b9a38ea9e00a28c239181,ORIGINAL_APPLICATION,game resource,MEDIUM
Payload/pool.app/TournamentWithFriends.png,False,19902,19900,fbd3a07e,ebec60136bc759f45eb2cec7d6476a972eec9f5809273696776aced3299d4250,ORIGINAL_APPLICATION,game resource,MEDIUM
Payload/pool.app/ChatEmojiButton.ccbi,False,586,414,39b73140,14b7f2454be9dab6588045219a85f8272530cbb12331b0e70ae2d373de2a6765,ORIGINAL_APPLICATION,game resource,MEDIUM
Payload/pool.app/flag_GN-hd.png,False,594,594,c30fdfcd,9f0b1fee7e10777ada1c13ce6449568858bf8a0ea0ae0a1f88ef35af482d07b2,ORIGINAL_APPLICATION,game resource,MEDIUM
Payload/pool.app/EliteSubscriptionPopup.ccbi,False,3319,1777,9919b5e2,3f473edfdadb4474e6d04af2af620a4d1728cd86de6781fd795d8e2b07bf8837,ORIGINAL_APPLICATION,game resource,MEDIUM
Payload/pool.app/flag_SV.png,False,352,352,c11441c5,2c038a8f33a4e705a2ec25f6e53aa6e04174e0122044011276f3672d5db79651,ORIGINAL_APPLICATION,game resource,MEDIUM
Payload/pool.app/GiftAndCoinsNode.ccbi,False,912,588,940e13bc,e86ec399d61a57492de2f09337c93c71ff049d0d8a1b4df5fc4b1a960781a178,ORIGINAL_APPLICATION,game resource,MEDIUM
Payload/pool.app/flag_PM.png,False,612,612,10017df9,2488ab4808b58bc242762510aea67204c60af60e0b503f4f0ecd98f6c477d607,ORIGINAL_APPLICATION,game resource,MEDIUM
Payload/pool.app/ProfileContentSection.ccbi,False,1867,1007,ac5a7645,16ccbb28bdd28dd311a96d889f39990b84fc513a6fe8782a9af3508f3fd39cb0,ORIGINAL_APPLICATION,game resource,MEDIUM
Payload/pool.app/QFP0AV9BA.png,False,3062,3062,274c7493,b4af0e5d8767b2d627f3a4b89009f39af2a54b371a74cf72d7665d36ff95bb13,ORIGINAL_APPLICATION,game resource,MEDIUM
Payload/pool.app/flag_RE.png,False,327,327,640bf962,045fedf9fec8d4882a685a3de7f99884cedf6886ff8f9cc3f05a6a773de6d298,ORIGINAL_APPLICATION,game resource,MEDIUM
Payload/pool.app/AdoraPro.ttf,False,133576,57090,14add567,85df2cf9ea841eff85348b9120e028e1cf7f51f404c50e36dd0d436d4ccce5f1,ORIGINAL_APPLICATION,game resource,MEDIUM
Payload/pool.app/GS_header_Rings_Animation.png,False,5298,5298,ac28193d,1cce2ca95882e0318dea8c20bf2c3519d6914b18beb30f3244c7c2fc3fd0a2bb,ORIGINAL_APPLICATION,game resource,MEDIUM
Payload/pool.app/MenuOptionsListPopup.ccbi,False,2059,1203,e40aae4c,32fd72e15065de1dff0d4906e485e7ed9de2c8d857c2799678a990dbcf437035,ORIGINAL_APPLICATION,game resource,MEDIUM
Payload/pool.app/flag_PR-hd.png,False,822,822,3c24900b,378afb92ee636d2a45b11e2171c2f793cf0d425eee4e85d30b6f4b77a1ebdefa,ORIGINAL_APPLICATION,game resource,MEDIUM
Payload/pool.app/flag_SA.png,False,386,386,adf8f1aa,326d3df4f0d8e2ae9cb214f84d7636ded8ec89a603b039c02178d02ac09f0f59,ORIGINAL_APPLICATION,game resource,MEDIUM
Payload/pool.app/victoryBoxPro-hd.plist,False,881,582,cc233350,cd0da435d8fe4c5cec54ce0d8a704270bc9bb1c18bf8c6af4988ef7d5e9b05ad,ORIGINAL_APPLICATION,game resource,MEDIUM
Payload/pool.app/AvatarFrameRankUp2.png,False,12976,12756,5da1d788,bafe4f50fec34664358419f06677a23c7e174b8a9c7d8ae15262d0ae11b1cd08,ORIGINAL_APPLICATION,game resource,MEDIUM
Payload/pool.app/flag_WS-hd.png,False,696,696,9fa389ad,2e9b2291114e02249a835b97d824225d57fcdf8815db02dfb09f2b4f4e6ca2ba,ORIGINAL_APPLICATION,game resource,MEDIUM
Payload/pool.app/PiggyBank_FullScreen_BG-hd.png,False,12858,12858,9d5951cf,5424cf6ed338b826fba26c4e78c09595369045c562f8871604d41c1f2101952c,ORIGINAL_APPLICATION,game resource,MEDIUM
Payload/pool.app/Impact_Particule2.plist,False,1512,812,b9a3a53a,1e338c4f20a46429b99012c3ab46f283a865df1ea34ad901acc3cc8f370ea02c,ORIGINAL_APPLICATION,game resource,MEDIUM
Payload/pool.app/sfx_challenge.mp3,False,19438,10461,eac43f8a,79da4bce90c81c45e7c3a88aef36bd59cd2ee0d53f0f674d13f4bd9c05a89bed,ORIGINAL_APPLICATION,game resource,MEDIUM
Payload/pool.app/theme2.plist,False,404,299,fbf1a3ee,9ca9b5599fccd6cff4263e4a4dd7b33faee61a13f1923c8db3e926061d9288c9,ORIGINAL_APPLICATION,game resource,MEDIUM
Payload/pool.app/Splash-Landscape-iPad-AnyWidth-AnyHeight.png,False,8884,7695,66f77c4e,84d63cb2200cdef6d9884fd61699bedc0a5dddef1298a70111917c5e013fb3d9,ORIGINAL_APPLICATION,game resource,MEDIUM
Payload/pool.app/HSF_VIP_Progression_Arrow_Back.plist,False,131,108,8af81ac7,fd42830d00b1640db426987db7d54ed59e0156dc383dd85c6ce75af967cebfcf,ORIGINAL_APPLICATION,game resource,MEDIUM
Payload/pool.app/ClubsGenericMessage.ccbi,False,2048,1256,71ec9ec0,db1c51f70241cf31493d6d99e5fb11d16a70b926086a01caf9df53b82acd8deb,ORIGINAL_APPLICATION,game resource,MEDIUM
Payload/pool.app/ShopPromo_1_FreeRewardsRedirect.ccbi,False,2328,1402,b952150e,1b73b03d4b5945d186f554917939060507b9c7b551b5d9fad700fe5a6a52867f,ORIGINAL_APPLICATION,game resource,MEDIUM
Payload/pool.app/snow_particles.plist,False,5787,4239,106d69aa,f56bb3d04b0c372fc790c0804638ca3cce0514a239c51a34dce0eae67351ecc7,ORIGINAL_APPLICATION,game resource,MEDIUM
Payload/pool.app/LeaguePromotionAnimationWidget.ccbi,False,983,584,9c1d71b4,6aa8b824d6efda27550ab77887482e82eb2266efa168b243abf2ef5e3082a685,ORIGINAL_APPLICATION,game resource,MEDIUM
Payload/pool.app/menu1.png,False,94024,93962,1dce8021,2246b04a57c61b2f92e80a9cc7ee879e3cd774616639c1aaaa077f9fa52650b1,ORIGINAL_APPLICATION,game resource,MEDIUM
Payload/pool.app/BaseProfileCollectionView.ccbi,False,1850,1104,95fe70f3,d7af13977bb1ff309492be857549b46bd5602ddc7d71be69973e8a06e2e9ff1a,ORIGINAL_APPLICATION,game resource,MEDIUM
Payload/pool.app/Epic_idle_1.png,False,500,500,348852a3,02788ed70c6763baef169b635edac5728d21bd5736f0dff0fb36646326cdadcc,ORIGINAL_APPLICATION,game resource,MEDIUM
Payload/pool.app/flag_TM-hd.png,False,600,600,ed70a5a3,0bb2a629607d17f68467cd0d8961304a6d9f3cdfc36acf8189a7e0c717e24c44,ORIGINAL_APPLICATION,game resource,MEDIUM
Payload/pool.app/ClubJoinChatBubble.ccbi,False,604,457,50830cf4,2f385052debf3e00f74e3bcd87102c21c10356f5517e3e6aada5190f6f25ba24,ORIGINAL_APPLICATION,game resource,MEDIUM
Payload/pool.app/id_promo_text.plist,False,92005,35002,1c5afd22,0ae112defab8951d4f22afafa3e6cacdcf14cb32f53a805fd1afd2b8af7edec4,ORIGINAL_APPLICATION,game resource,MEDIUM
Payload/pool.app/Clubs_Icon_Empty.png,False,1980,1980,749d5772,b795e52d5526ebf43ff111e6edbae1fc60c7693c0a012cc7d763bd8c1687e9c9,ORIGINAL_APPLICATION,game resource,MEDIUM
Payload/pool.app/ball11-hd.png,False,1362,1362,3b260a0c,775c782fff44161651bc6c50a8efa6d26ad3dafce3c342ec755d78b3968fea2d,ORIGINAL_APPLICATION,game resource,MEDIUM
Payload/pool.app/MCFSShopBigTabsFrame.plist,False,331,250,7162790e,8e01f1cf72284be8abf8790ca8c1c22bfa0172267a49adad1c704dd5bd886a7b,ORIGINAL_APPLICATION,game resource,MEDIUM
Payload/pool.app/flag_GB-hd.png,False,1366,1366,cfc966fc,655db202e35ddcc3b782aaa9f1029768975ab5e437827265897f0411daea29e2,ORIGINAL_APPLICATION,game resource,MEDIUM
Payload/pool.app/CreatorModeChangeTablePopupView.ccbi,False,3247,1864,70304a16,2804878dcd5795d2a09fa097578ab3cba5e8af702cfce5c55e124a17d5dcea74,ORIGINAL_APPLICATION,game resource,MEDIUM
Payload/pool.app/victoryBoxPrizeContainer.ccbi,False,623,370,d0876a6f,fc805bc106db260c30a495bb95a62d3b75983632d7ddc2d3ecb34b9863c12aca,ORIGINAL_APPLICATION,game resource,MEDIUM
Payload/pool.app/MCFSSettingsButtonSideHL.plist,False,337,258,ebf6a4fe,ac7c7fa57d50c644345e15283f9f363d6f20a9cd5048f29ab8fd8e2959d06103,ORIGINAL_APPLICATION,game resource,MEDIUM
Payload/pool.app/flag_ER-hd.png,False,872,872,ed526d83,bced4656e6181bd0be99c0c2e396a2800ff8de33664a1ab7935bab7c414cc46d,ORIGINAL_APPLICATION,game resource,MEDIUM
Payload/pool.app/TierLockSubscriptionWidget.ccbi,False,1481,922,f1e811f5,6503b792935cdcb75b7e49bf030890ad744972d1103d486dc70908bc9106952b,ORIGINAL_APPLICATION,game resource,MEDIUM
Payload/pool.app/CircularProgressBarWidget.ccbi,False,827,506,9cc75baa,9faa520f7ed4a7f94f5e1c59e418797600b73039966996f749ebc634edce9d1c,ORIGINAL_APPLICATION,game resource,MEDIUM
Payload/pool.app/victoryBoxElite.plist,False,837,554,07ec1daa,7677ca326ba0cf09a0fde0ae3d523270775ef93cde19182fbafc17eede3631f0,ORIGINAL_APPLICATION,game resource,MEDIUM
Payload/pool.app/FramedSpriteIngamePopupDesc.plist,False,209,183,6f48a62c,314c5d14f5606dc74d67d3743dbad13ff145c3342de01b94846dedc23e859c42,ORIGINAL_APPLICATION,game resource,MEDIUM
Payload/pool.app/GenericPopupWithButtons.ccbi,False,1529,929,f961e99e,f4d0e4d93c64d00779e169adc81a2060150a951a327af45fe0c443d2bc4cc71a,ORIGINAL_APPLICATION,game resource,MEDIUM
Payload/pool.app/MenuClubsLandingTabMyClub.ccbi,False,449,329,3fe4b73a,41f6de68219a93e6622f5c99868d05bd264f0ba508b8cc151e819fd58c142439,ORIGINAL_APPLICATION,game resource,MEDIUM
Payload/pool.app/MCFGoldenShotBloomFrameDesc.plist,False,352,259,074cf575,30d06f22d495ecf8ed1e463de6a1f75fcf4ad3d81f57a25f22e9753f350fc72a,ORIGINAL_APPLICATION,game resource,MEDIUM
Payload/pool.app/MenuCueUpgradeFullscreenWithParticles.ccbi,False,2260,1289,8aee0ace,a3ae6bbf77c529426991b1d1cfe8acb4c2af0315f4309169622b1b79a63838c7,ORIGINAL_APPLICATION,game resource,MEDIUM
Payload/pool.app/PreGameButton.ccbi,False,2224,1119,2e0e2422,7ab8ac552b91df2aec3808406346bc8b2ed5f08c95f165fcba6141f4a55fe671,ORIGINAL_APPLICATION,game resource,MEDIUM
Payload/pool.app/TheLostLuminousCueTableLeft.plist,False,11813,8844,40343395,70affdc84c9b9566fe5e5ae080a87c53d9ec3929ed1ffbdfa87f4998dc078a64,ORIGINAL_APPLICATION,game resource,MEDIUM
Payload/pool.app/ShopPromoGems.ccbi,False,13058,3139,10818787,9ae85627e9de1cf7b1f4c53da6348f85ddbe934056fd3275642b3c2ab376d097,ORIGINAL_APPLICATION,game resource,MEDIUM
Payload/pool.app/AppIcon76x76@2x~ipad.png,False,42838,39682,7964ce4a,787d78af0906160e8f217f3a0715d9a9b376470b593745877fc3eceba7da304a,ORIGINAL_APPLICATION,game resource,MEDIUM
Payload/pool.app/GS_2_circle.plist,False,1517,837,239e75d5,bc945fb5e7ed2c74b1fe8a871fd71b2cd79590f0faca29e0055b8489ac4c7a9f,ORIGINAL_APPLICATION,game resource,MEDIUM
Payload/pool.app/ShopPromo_CurrencyWidget.png,False,788,788,f3a88ec1,9e80a4be7d8d8b1b4c7308a7f1feea9f93877f13fe2f2a438e0b8925dbaa87d2,ORIGINAL_APPLICATION,game resource,MEDIUM
Payload/pool.app/CueUpgradeBGFull_15_Years.png,False,17710,17710,8455b330,e5569b93ccab8db7b4f6bfc557a1a7b885f5ba9ff563bdbe64894f16d06a82f1,ORIGINAL_APPLICATION,game resource,MEDIUM
Payload/pool.app/MenuClubProfilePopup.ccbi,False,1199,779,0df7d6fe,bf93b906a3bf16ae26cb8041ecaa76a32da346110ac07505f0318f9111dd5fb3,ORIGINAL_APPLICATION,game resource,MEDIUM
Payload/pool.app/kor.lproj/,True,0,0,00000000,,ORIGINAL_APPLICATION,bundle metadata / localization,HIGH
Payload/pool.app/kor.lproj/strings.strings,False,73,67,271593cb,f55c7db739fba8921e60443a61281f0e76276e114b11f6a841b57c1bf96fdbb5,ORIGINAL_APPLICATION,bundle metadata / localization,HIGH
Payload/pool.app/ps_piggy_bank.png,False,1882,1882,a8498cdc,21e8c55de0e63cdcb224073d37a0041dae389440ef72d7f56b5471099220717f,ORIGINAL_APPLICATION,game resource,MEDIUM
Payload/pool.app/ProLounge-hd.png,False,61564,61533,92e217fd,49a26582393cca49b42589d007e9592ef8e29ab878a4aa4df86c839dc5080e3a,ORIGINAL_APPLICATION,game resource,MEDIUM
Payload/pool.app/TournamentLobbyPlayerNode.ccbi,False,2266,1260,7836e2b6,cf6cfa5a62bfdb3e631fd82d766e503dfddb8843dcb55c63b49d8245566aa207,ORIGINAL_APPLICATION,game resource,MEDIUM
Payload/pool.app/Generic_Checkmark_Icon-hd.png,False,6478,6478,39fd8a91,11f30b78d91a5af34fa35a41b967a481f7dd749778f74099ecefa141b5e004e4,ORIGINAL_APPLICATION,game resource,MEDIUM
Payload/pool.app/flag_GT-hd.png,False,556,556,91dae4f5,f19e86368f66057c3d49d875cbc96b3bd5def3eac00b3d21b65cfaf40345eecc,ORIGINAL_APPLICATION,game resource,MEDIUM
Payload/pool.app/FriendReferralEntryPoint.ccbi,False,2757,1420,48cfda9f,2ae635812fe28e7c483f6e36a46d1b478d5c733e0442a62d2544d900241646ca,ORIGINAL_APPLICATION,game resource,MEDIUM
Payload/pool.app/GS_Table_Rings_Animation2.png,False,42320,42330,11ab8f0b,36350a8e23a77345f34987f6d58cbc1168e56a02a09a3a94e7bd27143f2e3e10,ORIGINAL_APPLICATION,game resource,MEDIUM
Payload/pool.app/flag_CG-hd.png,False,784,784,d6163574,ffcbbbb0c40fddc2303d91d886c77e78ac8552220ad71a159ae8e775ebddb084,ORIGINAL_APPLICATION,game resource,MEDIUM
Payload/pool.app/MCFLeaderboardLeagueCardFrameGoldOutline.plist,False,358,265,b81e0c24,e43de8f89b55854facf71ec5e858ffc0f9b63d802f13ba9b5b9eec5bb5404593,ORIGINAL_APPLICATION,game resource,MEDIUM
Payload/pool.app/BigBox_Rare_Shines.plist,False,6563,4846,1e409ebe,1ce48971658c60c0c409e4eef2fcac7fba5d8f334f43e5afaafa3ac68366893b,ORIGINAL_APPLICATION,game resource,MEDIUM
Payload/pool.app/flag_PH-hd.png,False,762,762,1c9e3664,fdcaa2ab32f42854a110d34791db8a44503cb8a056c9c8fe388643fa71b5053e,ORIGINAL_APPLICATION,game resource,MEDIUM
Payload/pool.app/ProductWidget.ccbi,False,882,555,afa6d908,617de73adb34272bcc142fd49e392bc3c2b2f59578d92e449d36066aa6cba7b0,ORIGINAL_APPLICATION,game resource,MEDIUM
Payload/pool.app/GamePowerClassicCue.ccbi,False,1637,880,7d120d3b,c4b5e1374e609dcb3325593e371f9191ebf7d58336c8222ecf1f6f83586ea66e,ORIGINAL_APPLICATION,game resource,MEDIUM
Payload/pool.app/SlotMilestoneProgressBarWidget.ccbi,False,1086,550,a183b85b,39ed05cc775d45ad3f04a912f21a410a71d3b15525b8355f26b2050c7f477bad,ORIGINAL_APPLICATION,game resource,MEDIUM
Payload/pool.app/ChannelChatPanel.ccbi,False,5086,2519,bc30c37e,38017eaebb73bcf14092e1539d31d054841424bda628c44ccae94a321bc5d0a6,ORIGINAL_APPLICATION,game resource,MEDIUM
Payload/pool.app/BigBox_Epic_Explosion.plist,False,79757,59740,039a68db,bf6647862397c062e8858f095a6fb625d509edf8291a025b8b670e8c636aa6e8,ORIGINAL_APPLICATION,game resource,MEDIUM
Payload/pool.app/flag_DJ-hd.png,False,748,748,1786e296,ca1256bb5e810a8ed73a977469c6d3573ec121badf13fdaa18113fae17a51f76,ORIGINAL_APPLICATION,game resource,MEDIUM
Payload/pool.app/Cheering_Announcement_PopUp.png,False,53752,53762,93eab852,dbdbc90ab903895fbe954c4cd26072e3389f5dbad7a1b26fff2b62dc436ec310,ORIGINAL_APPLICATION,game resource,MEDIUM
Payload/pool.app/FramedSpriteSpinWheelRewardPopupFrame.plist,False,210,186,334b2a6b,0420d0f22c6e402e6732cee322c9d3d3a832e604741cef06d7494af384f9ee95,ORIGINAL_APPLICATION,game resource,MEDIUM
Payload/pool.app/MenuTargetedAdsConsentPopupView.ccbi,False,3355,1663,c5e2e8bb,3b425407f0eb192983861048874d0c3e65aeff965f9cfc8465b502525948313b,ORIGINAL_APPLICATION,game resource,MEDIUM
Payload/pool.app/sfx_luckyShot_cashRain.mp3,False,30080,26228,b5350870,2b54abe4d4be8493e9be548b816260b422257c17c216d9c23cf1e07423b12576,ORIGINAL_APPLICATION,game resource,MEDIUM
Payload/pool.app/FramedSpriteLeagueInfoNodeFrameDesc.plist,False,223,197,db382332,68318ceba54c5b4e4159036277b9ae35667cc198e8a0aff181e5077e498c1b6d,ORIGINAL_APPLICATION,game resource,MEDIUM
Payload/pool.app/MCFButtonGreenFrame.plist,False,334,247,796e2401,4d28c4224f14e86365480d4975e81f28acc0194c0218b982f79037904672a30e,ORIGINAL_APPLICATION,game resource,MEDIUM
Payload/pool.app/Ring_Shadow.png,False,488,488,97f840cb,2e4f25021f3c4276ac7118011488745a48c8490a9e3f109a9af931fbfad290da,ORIGINAL_APPLICATION,game resource,MEDIUM
Payload/pool.app/flag_SV-hd.png,False,514,514,3d97d4b2,f6857411c1b2d2ae1be8f8bd762bf9e06c1ff70a768ed454e10e0f33815fde39,ORIGINAL_APPLICATION,game resource,MEDIUM
Payload/pool.app/MainMenu_Slot.json,False,165772,5806,1e13ccf4,e922779bb998834da5a23eae1126c734bee907490bc1a81ed5e116495c11d8d8,ORIGINAL_APPLICATION,game resource,MEDIUM
Payload/pool.app/Cue_Sparkle.png,False,1590,1590,b8beaa0d,2673942b382dd00c85ca0edf5cae3f9b682b1f05e682552fc02efcc5ebabb8d4,ORIGINAL_APPLICATION,game resource,MEDIUM
Payload/pool.app/sfx_firework_2.mp3,False,32287,31240,eaa41f3b,c44a122035d35e0a42a19ed403baab4721233076143e9f179692198b890f18b0,ORIGINAL_APPLICATION,game resource,MEDIUM
Payload/pool.app/GradientLabelTTF.ccbi,False,1102,691,87d2b19b,f365b0f27e763fd492d615d196f945ab85a43cbdf5a2bcdecdcd37e151961474,ORIGINAL_APPLICATION,game resource,MEDIUM
Payload/pool.app/FramedSpriteGoldenSpinWheelFrame.plist,False,210,184,a33e702b,f42f1184f3c1770bb8d8cc5cdec751f490d614df65ea572cc03916298ad4dc81,ORIGINAL_APPLICATION,game resource,MEDIUM
Payload/pool.app/TemporaryShopEntryPoint.plist,False,584,396,9aa914e8,ba06b1f4efcc2ee35cd719c711d3a0c730a85eff2bae2c91d9d6930bd66fcb88,ORIGINAL_APPLICATION,game resource,MEDIUM
Payload/pool.app/flag_BI-hd.png,False,1138,1138,e67cf99e,8d5cc747fe9915a5d95b98db0a7540a63b508db5305b58c5ba976f7933ee37e2,ORIGINAL_APPLICATION,game resource,MEDIUM
Payload/pool.app/AccountLinkInfoPopup.ccbi,False,1876,1192,6fa8ea49,4ea8937c3ccb7220b494d66905c8f49d0a780dc3b06db0e44ec41511d3562c1f,ORIGINAL_APPLICATION,game resource,MEDIUM
Payload/pool.app/SurpriseBoxesRevampOneTimeOfferNode.ccbi,False,2179,1258,7bbd4e12,f9294d4880ee9f3dfc05e40110e040b99ed6e1f4c1b96c72391b0a3633301882,ORIGINAL_APPLICATION,game resource,MEDIUM
Payload/pool.app/androidHud-hd.png,False,2358,2358,5f326561,7877be2abcd216bf113b3a569e3f4b95c61d97705fd194cab4bc0ded2f2cf5ca,ORIGINAL_APPLICATION,game resource,MEDIUM
Payload/pool.app/MCFSubscriptionEliteCard.plist,False,352,265,13e1a297,763149d5c5eb255f8b1db5aa31c60e5a61917135f1450c63d9bf512342a000f1,ORIGINAL_APPLICATION,game resource,MEDIUM
Payload/pool.app/Particle_Stats_Impact.plist,False,11121,5030,444e6b17,fa2db585973c8612c0f742bbad3cd588ee103de15a73dbee15fd153cf2c72387,ORIGINAL_APPLICATION,game resource,MEDIUM
Payload/pool.app/Table_Standard_Cue.png,False,812,812,ccb5ece1,3866f0dd7739c3eedcbb1209e8275cc465098571ddb62940f62f491b85b2462c,ORIGINAL_APPLICATION,game resource,MEDIUM
Payload/pool.app/GameConfigurationLean.plist,False,1941184,1941484,a2cfad65,f3c94796ba6c1c324236ddab1723c894698726a6264439c334c7727530a5e8e7,ORIGINAL_APPLICATION,game resource,MEDIUM
Payload/pool.app/MCFClubsPrizeBarCenter.plist,False,342,254,10a82def,f58b0445a7cfd27883f9dee56982eb38488313ef4f35bb14ceea376ad0046a1d,ORIGINAL_APPLICATION,game resource,MEDIUM
Payload/pool.app/MissionRewardNoSeasonPoints.ccbi,False,1192,742,3ed80c6b,fa8af75b6b8c7fa23cd64d5a0db2acb3cfa3b7166534006200ae5a9a2b3313d2,ORIGINAL_APPLICATION,game resource,MEDIUM
Payload/pool.app/it_promo_text.plist,False,95379,36112,efc64042,5fdc0665311c9373d67f1b7b9f7d743728cd8b57355eac4f12e23c79fc804233,ORIGINAL_APPLICATION,game resource,MEDIUM
Payload/pool.app/Epic_Particles.png,False,556,556,e986073d,01a48de9f9e82cc5f6784d22eea6039248f2181b3afe42587822ffddb6715153,ORIGINAL_APPLICATION,game resource,MEDIUM
Payload/pool.app/HSF_Shop_Big_Tabs_Frame.plist,False,129,105,eccd25a3,bf8dd4931145ddf64e22e687c16b5933d146f38fb639beb89ec2facd717f1418,ORIGINAL_APPLICATION,game resource,MEDIUM
Payload/pool.app/sfx_rack.mp3,False,26375,21406,eec887a2,f769cdac176168ef6e010b76899e8802f3af676fe92f96d43e8dd47c68cfeda3,ORIGINAL_APPLICATION,game resource,MEDIUM
Payload/pool.app/sfx_victoryBoxes_resultScreen_boxGet.mp3,False,41974,32872,5e7b0998,5e3f64f135d0460f755022902b100dcd30874d692c6257cdb39eb783e0d7ad58,ORIGINAL_APPLICATION,game resource,MEDIUM
Payload/pool.app/flag_AW-hd.png,False,616,616,57e748d6,14f119852c5416c3bf746a30dc3f59314fc0f203e412eee4c47e94f541187564,ORIGINAL_APPLICATION,game resource,MEDIUM
Payload/pool.app/flag_BE-hd.png,False,576,576,a08c8085,85083f34d434c108642be5c10ce90da4c2572f393b1ab7de271a02540273e59d,ORIGINAL_APPLICATION,game resource,MEDIUM
Payload/pool.app/MCFButtonWhiteFrameFromHSF.plist,False,338,254,a7490788,8d5ce7f7b7ba11f9ccea638b94ed171e546d9f95b7a7e46e7262ad0ca2c621b4,ORIGINAL_APPLICATION,game resource,MEDIUM
Payload/pool.app/flag_SR.png,False,452,452,4b4b0bf2,3fe0e88a25cc3ce9f27cdbd6e368a50abef80866ce796c6b55304e4ccbd8e1a0,ORIGINAL_APPLICATION,game resource,MEDIUM
Payload/pool.app/localization1_hi.plist,False,470,353,cda23895,01b802fdc2f70ce92c3571285e9b02ac21ece03ab8050590c4e5ec839c928e73,ORIGINAL_APPLICATION,game resource,MEDIUM
Payload/pool.app/imessenger-ipad.plist,False,1213,759,c342f0a5,15404b329cf86e1466e5aac8ad61918dbea0696592ebe3fb72c72f953ca1635b,ORIGINAL_APPLICATION,game resource,MEDIUM
Payload/pool.app/FreeRewards-Stripe-hd.png,False,1150,1150,4affed0e,57dc423b14c1c467c99e6651ac8daa6532373430c6b35e3e4fc47619b7a1b931,ORIGINAL_APPLICATION,game resource,MEDIUM
Payload/pool.app/sfx_countdownHi.mp3,False,17560,10258,81928663,502ed0db4b5d160c0b2cc1c0ca6015ecc47f8d0718200a4ad0bafb5479dc4726,ORIGINAL_APPLICATION,game resource,MEDIUM
Payload/pool.app/OtherProductSquared.ccbi,False,1280,781,c0955407,dab0166dd1298189c5a8386bad56f69a73f5101fdb7e6f3aee91b8b49dc75b48,ORIGINAL_APPLICATION,game resource,MEDIUM
Payload/pool.app/flag_SE.png,False,456,456,fbf97ff4,5633a7db6635ff585f801952075f95b8c0bf014758a09f8b251398690920869f,ORIGINAL_APPLICATION,game resource,MEDIUM
Payload/pool.app/flag_UY-hd.png,False,704,704,c8a9417e,ec4d284bd14ddaee6170693affd261d4c4b7bb3857dc8d6fa29054078bac878f,ORIGINAL_APPLICATION,game resource,MEDIUM
Payload/pool.app/DailySpin_BigFrames2-hd.png,False,54236,53188,d1b11e7b,9f3bf09594c9ce5b9bdc3ade49c80a97002149f2c8574505ebcbd6436589a5da,ORIGINAL_APPLICATION,game resource,MEDIUM
Payload/pool.app/40074_productIcon-hd.png,False,14424,14424,9e4be4f7,8d7a15cb0c58ffe9c32ffd550fc6ec7cc6b8fddf67ef42d06f7aa24e0e02aef2,ORIGINAL_APPLICATION,game resource,MEDIUM
Payload/pool.app/GS_Table_Rings_Animation.atlas,False,8587,1198,fe2365b6,6c59e43df249e39bafd2eec54987cad4da61547bda2d65b2907e7f4add3def65,ORIGINAL_APPLICATION,game resource,MEDIUM
Payload/pool.app/MenuClubsImpulseInvitePopup.ccbi,False,2452,1428,a5cd9c2f,ccd5b4f9494ef6d73945b332912c93fe01c88f152e85c81681547347d9d67e4d,ORIGINAL_APPLICATION,game resource,MEDIUM
Payload/pool.app/flag_EH-hd.png,False,784,784,3dda50c0,f75cb49336e2a3bd0ef6781e0f883f87c2fa138eba12d89f71e4e84ffb11a6a9,ORIGINAL_APPLICATION,game resource,MEDIUM
Payload/pool.app/GenericInfoPopupFullscreen.ccbi,False,2370,1465,5ada1ca6,0c69692b8af70e9e584177a1fbf387ee3ab2753251e2257ac3892833f2e65264,ORIGINAL_APPLICATION,game resource,MEDIUM
Payload/pool.app/sfx_ball_collision.mp3,False,9240,3876,d41c8fb8,ee61f7fc24d631d8cb3c051c54475c07451fa2353b17b888f464e80ce80c95bf,ORIGINAL_APPLICATION,game resource,MEDIUM
Payload/pool.app/CueCollectionInfoBonusStatsPage.ccbi,False,1465,854,b292f7ad,7167c82eae00de61ade90a83041c593dfd86446c5f7953abc9f9e48ecc9f3637,ORIGINAL_APPLICATION,game resource,MEDIUM
Payload/pool.app/tableCushions-hd.png,False,2244,2244,afd3a517,d098ce1832d58e04569c97e923c09725d195f106c1076f6336768881dd1385c8,ORIGINAL_APPLICATION,game resource,MEDIUM
Payload/pool.app/sfx_swoosh.mp3,False,5353,3929,dfb0b00b,d1edd098f2655917d8b36fe2ffeb2e52ab1122bd3640f0f21955a974a97e8dc2,ORIGINAL_APPLICATION,game resource,MEDIUM
Payload/pool.app/ShopPromo_5_Scratchers.ccbi,False,4569,2042,ee8b0314,2f5e72c0521d74b824e0790283719acb006239c150572f608155a301a175ea09,ORIGINAL_APPLICATION,game resource,MEDIUM
Payload/pool.app/MCFSurpriseBoxesBlueButton.plist,False,356,256,1ab0ab9d,cf4ae1e25180b5a1b79bf7dbdbcf5b1485d40fb96967e1e3039544f8fcc2596e,ORIGINAL_APPLICATION,game resource,MEDIUM
Payload/pool.app/flag_VG-hd.png,False,1018,1018,f82fabed,df48d2f250cb2a8e79b42384df354e2dfa405bb96ea15b64241803edb38797f8,ORIGINAL_APPLICATION,game resource,MEDIUM
Payload/pool.app/v54_SubscriptionMainView.ccbi,False,3115,1812,bf86287e,3eb695c8db632b26cbe70800e2e21addd204322ef57770f50940f1122603f90f,ORIGINAL_APPLICATION,game resource,MEDIUM
Payload/pool.app/localization1_pt-hd.plist,False,476,365,e6ab7bdc,d37b29f20a54557b8dd9cb284e5f89c9f51d194a4336a11d7ca55522e8d75116,ORIGINAL_APPLICATION,game resource,MEDIUM
Payload/pool.app/BigBox_Rare_Glow.png,False,11154,11154,1aa4c1bd,bc6463c426fb8973b0b606290ca25ddaad211afbbf217d800f018f2fcd5f6c37,ORIGINAL_APPLICATION,game resource,MEDIUM
Payload/pool.app/sfx_luckyShot_popup_tapPlay.mp3,False,18186,13169,82a210c6,3e81d5e357acedfa23ccdb47c8ebd9d18271318902ef1e4d42ddd7f52074b87b,ORIGINAL_APPLICATION,game resource,MEDIUM
Payload/pool.app/flag_TW-hd.png,False,672,672,e57d74e2,3dcad167b93c4f288ac8fb38d502ab2a1f6b50b4c320ea80d5be8d58c6cdff87,ORIGINAL_APPLICATION,game resource,MEDIUM
Payload/pool.app/SurpriseBoxes_CardCounter.atlas,False,311,163,78fc324d,83d26cca2d33920312e881ad1c9bde2db3d961ee2e285a9768c7b620f28ec307,ORIGINAL_APPLICATION,game resource,MEDIUM
Payload/pool.app/Shop-Promo-Card-SB-Rare-A-hd.png,False,1990,1990,aebf4743,2584affc3e5f5daedb9b37dbd8e7857f45969e773ec52503924dc53cb2e9e3cd,ORIGINAL_APPLICATION,game resource,MEDIUM
Payload/pool.app/flag_JP.png,False,336,336,2ff1ae02,449387591ff10e16a85707d02a2326ed82c9846451df9af2e80fca7acc9118a8,ORIGINAL_APPLICATION,game resource,MEDIUM
Payload/pool.app/iMessenger_background_blurred5.png,False,10296,10296,46b4d8b9,8603ef2005f3f36ac2ee3016006666ac671a03b098be05692fb1012f109bafa3,ORIGINAL_APPLICATION,game resource,MEDIUM
Payload/pool.app/Tutorial_9_Ball.atlas,False,3276,543,3dfda1b1,9662e711bd0a2be69c104c28b67b8097035d30f05f517f337abd61593abf7530,ORIGINAL_APPLICATION,game resource,MEDIUM
Payload/pool.app/56_28_0_MenuUserProfileContent_WithDailyStreak.ccbi,False,8073,3689,b1c2d8fc,c20c922cd2b926f9a96479c287387365526e2e877fe2a101692c61a2f3a6d484,ORIGINAL_APPLICATION,game resource,MEDIUM
Payload/pool.app/flag_CK-hd.png,False,1020,1020,9726a1c2,6fec995623c654ac531349172a169dd7cd4ead835036303ecd858a647529cb7d,ORIGINAL_APPLICATION,game resource,MEDIUM
Payload/pool.app/MCFHudPopupFrame.plist,False,322,242,4c203cd9,ddd3820194e7a318436eac3921c522b2a05e3b9fd120320c152e6dde0348b201,ORIGINAL_APPLICATION,game resource,MEDIUM
Payload/pool.app/singletableLuckyShot-ipad.plist,False,240,204,06397d2f,04a04ecd4a0742fa0e67e0a0e39e00ee7f3663af2ddae1d8b5afcd7de744f5f1,ORIGINAL_APPLICATION,game resource,MEDIUM
Payload/pool.app/GS_1_idle_02.plist,False,1553,835,7d78f0e0,addeb5f26c369f28d38c27e8699af606296fc5dc21457d9003e3dcf6abbed619,ORIGINAL_APPLICATION,game resource,MEDIUM
Payload/pool.app/flag_GW.png,False,391,391,b6d3c115,28c559fb7057312660a63db31cb198aadc8c0150eb5c63864489fcf117dc7b40,ORIGINAL_APPLICATION,game resource,MEDIUM
Payload/pool.app/theme6.plist,False,410,301,635e52ed,57747cc60820ecc9602fdba5ac491184257c69c361fa08161e64625be154764b,ORIGINAL_APPLICATION,game resource,MEDIUM
Payload/pool.app/Sphere.octahedron.3.obj,False,50258,12039,e92efff9,bb5723efeb18fd920b43ef157799681590428f83f370fe8c80d1024d975400df,ORIGINAL_APPLICATION,game resource,MEDIUM
Payload/pool.app/Rare_idle_1.png,False,500,500,348852a3,02788ed70c6763baef169b635edac5728d21bd5736f0dff0fb36646326cdadcc,ORIGINAL_APPLICATION,game resource,MEDIUM
Payload/pool.app/flag_SZ-hd.png,False,974,974,133d1261,ab1a578280ecd1264a6707d49e9632a09f393c80805a45277754ce9e88a0b236,ORIGINAL_APPLICATION,game resource,MEDIUM
Payload/pool.app/Offer-Button-Banner-Red.png,False,402,402,33bc87a3,4656d8fa941e90c35eef4d5b1162ef5b44625290ad865515deef45879600523a,ORIGINAL_APPLICATION,game resource,MEDIUM
Payload/pool.app/flag_EH.png,False,464,464,f8ee82aa,51d5d17d1b95abd9cfc3f73490312eec13944ed02e5c5ae7f073116ebce4871f,ORIGINAL_APPLICATION,game resource,MEDIUM
Payload/pool.app/leaderboards-hd.png,False,222750,222640,227075d6,c81c5c55df81ffef5cb7cdff52f2d5dd25dee4c686c46fe0cdbacf7baaa0e3c6,ORIGINAL_APPLICATION,game resource,MEDIUM
Payload/pool.app/Smoke_White.plist,False,1507,811,00e882e0,f9a7dd41ab7ab3bc33057f81ecf65a78b5f394519810b19f3576840828b943e7,ORIGINAL_APPLICATION,game resource,MEDIUM
Payload/pool.app/ProductNodesCommon.plist,False,542,399,ca97ebb6,875eef4b345a4132c07bd052c25f8994efa808f10bb6282511eb047dc40c1813,ORIGINAL_APPLICATION,game resource,MEDIUM
Payload/pool.app/ClubsOverview_Top.atlas,False,391,181,acf28779,5943e3b0c15f05d5d80d95db0c2c9c3e2dd8a5f528d406b457fb6ae5434db7e9,ORIGINAL_APPLICATION,game resource,MEDIUM
Payload/pool.app/AgeSelectionPopup.ccbi,False,3814,1823,165181b1,cecbf28d678f80b87a5242384b2fa6a1247aa066fdd6752f169fb04f759c6204,ORIGINAL_APPLICATION,game resource,MEDIUM
Payload/pool.app/FacebookButton.ccbi,False,1039,704,e8ee2aac,e3f8fa81319abfd133017a39cc4a965ae80871e563b4d14954b55c34489f6e4f,ORIGINAL_APPLICATION,game resource,MEDIUM
Payload/pool.app/mainMenuRevamp-hd.plist,False,1272,738,3c9c93ae,ef0a0d81e8454d2330178ac059495269ccd6661ffaa36dc19bd7b8076dbbb098,ORIGINAL_APPLICATION,game resource,MEDIUM
Payload/pool.app/pt-BR.lproj/,True,0,0,00000000,,ORIGINAL_APPLICATION,bundle metadata / localization,HIGH
Payload/pool.app/pt-BR.lproj/strings.strings,False,73,67,271593cb,f55c7db739fba8921e60443a61281f0e76276e114b11f6a841b57c1bf96fdbb5,ORIGINAL_APPLICATION,bundle metadata / localization,HIGH
Payload/pool.app/pt-BR.lproj/InfoPlist.strings,False,226,147,55af4763,ef597cd283696f51c18d11d2b012cdf4c07f2f59f35eaae506da8eab0a00dd32,ORIGINAL_APPLICATION,bundle metadata / localization,HIGH
Payload/pool.app/singletableLondon-ipad.png,False,78384,78334,dc0431d8,c9dd3240685a6bbbf2af84c58fbb2ac1711d183fa24cdb0d007dd6ada08db630,ORIGINAL_APPLICATION,game resource,MEDIUM
Payload/pool.app/RingsCollectionView.ccbi,False,731,470,43c3cfae,2c96971fe09a0fc267437a91a9d076dcf3f2ef1da623446ebf553aebdb3707a8,ORIGINAL_APPLICATION,game resource,MEDIUM
Payload/pool.app/Purple_Particles.png,False,556,556,e986073d,01a48de9f9e82cc5f6784d22eea6039248f2181b3afe42587822ffddb6715153,ORIGINAL_APPLICATION,game resource,MEDIUM
Payload/pool.app/flag_GA.png,False,362,362,687b1ff6,54570012a0f6a5591454d061bd00e57bf86e4894f90f00fda9553125424851d1,ORIGINAL_APPLICATION,game resource,MEDIUM
Payload/pool.app/flag_DZ.png,False,330,330,0d9c0751,cd927aa487a7ee4c2f4e880f2500700cef03112b78a450f2893e3c1e4ccfb0db,ORIGINAL_APPLICATION,game resource,MEDIUM
Payload/pool.app/flag_FR.png,False,334,334,3962463d,37e6fc6be7ebd1d5254cce4b506ae03942676ef3a8fabd02ac56857401e7e391,ORIGINAL_APPLICATION,game resource,MEDIUM
Payload/pool.app/Champion_Medal_1.atlas,False,605,243,7d9ac788,dea5758f35cb21c34a0c94bf24189db2cf03de604a67411b7893a1a028e477ce,ORIGINAL_APPLICATION,game resource,MEDIUM
Payload/pool.app/flag_DM.png,False,488,488,f9d843ca,d1a849820fab57ff149f79a7ea91c3c232e0526c830eb0b0149d14d2e8256122,ORIGINAL_APPLICATION,game resource,MEDIUM
Payload/pool.app/flag_UA-hd.png,False,442,442,de07b2c4,b8938b1904062aec8ed86b0b7a45caa4025c010a075675a12f62b6cec6df5d5d,ORIGINAL_APPLICATION,game resource,MEDIUM
Payload/pool.app/Moonlight_Pot_Particles.png,False,556,556,e986073d,01a48de9f9e82cc5f6784d22eea6039248f2181b3afe42587822ffddb6715153,ORIGINAL_APPLICATION,game resource,MEDIUM
Payload/pool.app/DailyRewardsEntryPointMainMenu.ccbi,False,2971,1514,2aa710cb,539856ddca4077a859d7d47cb21f2ffaba4e8e7385e381e9f3e043bb4b8ffd40,ORIGINAL_APPLICATION,game resource,MEDIUM
Payload/pool.app/FramedSpriteMinigameTabFrameDesc.plist,False,211,188,dd96f972,3de08feae24e4c5841e5a7bc507335b858d5605e285a85175a2abd76aeb931f3,ORIGINAL_APPLICATION,game resource,MEDIUM
Payload/pool.app/MCFSShopBigTabsFrameBottom.plist,False,338,254,29748d47,9c7721e6bfc4967e6fc8898b3d5c9a524ffb5065da90af5d377ed099d21148a0,ORIGINAL_APPLICATION,game resource,MEDIUM
Payload/pool.app/MCFWebsiteButton.plist,False,336,249,b469936d,4d842700d866cce9a87178e8c3aa9c5c32b7a6ce5ce130ef542da2923092f0ed,ORIGINAL_APPLICATION,game resource,MEDIUM
Payload/pool.app/ClubsOverview_Top.json,False,13463,883,38859418,bda93a7b9a5db74d0050b1a7b6ed49602a157bc81e10a9b409a4897a3df1bb12,ORIGINAL_APPLICATION,game resource,MEDIUM
Payload/pool.app/flag_HN.png,False,436,436,d3e1eeac,d18eb7e9246a1968ff87994a3fd896960472482f8333702f6d326b5e7404a281,ORIGINAL_APPLICATION,game resource,MEDIUM
Payload/pool.app/ShopPromo_Products.png,False,27608,27608,7a7e18e1,aa42ac77176e7c0ab41f9c0fba3896b34c88cd269fd892c93db7bec88438b0b4,ORIGINAL_APPLICATION,game resource,MEDIUM
Payload/pool.app/PiggyBank_FullScreen.atlas,False,6611,1367,4df3d94a,78ad6840ffa2db54b0de9d0a5a723a12b9d0c8d489f0014cccbeab73728437d1,ORIGINAL_APPLICATION,game resource,MEDIUM
Payload/pool.app/ProductDisplayWidget.ccbi,False,479,322,efdcff6f,59933fbde64985c810c0bc735df1a78581eb95d0b9dd576ee35319075184804a,ORIGINAL_APPLICATION,game resource,MEDIUM
Payload/pool.app/OpenGift.json,False,22512,1760,995f966b,c691fb122bae5f3bfe4459f31550b609cc8a220c3abf311e8a22bddcfe7c6a53,ORIGINAL_APPLICATION,game resource,MEDIUM
Payload/pool.app/ball8-ipadhd.png,False,3624,2939,19fdf728,e65922333084d253d6f89262d18159dd6cad95ffe3ec5de809bdbc97c6c3c19b,ORIGINAL_APPLICATION,game resource,MEDIUM
Payload/pool.app/themeTrophy-hd.plist,False,764,493,3db19c31,a7b72b8fb90741aaeee1410ba38a1c8ac20e60d428a4d6d7a374640771afe925,ORIGINAL_APPLICATION,game resource,MEDIUM
Payload/pool.app/localization1_es.png,False,17104,17104,cc487006,55be4fdeded9a2c15a2d4029b43f5a981380bb17a14c388490fa86d5f930f1aa,ORIGINAL_APPLICATION,game resource,MEDIUM
Payload/pool.app/flag_SB-hd.png,False,962,962,312908e5,220aec1f31994960c590c8ca916de378296a5fb0a96e36cecfc3529377d9a367,ORIGINAL_APPLICATION,game resource,MEDIUM
Payload/pool.app/CreatorModeEditorOverlay.ccbi,False,6826,2608,f8c83a03,e44fdbecf64014c26e5a966b6b4fb415a72a8acbf817ea11c6d93c249bf86019,ORIGINAL_APPLICATION,game resource,MEDIUM
Payload/pool.app/GenericLoadingEntryPoint.ccbi,False,2028,978,57e69fe7,283e911bf9baaf01392aabf1da763bcbb0498852c4c3861991f8219f1df2e3e5,ORIGINAL_APPLICATION,game resource,MEDIUM
Payload/pool.app/SeasonPassVictoryBoxUnlockNode.ccbi,False,1794,1092,304c63b2,7d89b949335028e844ffa5c3906d66fae25fe7d92e9d831b67d8d1efdd43ea5f,ORIGINAL_APPLICATION,game resource,MEDIUM
Payload/pool.app/j1O1pP4cpnaLPxs2xoSf/,True,0,0,00000000,,UNKNOWN,opaque obfuscated resource directory,LOW
Payload/pool.app/j1O1pP4cpnaLPxs2xoSf/50b403a1-f41f-44b4-8fc4-4d17440549aa,False,401,401,fd3696bc,398da8b3f693cb9d4f93a34f3fc8cf0950f4555cd3abb4807eb2933ee2672af9,UNKNOWN,opaque obfuscated resource directory,LOW
Payload/pool.app/j1O1pP4cpnaLPxs2xoSf/uTPEauDexK34zwVRiCRp,False,4856902,4857647,d37ab2ec,d27aa7b885dd8ae923c4412e3556ac2db771d64c2c1b0e423b575142677c5b22,UNKNOWN,opaque obfuscated resource directory,LOW
Payload/pool.app/j1O1pP4cpnaLPxs2xoSf/lYP4xmYbqW3nBGyIZ1JN,False,134,123,995289a6,6e82e929ab51ae616a8ee56c5a9ae540a815b5186f12ccfadfc7e28a4f67f8f4,UNKNOWN,opaque obfuscated resource directory,LOW
Payload/pool.app/j1O1pP4cpnaLPxs2xoSf/aa9ad882-a980-4e5b-ab37-ec858e4f5f57,False,71686,71701,b4de80fc,ac6ca04a1628a15490b6efd241475b01d33b7f1715c5498c417e89b23378ecf8,UNKNOWN,opaque obfuscated resource directory,LOW
Payload/pool.app/j1O1pP4cpnaLPxs2xoSf/0c4d8760-3035-4b65-95a4-502433a34f94,False,142015,142040,a8d4eb24,2261facf853951185cc6461d9e47020b44784fa92499b8e1bad712744975bc73,UNKNOWN,opaque obfuscated resource directory,LOW
Payload/pool.app/j1O1pP4cpnaLPxs2xoSf/f91489e3-6633-42c1-97c5-0e9bca996a20,False,5167,5167,42d4558d,19f5192c6c47f3a7e934e53e9fd55fbe275823660f959c352083ebf2c34d3264,UNKNOWN,opaque obfuscated resource directory,LOW
Payload/pool.app/j1O1pP4cpnaLPxs2xoSf/ce438e45-c7b1-4c0f-8e9e-173114246d87,False,6612,6612,adbdca61,d19342473f11246a05db1e88d864c04f539ae65749849cbf669c3cd99e936259,UNKNOWN,opaque obfuscated resource directory,LOW
Payload/pool.app/j1O1pP4cpnaLPxs2xoSf/511775a1-06f6-495a-bbf7-f7fb74ec1ae8,False,2774,2774,9717f45f,d291567907ae6c3cd88fcc3b53c12d4739045e9aa76b36d0614be489066a4c59,UNKNOWN,opaque obfuscated resource directory,LOW
Payload/pool.app/j1O1pP4cpnaLPxs2xoSf/8f22e1ea-8509-4ce5-9072-f89dc8a18211,False,13141,13141,03a9cdf5,7aa116ff16dc8f2c6083493a979202184da07bdbe6d2b762e3cc7e71cce1e67e,UNKNOWN,opaque obfuscated resource directory,LOW
Payload/pool.app/j1O1pP4cpnaLPxs2xoSf/4663bfc6-8cb5-406b-b1ec-aed115ccc53b,False,7352,7352,45234772,0735799d041d7738ece4e9a7f7814f3b0bd375af74411173db6abb37960ca0d0,UNKNOWN,opaque obfuscated resource directory,LOW
Payload/pool.app/j1O1pP4cpnaLPxs2xoSf/0d4a03cf-eb2a-4a71-84c5-f253627f4509,False,7420,7420,17fa6ca4,4990c87af66e98f365b18d6b208a48b0334005d5c0d00b0313cee697bc3c4f2d,UNKNOWN,opaque obfuscated resource directory,LOW
Payload/pool.app/j1O1pP4cpnaLPxs2xoSf/c5040c88-3255-4a13-a6fc-d4aaa0c3a612,False,4966,4966,84d141e8,901d87b13c2d19460593af92542e9ffdbcf536b5830c65b52c29c24568bbea1e,UNKNOWN,opaque obfuscated resource directory,LOW
Payload/pool.app/j1O1pP4cpnaLPxs2xoSf/b9e3b942-ac9f-4dbb-9521-f6a7b9a6c956,False,11331,11331,05ade4b5,fe892a7c0d11552a86ef01bab89c0fb38d54a3032fabd536f5729306f8e02deb,UNKNOWN,opaque obfuscated resource directory,LOW
Payload/pool.app/j1O1pP4cpnaLPxs2xoSf/067077a3-7dc8-494c-8648-bf43292e25d3,False,5824,5824,05575c8d,d3805ca963d677bb1ddd92a5cde76ff86d288f340e618e61ed54617f5b3f7c41,UNKNOWN,opaque obfuscated resource directory,LOW
Payload/pool.app/j1O1pP4cpnaLPxs2xoSf/dec10d47-0144-49bb-80a6-acafcc4bf692,False,5760,5760,abe78edd,16e6720606de81bd6f95922a40eed2fe154434c38d6ba5030bdee304b8afc3be,UNKNOWN,opaque obfuscated resource directory,LOW
Payload/pool.app/j1O1pP4cpnaLPxs2xoSf/cd17355a-fc7b-43c6-8d09-5e0eb48faef9,False,5771,5771,5f632389,d31006cad7477033c9bd28fb75f97a4bf79ddf5127cfed136f71064d5a3bfdd0,UNKNOWN,opaque obfuscated resource directory,LOW
Payload/pool.app/j1O1pP4cpnaLPxs2xoSf/e4ec80a8-d019-4197-b0b3-a973063ec55b,False,26923,26923,079e9805,3da51ef00db4a28de20289ece286b690ac76d459d905c2f613b6f6fc800c1108,UNKNOWN,opaque obfuscated resource directory,LOW
Payload/pool.app/j1O1pP4cpnaLPxs2xoSf/cb1b23d6-fd93-4fc7-b69b-2d1d0259dbef,False,585,585,f63b0d1a,a03a3b84121985625f9b861450135737b6f16204072505a69090e6eae8178e42,UNKNOWN,opaque obfuscated resource directory,LOW
Payload/pool.app/j1O1pP4cpnaLPxs2xoSf/773cb7cd-f2df-4de7-beea-893730ce3dc4,False,7864,7864,8978f8f4,016a70c3b279f1b16074119fa6519dc2d0fc40089322e7b58d65f3c83bea86a6,UNKNOWN,opaque obfuscated resource directory,LOW
Payload/pool.app/NameChangeRandomizationPopup.ccbi,False,5297,2573,833bb327,b41f77c8a6de00fe69e3f0facbc9908fbbc51abd2ac1eb121787460ee366225d,ORIGINAL_APPLICATION,game resource,MEDIUM
Payload/pool.app/spinWheelDaily_bundled.png,False,75404,75397,c0c10970,49e060e8ad135d9a0d578cd2da66e6de1f24a1e90284784bddd93ba7cfe76453,ORIGINAL_APPLICATION,game resource,MEDIUM
Payload/pool.app/8BP-Frame-Timer-Gutter-hd.png,False,578,578,bb93fc64,56241dcbe356b77452310b3b4e0c1d6712e700b0a5528478044961431b4e48c5,ORIGINAL_APPLICATION,game resource,MEDIUM
Payload/pool.app/CueCallToActionButton.ccbi,False,667,488,c732d90c,97462e97417eef65dbe6df0af2066166798e0a456effcbede08e80d2f829893e,ORIGINAL_APPLICATION,game resource,MEDIUM
Payload/pool.app/flag_SD.png,False,408,408,cbddda39,ee203bcc5178356dda2658d0af6cf59916928139d1f7bb8bc169264ac961b390,ORIGINAL_APPLICATION,game resource,MEDIUM
Payload/pool.app/flag_TO-hd.png,False,698,698,c8d07837,cee475be44f17d3efcc3e46ea7d51a3ffdfec0457cb89b8f4da8d0c4f6e59d52,ORIGINAL_APPLICATION,game resource,MEDIUM
Payload/pool.app/flag_RW.png,False,388,388,a6c36577,86da36a0c176a9b684e2b4735b18ce07ea70b0f051a62f400e45ab5acb1e2ab2,ORIGINAL_APPLICATION,game resource,MEDIUM
Payload/pool.app/MCFMiniGamesTabsSelected.plist,False,337,257,9179e4db,2fb66245b06aee73d8d5381a263b7e927107f919f40d5c69b817bb67caf8178d,ORIGINAL_APPLICATION,game resource,MEDIUM
Payload/pool.app/ps_cm_featureunlock_explosion_1.plist,False,10794,8074,f20d6f45,696678b2a0406a506118a559f7dfa484fd71dd4b3cca238c918140336fc8bde1,ORIGINAL_APPLICATION,game resource,MEDIUM
Payload/pool.app/ProductListDisplayWidget.ccbi,False,1215,723,79cb2817,f3607aeb675d472720b48617c6c950819d35720e4166793a036e364473d4228f,ORIGINAL_APPLICATION,game resource,MEDIUM
Payload/pool.app/flag_PH.png,False,422,422,2621177c,a3f2e8e6f83561ce5fdbd15cc7be837bef40f4ba47200c3630eecdf63b762a8c,ORIGINAL_APPLICATION,game resource,MEDIUM
Payload/pool.app/ball13-hd.png,False,1442,1442,903382c8,a1359f1a224fb232d0eee3a8bcd0b453246eaf0da1fab37ecc0aac6dbf06f969,ORIGINAL_APPLICATION,game resource,MEDIUM
Payload/pool.app/MenuGameTypeButton.ccbi,False,1817,1076,e487ace3,a40fd1abb5c27df7a6d889a8aad2ca0152b284ffde03903654bbbee4e3678441,ORIGINAL_APPLICATION,game resource,MEDIUM
Payload/pool.app/en_text.plist,False,1063887,423867,46ab7fd7,99626a798b7b66c4d50dcd195d1ce54bd3362f761fe9520724153e78ba0a7cba,ORIGINAL_APPLICATION,game resource,MEDIUM
Payload/pool.app/sfx_victoryBoxes_box_cuePieceGet.mp3,False,28515,22372,28ded615,2215e02b688961888b3a4c760f06f4b604e4bcb7ed19a6130728b1cdcf477968,ORIGINAL_APPLICATION,game resource,MEDIUM
Payload/pool.app/vi.lproj/,True,0,0,00000000,,ORIGINAL_APPLICATION,bundle metadata / localization,HIGH
Payload/pool.app/vi.lproj/strings.strings,False,73,67,271593cb,f55c7db739fba8921e60443a61281f0e76276e114b11f6a841b57c1bf96fdbb5,ORIGINAL_APPLICATION,bundle metadata / localization,HIGH
Payload/pool.app/vi.lproj/InfoPlist.strings,False,230,167,d14783cf,10f925d848e12976da4b55f25d813b07a2bdf99a78a6c0145aa0ca80302273b5,ORIGINAL_APPLICATION,bundle metadata / localization,HIGH
Payload/pool.app/Generic_Logo_MMR.png,False,6100,6100,dc1d507d,779097d4d665dec4a994d5547143d43fa127a2785564be79eef066c5a2b800e8,ORIGINAL_APPLICATION,game resource,MEDIUM
Payload/pool.app/CollectionBadgeDecoratorCCP.ccbi,False,5156,2472,a537650c,8dff48b6cbe0797c5a9ff379ddb924f0b5ddd2a1229c061e68fa056862fb9a38,ORIGINAL_APPLICATION,game resource,MEDIUM
Payload/pool.app/es_promo_text.plist,False,101582,36818,b32e49b1,ed9f14660ed8b9cf034733d278adae36615da94481e52e7d3b1a8a4de64ef631,ORIGINAL_APPLICATION,game resource,MEDIUM
Payload/pool.app/flag_SN-hd.png,False,720,720,56bc5e3c,1d4093bd74e2661a5b9ac4bd040e61aa560f9f0fc1d8a868458a4082d517ac1c,ORIGINAL_APPLICATION,game resource,MEDIUM
Payload/pool.app/Card-Legendary-Back.png,False,6324,6324,e2a5ca4c,5b5bbe3ed1f61605fda8b4964a11a2cf87ae442a906eed6c80d43eeece6fd1e9,ORIGINAL_APPLICATION,game resource,MEDIUM
Payload/pool.app/TitleLabel.ccbi,False,1049,627,85194a34,9e870cdf7549626ecd49dca1b7ef0cdcb886af8f6971224fbb971cd303be80e8,ORIGINAL_APPLICATION,game resource,MEDIUM
Payload/pool.app/GD_Promo_Particle_Prize-hd.png,False,882,882,ebd75474,1e239efeb8fd6310d09d94c68b97e6d3abb222a7914edf8f6a7808b63eb434f9,ORIGINAL_APPLICATION,game resource,MEDIUM
Payload/pool.app/MenuUserProfileMiniPopup.ccbi,False,5752,2779,67a71229,6bcc87539d21068412f5dbc2456e24bbf0e722d8246e5cb26a5ac366fc33d629,ORIGINAL_APPLICATION,game resource,MEDIUM
Payload/pool.app/40069_productIcon-hd.png,False,13866,13866,b7d12f1c,c2da179d2f536b73c741c5f01d8d7c4d15553ab99f8ca53adef5ddef85dc1785,ORIGINAL_APPLICATION,game resource,MEDIUM
Payload/pool.app/DailySpin_BigFrames.json,False,37970,1314,99e5fb26,7d6f04c7548f1f8ea7a29b65750c3217e967237bd0a2d2aa527f639d36576115,ORIGINAL_APPLICATION,game resource,MEDIUM
Payload/pool.app/flag_TC-hd.png,False,936,936,d4798279,94806466e6c3798dee434313e37a90d4d9c8df6488d6dfbefa4cac18cfd831f1,ORIGINAL_APPLICATION,game resource,MEDIUM
Payload/pool.app/FramedSpriteSpinWheelRewardOutlineFrame.plist,False,217,191,3937001a,1754d16b6d7d19ba581c2d1a5b053611abed39572575c9f2cd6b05d5a45f9f01,ORIGINAL_APPLICATION,game resource,MEDIUM
Payload/pool.app/sfx_firework_3.mp3,False,30093,29216,c77d1bd3,de717dab443c91dcc137bb02126c1cf9c8824f97aaff4770f2974a9a48578b06,ORIGINAL_APPLICATION,game resource,MEDIUM
Payload/pool.app/sfx_spinGoldenSpinPrize.mp3,False,43539,34227,af3844df,5a729a07bdc0c91db261fd40b9e5ba9d1d60d8a95b2cf2c8ba50c4aff26170f8,ORIGINAL_APPLICATION,game resource,MEDIUM
Payload/pool.app/BG-Tournaments-Amsterdam-hd.png,False,37242,37252,25661257,ea54a00f3e1cae25da313b80b3b768343cdb4e43801c8e42eca1fca592209081,ORIGINAL_APPLICATION,game resource,MEDIUM
Payload/pool.app/flag_GL-hd.png,False,762,762,f97a47f8,3b348f74cdde99abb5b13e75ba8a9aee6a766b23f2f9d44162827a8976122248,ORIGINAL_APPLICATION,game resource,MEDIUM
Payload/pool.app/MCFKeyboardFGFrameDesc.plist,False,333,248,9363bf11,b27a0ebe402c9fa0f3501796cf393fe9340e4d24fb4ed0ce18b83cb43f08f41e,ORIGINAL_APPLICATION,game resource,MEDIUM
Payload/pool.app/RewardListWidget.ccbi,False,580,383,72f33bae,605d21eaad9f6d485b5793cdd3766a569bb1d3c7c425a7f6738e46e20e9c7844,ORIGINAL_APPLICATION,game resource,MEDIUM
Payload/pool.app/GS_Popup_Rings_Animation2.png,False,2500,2500,70196888,9248c506bc32b8189ab06d787610b16812e3328c7d9702b29cb1a6daeca313fa,ORIGINAL_APPLICATION,game resource,MEDIUM
Payload/pool.app/ClubInviteNotification.ccbi,False,1837,1113,3504c2f3,9ebdac0b200e1d43bca7d78bfdbcf13d420c4d51015d3b6e0452419723d2f063,ORIGINAL_APPLICATION,game resource,MEDIUM
Payload/pool.app/sfx_victoryBoxes_statPellet.mp3,False,22568,19615,41410971,f6dd3a1b2d15a2560906f89cfbf8ca338cfac46df1233d43a5a6c08393b62791,ORIGINAL_APPLICATION,game resource,MEDIUM
Payload/pool.app/iMessenger_background_blurred-ipadhd.png,False,32984,32919,6e1f9bc5,2795b6fdca06411122070a6e45aef94f3e50233e6763667fd42a08a8c09d579f,ORIGINAL_APPLICATION,game resource,MEDIUM
Payload/pool.app/MCFButtonOrangeFrameFromHSF.plist,False,339,256,1e80dea1,3367acd939195a40451fa488d68a76469c8eaff6a24c34e716469a3ed49b35a0,ORIGINAL_APPLICATION,game resource,MEDIUM
Payload/pool.app/MenuPreIDFAPopupView.ccbi,False,3680,1943,15fef85a,c9f70563426f392d284283a1447ba40c83918c62a09d7433e1d6210cbe5064e3,ORIGINAL_APPLICATION,game resource,MEDIUM
Payload/pool.app/menu1.plist,False,10546,4642,4cd15f75,2a3cfe5cceafa5d779ff3b84f04a098b7754c187bb7b5d56dfa8198a8861fdd2,ORIGINAL_APPLICATION,game resource,MEDIUM
Payload/pool.app/ImmutableAssetsRegistry.json,False,2,2,a3a6bf43,44136fa355b3678a1146ad16f7e8649e94fb4fc21fe77e8310c060f61caaff8a,ORIGINAL_APPLICATION,game resource,MEDIUM
Payload/pool.app/flag_AO-hd.png,False,752,752,ce887797,8f32cd5c8f90953448f80a9dffd603af3356cdc017aa428b96d31ce5625d1418,ORIGINAL_APPLICATION,game resource,MEDIUM
Payload/pool.app/MCFSTrophyRoadCurrentProgressBarSide.plist,False,360,271,4c5c55fe,ffe281dd733a187bbf0ef9825e10c3bf161091b374645ad59a27f9ccbd7beb72,ORIGINAL_APPLICATION,game resource,MEDIUM
Payload/pool.app/QFP0AVP4A-ipad.png,False,14660,14660,5085e371,8fe2bbcacf12b4c06238133b8dc61bb86de7425ea086b16e52d7a467116aef9b,ORIGINAL_APPLICATION,game resource,MEDIUM
Payload/pool.app/DailyStreakWidget.ccbi,False,1791,869,830abc09,d339f13a9e6b55f5c95e55cc87a0df22cf1d626f689f8d02b30ac684d5747808,ORIGINAL_APPLICATION,game resource,MEDIUM
Payload/pool.app/FramedSpriteMinigameTabSelectedFrameDesc.plist,False,220,197,e9e514e4,e1916b12e0011534026637e6d2d7163d98a17b56f689490ca0123f35b69b410c,ORIGINAL_APPLICATION,game resource,MEDIUM
Payload/pool.app/MenuTierRingsRewardPopupNode.ccbi,False,2803,1551,6c3aba6a,f1645adddef0726ed6f15fdcffbab56bb13247278469f7262dab1855a8bfe133,ORIGINAL_APPLICATION,game resource,MEDIUM
Payload/pool.app/MCFButtonVIPGoldFrameFromHSF.plist,False,325,250,7c31d9f0,9327740213e73646e9ee501f77babc7a3162c2e7d0f2d10dfcc05ff0b473acaa,ORIGINAL_APPLICATION,game resource,MEDIUM
Payload/pool.app/PrivacyInfo.xcprivacy,False,11373,839,8ea475c8,39238ce19e8395d7f543fbbc2cc53f290ceb40422a2684e06ec2014b4a7dfd68,ORIGINAL_APPLICATION,game resource,MEDIUM
Payload/pool.app/sfx_impact.mp3,False,13344,10537,dba4b269,df1c0f200f0237b142d5eff6d3369c6f669826dd70776e570043292613a6eeda,ORIGINAL_APPLICATION,game resource,MEDIUM
Payload/pool.app/Subscription_Popup_Left_Particles.plist,False,1560,834,b9dc9110,595cd9a274e59694944045a1590380005fc0dd0efb5e17aced86c77a6e5cecad,ORIGINAL_APPLICATION,game resource,MEDIUM
Payload/pool.app/GenericSquared.ccbi,False,1034,645,123cacfd,dc7bf1c5171308877e072a34b2f2ace20e19f362a75f63af807a70f80af6c116,ORIGINAL_APPLICATION,game resource,MEDIUM
Payload/pool.app/TrophyRoadProgressBar.ccbi,False,733,383,4424493e,db048d4ff9335755989d473c6675dc4b12cbc4e4280e02afd59d155edf550e86,ORIGINAL_APPLICATION,game resource,MEDIUM
Payload/pool.app/GS_Table_Rings_Animation3.png,False,45330,45340,5d56c5a1,c12d3f11da73602a109cfeb47250acf8aa109e2d9b341a19696e7e093cb5650b,ORIGINAL_APPLICATION,game resource,MEDIUM
Payload/pool.app/MCFSGenericFrame3.plist,False,329,241,fd5cab2c,b9df5d986d62bca2d153d0cf27a2bc07a59097ee594b81b2e3491a3ee590f484,ORIGINAL_APPLICATION,game resource,MEDIUM
Payload/pool.app/flag_UM-hd.png,False,928,928,49b4f041,4255d122fa5f9fe68f2679a2894553ca2e66440f3569900fe5594281bc47e1b8,ORIGINAL_APPLICATION,game resource,MEDIUM
Payload/pool.app/MCFSGenericFrame20.plist,False,352,257,d4926aa9,ab99c04c3e1d16d764ba054e03d67f05233dc1d3263b1e24ffa3083d9de0d48f,ORIGINAL_APPLICATION,game resource,MEDIUM
Payload/pool.app/56_28_0_MenuUserProfileContent.ccbi,False,7858,3581,240c4756,fa82549b629ef58e8183e1db9ddf6d10f81fbf8d4469e40d0899fde45dc70b5d,ORIGINAL_APPLICATION,game resource,MEDIUM
Payload/pool.app/Shop-FreeRewards-Cell-Green-hd.png,False,2034,2034,5d5b5fe1,8a8b107cd7ed09cd7d9f4c71fb349025c4d6616954e6568b0d534cec2e23bc1e,ORIGINAL_APPLICATION,game resource,MEDIUM
Payload/pool.app/AvatarRankUpEventIdle.plist,False,8352,6248,3075c2dc,9ed0bb823997f67c7740daa80e7840b767531ada0c3333f1ca9ea230634bed9c,ORIGINAL_APPLICATION,game resource,MEDIUM
Payload/pool.app/Badge_New_Game_Mode.png,False,2066,2066,46ae31e1,6f8b383c0bf28b0f2b1e7e28dc7722908505cf87d3023304b14cc9b0245147f2,ORIGINAL_APPLICATION,game resource,MEDIUM
Payload/pool.app/flag_KE-hd.png,False,940,940,4ac0ee38,268c20e07922d6263a35c0a6c68198950906027d592e228a7c5c061945da7b13,ORIGINAL_APPLICATION,game resource,MEDIUM
Payload/pool.app/MCFSNewShopCellBright.plist,False,332,253,b252ee12,c810d16afead23ff92292b846de748c56924c9390f7f879a374ebdb0d4c43b78,ORIGINAL_APPLICATION,game resource,MEDIUM
Payload/pool.app/PollPass_Lock.png,False,552,552,d2950a89,27af4c8787b5664a7d350dd2578e5c4bd7d61e6fb299c08ffe0bdae6371125dc,ORIGINAL_APPLICATION,game resource,MEDIUM
Payload/pool.app/MCFGoldenCellFrameNew.plist,False,365,263,24947dbd,ea63dfd12d656f541b50292b4db7b7f03db1e7c41b75b1feb5fe518597c5b0c1,ORIGINAL_APPLICATION,game resource,MEDIUM
Payload/pool.app/GS_Table_Rings_Animation.json,False,279711,6810,5821b7ec,31a8c7ac3c966d64359419bca260eb9253310c3c5a308324e351c10e037514d2,ORIGINAL_APPLICATION,game resource,MEDIUM
Payload/pool.app/CueShopMissionsAvailable.ccbi,False,1151,717,b89578c9,9443a9e72d18f888b574bc0d8262050b1c93461d9752846edbb9180123a65cb5,ORIGINAL_APPLICATION,game resource,MEDIUM
Payload/pool.app/MenuProfileBackground.ccbi,False,1132,650,f8d379ae,1d4315cb78642e0a2ac04865370c1fcfb43aff767cf4e191dbcf73371b4f4fc1,ORIGINAL_APPLICATION,game resource,MEDIUM
Payload/pool.app/AdPlacementWithBundleButton.ccbi,False,2940,1470,99989fc0,de96063d9bf3c74b5427b63950f883d33c787017f670f5e3e37ca04ce4b4188b,ORIGINAL_APPLICATION,game resource,MEDIUM
Payload/pool.app/FriendsInCommon.ccbi,False,1696,1036,68fbd9ed,0b2d9c30669cbadd4da448a7131ab6af4d45aaac03d7d30d4c957774e645d093,ORIGINAL_APPLICATION,game resource,MEDIUM
Payload/pool.app/sfx_winnerImpact.mp3,False,33523,26405,c577a0d7,43886adc494529dab86187926c4ac1ef84981e94a56eb8de3ba1ad655a5cafd8,ORIGINAL_APPLICATION,game resource,MEDIUM
Payload/pool.app/ClubsOverview_TopShine.png,False,1396,1396,d2f9ee93,8b0c5a3bef38a2d1363b04192568f7a040213c8ffbbba28ab46f80d0684722c7,ORIGINAL_APPLICATION,game resource,MEDIUM
Payload/pool.app/circularShape.png,False,2478,2478,8f68e9e0,37ebaf6913e5c0159cf60d576ca06ac85acc08305f8980949f1bb94b672e6d62,ORIGINAL_APPLICATION,game resource,MEDIUM
Payload/pool.app/ProductNodesCommon-hd.plist,False,551,404,1f9d4201,53a693108d6ef2ffc3a54ba7a3c023e66b48bc79c57e3c8cf282e2905304b1be,ORIGINAL_APPLICATION,game resource,MEDIUM
Payload/pool.app/MenuFriendsTournamentNode.ccbi,False,3551,1723,1de0d632,05d7c797c037a4fd2aea2ed4413ba9a10933fcee4eb396296407b8896509c0eb,ORIGINAL_APPLICATION,game resource,MEDIUM
Payload/pool.app/FreeWheelBallsNode.ccbi,False,690,433,6dcb9c60,af36b96fd9929cfd7f12813a836d279039027e0837ac1f234d4ef507d49f6abf,ORIGINAL_APPLICATION,game resource,MEDIUM
Payload/pool.app/FeatureNotAvailableBodyWidget.ccbi,False,1730,1010,c865b167,7ec0eb8a77cedeec25f63cb4e989f37ffbb31c0b36860557d83c15f95737347b,ORIGINAL_APPLICATION,game resource,MEDIUM
Payload/pool.app/SubscriptionPopup-hd.plist,False,1348,772,4069fc07,f6f9c0bae5bbd108e58de988ef76f618e0b84487e291ecc000746292eecb0d9d,ORIGINAL_APPLICATION,game resource,MEDIUM
Payload/pool.app/BoostInfoPopupContent.ccbi,False,1733,983,b60b15fe,141d2f208757575c6d5526a2b0219dcf713d7ac7d174886ed784f9819208430a,ORIGINAL_APPLICATION,game resource,MEDIUM
Payload/pool.app/Clubs_Icon_Empty-ipadhd.png,False,12214,12189,563c7ba9,0e902b3b68f51b9f725bdbe57f2c25dbb029836c97d5202480c116984d0f8551,ORIGINAL_APPLICATION,game resource,MEDIUM
Payload/pool.app/Diamond_Particles.png,False,556,556,e986073d,01a48de9f9e82cc5f6784d22eea6039248f2181b3afe42587822ffddb6715153,ORIGINAL_APPLICATION,game resource,MEDIUM
Payload/pool.app/TrophyRoadLeftBar.ccbi,False,1310,642,ea26298e,80df391d9bcbaad5e0946eac23bb8aadec2261df7035f55f8a5dc3f1ca5be150,ORIGINAL_APPLICATION,game resource,MEDIUM
Payload/pool.app/sfx_WinStreak_milestonePopUp.mp3,False,37279,26603,bac988c9,f5e06d3ca9bad24a3ddb54b436700e8ff39a4cf347dfa4e4219b585e248e32ae,ORIGINAL_APPLICATION,game resource,MEDIUM
Payload/pool.app/ps_explosion_2.plist,False,10762,8077,fbdc62fd,a23956ebeba0b9ac38a4861a6c31ce3f9604ea51036f1621e5cd379095fe1b61,ORIGINAL_APPLICATION,game resource,MEDIUM
Payload/pool.app/GenericCuePiecesClaimPopup.ccbi,False,2013,1175,52655984,7dce511769e02e1b011a2dbfb1f86da96d685132f3fa296ceb95723706a62951,ORIGINAL_APPLICATION,game resource,MEDIUM
Payload/pool.app/sfx_firework_1.mp3,False,33854,32802,e8d789a1,df5ca1051b97365725720802c98cfe5b857098023e85a96749eea1ef76ff1a64,ORIGINAL_APPLICATION,game resource,MEDIUM
Payload/pool.app/MCFSGenericFrame1.plist,False,329,241,1637e10e,d244a6650ffaba065d99b211721094c5777bc47b709fb7b0ff5db51aa6de5d97,ORIGINAL_APPLICATION,game resource,MEDIUM
Payload/pool.app/MCFSGenericFrame22.plist,False,330,242,a0ec5869,573b2bd0fd29ce821e555b706208da86b4ac9cbceea9f7e6ea0d0d4d14e0b853,ORIGINAL_APPLICATION,game resource,MEDIUM
Payload/pool.app/MCFButtonRedFrame.plist,False,332,248,496454b7,855343d6065d23d8608a1758ece8ab897b3a5b511a8e287c663492ad7eac06cd,ORIGINAL_APPLICATION,game resource,MEDIUM
Payload/pool.app/ru.lproj/,True,0,0,00000000,,ORIGINAL_APPLICATION,bundle metadata / localization,HIGH
Payload/pool.app/ru.lproj/strings.strings,False,73,67,271593cb,f55c7db739fba8921e60443a61281f0e76276e114b11f6a841b57c1bf96fdbb5,ORIGINAL_APPLICATION,bundle metadata / localization,HIGH
Payload/pool.app/ru.lproj/InfoPlist.strings,False,250,177,8fa130ff,b2e5e8cfd87544e4852c5839a4bcbde1f638403710ae13317a2bb330c8bb7f9c,ORIGINAL_APPLICATION,bundle metadata / localization,HIGH
Payload/pool.app/MenuCueUpgradePopup.ccbi,False,1980,1111,e2d4139c,34543888583ef19dfece59e9865961ff361f5d2a0ea23a82c437914e3b87e7e6,ORIGINAL_APPLICATION,game resource,MEDIUM
Payload/pool.app/imessenger-hd.png,False,40654,40664,b9c27f86,f3eca4041f33f0b069c0ff10cef0f1c43954e605d3f157c1a7089f5c083f078b,ORIGINAL_APPLICATION,game resource,MEDIUM
Payload/pool.app/tableCushions-ipadhd.plist,False,430,341,45aa7dae,f4d48667d297406a1c14728c791b22d1666e4dd84e132ac497a33eb188cd5f98,ORIGINAL_APPLICATION,game resource,MEDIUM
Payload/pool.app/generic.png,False,132790,132815,87fdc71e,fff2367277b69829a7643952631f8ab7752194798df057ed2d522244729c08cd,ORIGINAL_APPLICATION,game resource,MEDIUM
Payload/pool.app/BigBox_Epic_Shines.plist,False,6563,4861,041ab4b8,07517d997bec451b96b2d3b5a64a447a9345ef8593e64aad6207ef69ceec3334,ORIGINAL_APPLICATION,game resource,MEDIUM
Payload/pool.app/SurpriseBoxes_Box.atlas,False,187,142,5a353324,d8f97c6a88bfd12fc51ccfc2446eebd6008bbced51df3bd83e7e92a46cbf6222,ORIGINAL_APPLICATION,game resource,MEDIUM
Payload/pool.app/ProfileCreationNodeCell.ccbi,False,945,544,ef902e65,4197c0d69e8941a84f215780e3e10852bc2a2856cec8bd79d278553398286114,ORIGINAL_APPLICATION,game resource,MEDIUM
Payload/pool.app/AnchorButtonDefault.ccbi,False,1403,792,00c5d018,69d8a6e6f8a33a8c9860ed05b7a662ef4f5c69d0ef929424c0d08d57e8f22cbf,ORIGINAL_APPLICATION,game resource,MEDIUM
Payload/pool.app/emoji-blacklist.json,False,56407,9794,2a1d75e1,b675ce7012e9cefdfe888388ea295f8e6205a3f6518fbabc2678543d9aaad5bd,ORIGINAL_APPLICATION,game resource,MEDIUM
Payload/pool.app/Epic_Particles.plist,False,6538,4827,db77774e,0104f61d12f418b6e38fe02e38c278bf61545d0c53f5d01a948b4ca8d2148b13,ORIGINAL_APPLICATION,game resource,MEDIUM
Payload/pool.app/CushionShotTutorial.png,False,12910,12910,be9336dc,e9ffc1c91a563f2c7499acdfea1ca1efd8e30039b1bdf6be3322d5f0fbe8b1ae,ORIGINAL_APPLICATION,game resource,MEDIUM
Payload/pool.app/surpriseBoxRare-hd.plist,False,611,434,ad04662d,3e6bb9bd86cfa5574f05962b6bdc3beb9fd72992f740a3f8068e67d15734fd67,ORIGINAL_APPLICATION,game resource,MEDIUM
Payload/pool.app/GS_Table_Rings_Animation2-hd.png,False,106372,106294,42a7b240,40efcbb6ef43c6c74b5df902e1e29f54b7b956b508ba556a269a189bf32e5af4,ORIGINAL_APPLICATION,game resource,MEDIUM
Payload/pool.app/ChatBubble.ccbi,False,1689,996,e797284c,aeb5805dbb23559d36c71df2fb1086e2e02d46f00c65e4315733f6a2106da4c7,ORIGINAL_APPLICATION,game resource,MEDIUM
Payload/pool.app/ClubAvatarNode.ccbi,False,1623,900,0551176d,bd9bc4e1130b488cef98b00fb1ba0d39c2533aaff26839a7849671054f855b4e,ORIGINAL_APPLICATION,game resource,MEDIUM
Payload/pool.app/ball11-ipadhd.png,False,4822,3913,403159db,f53a17c4fc5c0dce042b961fe8f31d633d336b7c64ccd82a6710bac35f5de7ea,ORIGINAL_APPLICATION,game resource,MEDIUM
Payload/pool.app/Cheering-hd.plist,False,615,446,a17a8ccf,97a873ecabc31d90b6b7f8113cdc5b9e5f1218f2611d743b075d0d03c05a5689,ORIGINAL_APPLICATION,game resource,MEDIUM
Payload/pool.app/SlotForeignSlotCcbLoader.ccbi,False,535,348,34a10b94,8182a3ce4b16f10c2ca8bc72c1f85f86bc92b17bd4206017fc61424971ab6cb3,ORIGINAL_APPLICATION,game resource,MEDIUM
Payload/pool.app/FramedSpriteMatchScreenCoins.plist,False,223,197,a791aeee,48439c2c792964ccf084a6db84ac7a96a17239f8fa5840e0548f90634c491411,ORIGINAL_APPLICATION,game resource,MEDIUM
Payload/pool.app/flag_RU.png,False,324,324,ae3e1f4e,b686574442247d9f3771ad4683bd1774335f2a4cd4d4913e0b2fbea0fdc139a2,ORIGINAL_APPLICATION,game resource,MEDIUM
Payload/pool.app/GS_3_circle.plist,False,1539,857,7c97bd51,950f1d31cb3b6015b3fd898b74c56d71bd739b1935828d429ac56e1051b164cd,ORIGINAL_APPLICATION,game resource,MEDIUM
Payload/pool.app/ChatBubbleWithUsername.ccbi,False,2028,1161,ad6ade9d,d372ecffec2ad220393cd01ab9649d5d1ea3cccbf29e6af545a201dc9228706f,ORIGINAL_APPLICATION,game resource,MEDIUM
Payload/pool.app/MCFClubsScrollDownFrame.plist,False,343,253,81aa06d6,2da7e8487065a4166e7ca86502b1814186494120ef72445e81229783260026bb,ORIGINAL_APPLICATION,game resource,MEDIUM
Payload/pool.app/ShopPromo_Products-hd.plist,False,637,423,98702df3,3a31ad4878de70be12c46de90363db0ffd8b4ef1e7ebaa034a8c6d145fec512f,ORIGINAL_APPLICATION,game resource,MEDIUM
Payload/pool.app/ClubsOverview_BottomShine.json,False,4065,579,4b45d68d,96571f68ea417512495c6cb0b264ffd166b16a4a842bbc09906ea00ef1c880db,ORIGINAL_APPLICATION,game resource,MEDIUM
Payload/pool.app/MenuTierRingsRewardPopupNodeAll.ccbi,False,2276,1300,f8eb8fbf,27fef08a371008e9bf70d71405319ed995865f0c14235f037cd3cab3382ba74c,ORIGINAL_APPLICATION,game resource,MEDIUM
Payload/pool.app/Champion_Medal_3.atlas,False,605,240,194ebe54,f704ec8b2ba2594d178995b669ba080aeffaf5d05ea13e36504c3851a7d57ea5,ORIGINAL_APPLICATION,game resource,MEDIUM
Payload/pool.app/ClubsOverview_TopShine-hd.png,False,3092,3092,20486bfb,bf15b25a10905a7eb34764583643b99ddeefa796477ef1972f7b0cfcf0992acb,ORIGINAL_APPLICATION,game resource,MEDIUM
Payload/pool.app/CircularProgressBarRing.png,False,1814,1814,47b76d9f,1c20893c27fb51fcb9f00802182f8faecb1e1b41d63323c8b9c3fc201ab7860a,ORIGINAL_APPLICATION,game resource,MEDIUM
Payload/pool.app/CueDetailsMenu.ccbi,False,4937,2496,ad4daeb6,16a681342dcd545fc7f7ac3c4e53fbd74d01bd7f2751add918505f6f332f581f,ORIGINAL_APPLICATION,game resource,MEDIUM
Payload/pool.app/Shop_Begginer_Cue.png,False,12430,12430,d141020a,7ce533fa399914603ffce70e80d128f9ad426db10a2803e15c6aacf277a4cae1,ORIGINAL_APPLICATION,game resource,MEDIUM
Payload/pool.app/CueCollectionRoadBigPrize.ccbi,False,3610,1670,c098c677,7c9d11db5b4e45c27d94546b7f0a08d7afdad8edcb2cc614473c2fa38ea758f0,ORIGINAL_APPLICATION,game resource,MEDIUM
Payload/pool.app/DailySpin_Lights.atlas,False,867,301,3ac45dea,7e8c03f4b104e958b5148fa43949b8d95748aad75d1eb61a95fef55d527727ff,ORIGINAL_APPLICATION,game resource,MEDIUM
Payload/pool.app/Trophy_bar_paerticles.plist,False,1591,865,405a2e79,203f089778f2dfd6f2edd38850a32ba302fe772ed050436e1fe0842f39079098,ORIGINAL_APPLICATION,game resource,MEDIUM
Payload/pool.app/MenuGoldenShotRewardPopupView.ccbi,False,2536,1470,0c1d6daa,092caf5cc719a0be7ef6c65fb32f06ffd62c1f6aa5500ceb929e4b6a1334d147,ORIGINAL_APPLICATION,game resource,MEDIUM
Payload/pool.app/ProgressiveVideoAdFreeCoinsNode.ccbi,False,2266,1291,a8286472,25eded02cc56970bb165b3fe2631cb0969c505f46d66793ba09ac15467b70d40,ORIGINAL_APPLICATION,game resource,MEDIUM
Payload/pool.app/Card-Epic-Back.png,False,4236,4236,c8c9b3fe,3084918a00f2b3deaecec8644489a7402bee2f193dcbf1b8ac22049f71621776,ORIGINAL_APPLICATION,game resource,MEDIUM
Payload/pool.app/sfx_coins.mp3,False,35108,34186,fa86c000,32f2be6662e3d103190d6930f95f083d7169ed666fdc9f7af1f48b32949557c2,ORIGINAL_APPLICATION,game resource,MEDIUM
Payload/pool.app/SpectateBrowserView.ccbi,False,2093,1213,785168c0,be822ac8523fc0049c9801e1617732faef3619b5892f94cb3642b35e89e23c85,ORIGINAL_APPLICATION,game resource,MEDIUM
Payload/pool.app/MCFLeagueStarsFrame.plist,False,346,255,e48b5aa3,35282f3e9c72f25eb2b4b1120d256af4e98c4133abfbcb30990254fc21dad7cc,ORIGINAL_APPLICATION,game resource,MEDIUM
Payload/pool.app/CueCollectionAvatarRankupAnimationWidget.ccbi,False,1307,783,6d01636e,b6c9c9f12747355eecc95341622640d82b47757782add4704afa90d09e29ee2e,ORIGINAL_APPLICATION,game resource,MEDIUM
Payload/pool.app/InviteButton.ccbi,False,1716,928,e51a4d22,7a7e55cf0dcd60d26bca4a5c21aa6452d34a006c9e4caba38098b96a089c398a,ORIGINAL_APPLICATION,game resource,MEDIUM
Payload/pool.app/MenuMatchFeedbackPopup.ccbi,False,3285,1783,e84078a3,13e1c19e6012178531399761f0e2fb2056a5d3151b5f4efd37b9536186a02886,ORIGINAL_APPLICATION,game resource,MEDIUM
Payload/pool.app/flag_KW.png,False,388,388,10d5d392,c8f3ac48a73d8a575cf4be5dc0e4bf852f7706f4a5836f38ad4a60c179a021ad,ORIGINAL_APPLICATION,game resource,MEDIUM
Payload/pool.app/flag_KI-hd.png,False,1062,1062,4dc6fe2e,195c9dd13cd593e5e2cd59fa8d1076522b5c7b4258ad2c8b21a9b84d069739ca,ORIGINAL_APPLICATION,game resource,MEDIUM
Payload/pool.app/CueMasteryCollectionBanner.ccbi,False,1450,917,080a9277,efc79195c3e18b5b4b113bd3d6e6e61792a89800a2b36329811f67961e7a27da,ORIGINAL_APPLICATION,game resource,MEDIUM
Payload/pool.app/ProductListViewDailyRewardsA.ccbi,False,5063,2543,7805155d,322133b78b8eaf5e5cf5baeff4c1b904da5c7aa2b90c2476bee9fc79e58df5e1,ORIGINAL_APPLICATION,game resource,MEDIUM
Payload/pool.app/GameControls.ccbi,False,2844,1206,27a51b87,03e21782221ac6d73979135e2b94125e0dc2c21e86f5158730c9e9860ea1d2c1,ORIGINAL_APPLICATION,game resource,MEDIUM
Payload/pool.app/Blue_Top_Particles.png,False,556,556,e986073d,01a48de9f9e82cc5f6784d22eea6039248f2181b3afe42587822ffddb6715153,ORIGINAL_APPLICATION,game resource,MEDIUM
Payload/pool.app/MenuSystemMessagePopupView_v56_14.ccbi,False,4222,2084,bfa1a0a8,0d996e62fb413645276a1caa0ff57852ed2eb0e30daaa28147e860c4821c0115,ORIGINAL_APPLICATION,game resource,MEDIUM
Payload/pool.app/flag_GT.png,False,347,347,282b171a,e7f088386510e1ea90eb02bd4cbc3b1a4019d73d935087160f7fd8b0cf3f55e0,ORIGINAL_APPLICATION,game resource,MEDIUM
Payload/pool.app/flag_DO.png,False,442,442,032dcb60,ec2aec4b1e5d7184681373e62be7984a02d941fa61b7a9d6b7799b5f695cca11,ORIGINAL_APPLICATION,game resource,MEDIUM
Payload/pool.app/theme6-hd.png,False,159128,158265,e53a33f4,94062b0e7d09de3e44d7403449fe066fd24a95d74b0a7ac011c322890372a244,ORIGINAL_APPLICATION,game resource,MEDIUM
Payload/pool.app/CueCardStats.ccbi,False,948,594,c9852d5b,3b8b80dec2d3820fadf0c37fa164465b100960310029abd774e494c9d3fe9f0c,ORIGINAL_APPLICATION,game resource,MEDIUM
Payload/pool.app/ProgressiveVideoAdRewardsWidgetShopFreeCoinsNode.ccbi,False,2374,1382,c853197b,2357cf754696c8f263bc6c3bafc79d4ce2186bd5bbc047f90d3bf5bf5145807a,ORIGINAL_APPLICATION,game resource,MEDIUM
Payload/pool.app/Yellow_Particles.plist,False,1528,819,b5a9342c,6aa4d5ff4433e3cf17b111488524df2851a09d0eacbc5aa3e98a024c53b4caa4,ORIGINAL_APPLICATION,game resource,MEDIUM
Payload/pool.app/shop-hd.plist,False,8914,3989,1aaf9fc7,d1fd45463a5694801c70469333f5cb16c909aba00c2e4604f496c50640060b08,ORIGINAL_APPLICATION,game resource,MEDIUM
Payload/pool.app/MenuSurpriseBoxesPowersInfoNode.ccbi,False,2016,969,d426dad5,1e381c702d4c9081f84964311b073ffbdce19627619319063c6833d3e2d14b9f,ORIGINAL_APPLICATION,game resource,MEDIUM
Payload/pool.app/flag_GB.png,False,626,626,67ba9dce,2fac9622061d45d45a5756774ce31e21a14420c2b9e7cc8918868d5b135a6c1a,ORIGINAL_APPLICATION,game resource,MEDIUM
Payload/pool.app/spinWheelDaily_bundled-hd.png,False,192902,192832,3bf4042c,8ef3f81fd7b86cdec5a9970e36259d8a2b979655e856fa75af8be6ea6554b1f2,ORIGINAL_APPLICATION,game resource,MEDIUM
Payload/pool.app/Card-Basic-Front.png,False,2992,2992,c0a25861,1e339191a1ebe47160c769856113aa14fc432b41e558cf5710a70ef9daee9eab,ORIGINAL_APPLICATION,game resource,MEDIUM
Payload/pool.app/Shop-FreeRewards-Cell-Frame-Number-hd.png,False,424,424,dfca03ca,72395bd23ab724b647beeaba1a5ef57bb4268031d9572666301b165d46a7a86b,ORIGINAL_APPLICATION,game resource,MEDIUM
Payload/pool.app/RingVIPInfoBubble.ccbi,False,1271,773,fc175b03,d45d1144083a88e0026940e154c0e75bd419c5c86052146c82a3d7a42fdb3a88,ORIGINAL_APPLICATION,game resource,MEDIUM
Payload/pool.app/flag_GU.png,False,368,368,a8040513,8bae19453fbe5e88cf9b2188542fa7e6c17916249d79f8efd6e353b8c6b1b688,ORIGINAL_APPLICATION,game resource,MEDIUM
Payload/pool.app/flag_MR-hd.png,False,772,772,32ead35d,0bcb10d5aae1f3c0fc428cb3b5052eb59abff81f8de644c82f198340fffc796c,ORIGINAL_APPLICATION,game resource,MEDIUM
Payload/pool.app/TemplateTierTopBarWidget.ccbi,False,2004,1246,c4d22cfd,263a816d79008c1562cbe3ee44226e5d41ff82d114d83b7750327b8bf865aca5,ORIGINAL_APPLICATION,game resource,MEDIUM
Payload/pool.app/FramedSpriteLeaderboardResultsUserFrameDesc.plist,False,210,180,96edf74f,5869f91c98b5d7f0a1b45697360d71fa1135d50a58a38cec04466f12150ef332,ORIGINAL_APPLICATION,game resource,MEDIUM
Payload/pool.app/CueMissionsView.ccbi,False,3145,1706,491a638d,d19aadc9cb7740bb65c198fc1417bf2d62d4646e9d1b31285f67739b142b8ba1,ORIGINAL_APPLICATION,game resource,MEDIUM
Payload/pool.app/Scratch_Texture.png,False,440,440,0b69a386,5d9607939199fa092d666f6b6722703f376c5d5e644febf60f5d87f387c3e8c4,ORIGINAL_APPLICATION,game resource,MEDIUM
Payload/pool.app/GS_4_explode.plist,False,1498,795,b40b0d4d,c0b7d0dc6d445756c1afbc5f9834299ac44daacdd6c002da4565d5f5c00bd3f6,ORIGINAL_APPLICATION,game resource,MEDIUM
Payload/pool.app/sfx_LAchampionship_matchResultStats_WIN.mp3,False,44165,36111,3da48178,ebb6d8caf85d203c9ca68a59247b36e6bbf7bb901fce0589d6dea2190a4e4522,ORIGINAL_APPLICATION,game resource,MEDIUM
Payload/pool.app/scratchCards.plist,False,1127,657,71595a37,8079d8fd295eba9bbfb3443d19a18942dbf0a1826107027acbd6d49da599230f,ORIGINAL_APPLICATION,game resource,MEDIUM
Payload/pool.app/DefaultUpgradeAnimator.ccbi,False,425,305,c02428de,c81cd74929b553342769212effb6464a0454227582f5eba5d5a2606b6147fbfa,ORIGINAL_APPLICATION,game resource,MEDIUM
Payload/pool.app/flag_JE.png,False,530,530,4a30d7ef,187a1577c2437152fca88b58420337cabc3912c6a2d8031eff0dfdfa2d8eb1b8,ORIGINAL_APPLICATION,game resource,MEDIUM
Payload/pool.app/AvatarFrameRankUp.atlas,False,846,277,5c004285,c10807244dfc29ace56e5438dae22a4a61a5665768de6028aa70cf6361093e1e,ORIGINAL_APPLICATION,game resource,MEDIUM
Payload/pool.app/flag_HM.png,False,538,538,0ad511cc,a40ecbbf310bd5c60ddebe27fe991bae857779e135146f9dff4d11ffe48978d0,ORIGINAL_APPLICATION,game resource,MEDIUM
Payload/pool.app/flag_NL-hd.png,False,554,554,f90dc0d5,a9081a74c971ec5b8ee635fd1a93bbc7f3994e865620d5ac1e4d5997d2bbba74,ORIGINAL_APPLICATION,game resource,MEDIUM
Payload/pool.app/TemporaryShopNodeCards.plist,False,1177,601,172ef37e,73eb6c3dd515b3a154bfd2a2fc17ded1b5557c7cce7caab46edbd0c7b68da3d7,ORIGINAL_APPLICATION,game resource,MEDIUM
Payload/pool.app/GenericLoadingActionButton.ccbi,False,2399,1160,a35a0f38,f3e9bdce4635db9705b6af82f5618fb0dc45bf59df6bc0dc9bcbe83acce9a031,ORIGINAL_APPLICATION,game resource,MEDIUM
Payload/pool.app/BG-Tournaments-Rio-hd.png,False,31530,31530,73691223,d2e58e5d963f2d79d0726017b0e7c1a7f11fec3afa19004ef56ae8c0042571a8,ORIGINAL_APPLICATION,game resource,MEDIUM
Payload/pool.app/GS_Popup_Rings_Animation2-hd.png,False,5848,5848,bcd738cc,d2bf579925713d71c0ecd7d62da8b684efd1986c9d9a0d5c7ba15e5d84fc33c2,ORIGINAL_APPLICATION,game resource,MEDIUM
Payload/pool.app/LeagueRelegationAnimationWidget.ccbi,False,965,552,7483bc67,8b3aa58cadf729404b31ac26bc6991fdacde2ab301262e3f030820655a69ec30,ORIGINAL_APPLICATION,game resource,MEDIUM
Payload/pool.app/CollectionBadgeDecorator_CueCollectionImprovements.ccbi,False,593,341,668f8e5d,a9b675df971fae8e5912dd1db177b68c21bdd40912cd3a9538279f8cc44ffc98,ORIGINAL_APPLICATION,game resource,MEDIUM
Payload/pool.app/Epic_Piece_Particles.png,False,556,556,e986073d,01a48de9f9e82cc5f6784d22eea6039248f2181b3afe42587822ffddb6715153,ORIGINAL_APPLICATION,game resource,MEDIUM
Payload/pool.app/Progression-hd.png,False,2976,2976,bcc833c0,72b7d3124a647cfa7bfb371959c4f2d1da922aad9304ea72cd04e5fdc0fc13ce,ORIGINAL_APPLICATION,game resource,MEDIUM
Payload/pool.app/theme4.plist,False,422,319,9aefb16b,60e1d4975fb74f464f74582c08f13aff520e90a70f94f5bcdd46d5471a1ea5c4,ORIGINAL_APPLICATION,game resource,MEDIUM
Payload/pool.app/BoostDropdown.ccbi,False,2762,1577,88bf5344,0a17d069b2a3d37e786231ddb2437f8657aec96062e4171dfc7b8231a0fd7a70,ORIGINAL_APPLICATION,game resource,MEDIUM
Payload/pool.app/MenuChallengeOldVersionPopupNode.ccbi,False,2273,1304,b7615d22,5638e4a1fa9c7cf5976ac60e68e01e5d4cf3fb8d16ca98a0bf863191a6564e4b,ORIGINAL_APPLICATION,game resource,MEDIUM
Payload/pool.app/FreeSpinWheelNode.ccbi,False,2371,1217,6d5d65e1,ec47cf29e735f52bdc155c50a997b7fec14117ee84c22f7f4a1a2f6a91d5baa2,ORIGINAL_APPLICATION,game resource,MEDIUM
Payload/pool.app/ball3-hd.png,False,1346,1346,0a0cff95,e589774ed10f0b30325fef87c56b2436a168a3157e0b82efc51f4f087073f326,ORIGINAL_APPLICATION,game resource,MEDIUM
Payload/pool.app/flag_SG.png,False,338,338,1b3ed06c,2f1d18ac718497e1ea4502fe912e57b651e8dc2f8d42fd98696fd7d10bed3865,ORIGINAL_APPLICATION,game resource,MEDIUM
Payload/pool.app/Match_Screen_Roulette_Image-hd.png,False,22722,22722,47e83bec,68c10acd7bc32d89f91e0e05984fcad36b66b3935b93ab8cf6240885705bb8c9,ORIGINAL_APPLICATION,game resource,MEDIUM
Payload/pool.app/localization1_id.png,False,16904,16904,a78fd24b,a24d61de32cdc3e7d8c176505683d1775c5acebd8deefd78a84450bbb84adb66,ORIGINAL_APPLICATION,game resource,MEDIUM
Payload/pool.app/decal_reward_no_decal-hd.png,False,4834,4834,15fbc541,81e530838d83b59e005c9b6f8dc4d035a3adb70dd417f6b410dd0160d9f1902c,ORIGINAL_APPLICATION,game resource,MEDIUM
Payload/pool.app/BG_Generic_Blue.png,False,6950,6950,d0640b8a,3093d57913fffd0cd4fe02ed18e772e0dbe200457d1346ea9c416dbfdd889a2e,ORIGINAL_APPLICATION,game resource,MEDIUM
Payload/pool.app/PiggyBankCommon-hd.plist,False,809,565,772d796e,2298e535c8911e60815d30015ecf5ab54c76c416d800b4479126229e5c844b87,ORIGINAL_APPLICATION,game resource,MEDIUM
Payload/pool.app/flag_PK.png,False,478,478,4296d31b,5445a90f4a3b4ead887eb6935a9c85efd3cb58ff5a83afed561f55f6b2214333,ORIGINAL_APPLICATION,game resource,MEDIUM
Payload/pool.app/EliteSubscriptionContentNode.ccbi,False,2717,1492,3b6917d6,e173a920e7ea2ca05c3332d20fcc00325d0dd1a5ab60f6601bb70120a401fe6f,ORIGINAL_APPLICATION,game resource,MEDIUM
Payload/pool.app/MenuClubsLeaguesPreviousResults.ccbi,False,5118,2413,440ab8d9,46bc67eac45d582c4083decbb947a69744406bc0a1f252fe009b2f868e8edae3,ORIGINAL_APPLICATION,game resource,MEDIUM
Payload/pool.app/Cue-Emprty-Search-Icon.png,False,3496,3496,ab2c56c5,941c2f5250b32730f8ef20de5b52413e27a7b4da929b4a8506e9e9f6170b84d6,ORIGINAL_APPLICATION,game resource,MEDIUM
Payload/pool.app/PromoValueMap.plist,False,64,64,d0743d6a,47117a73f753feb62997b33a824f7be65b688173947a5ef347f38f1f276b085b,ORIGINAL_APPLICATION,game resource,MEDIUM
Payload/pool.app/ball5-ipadhd.png,False,4522,3836,ee9c55fa,035bef9a2bbcbc37b1524d43d60df9d839eb8d4bf0874e83b7d0107a247bf1f4,ORIGINAL_APPLICATION,game resource,MEDIUM
Payload/pool.app/Yellow_Top_Particles.png,False,556,556,e986073d,01a48de9f9e82cc5f6784d22eea6039248f2181b3afe42587822ffddb6715153,ORIGINAL_APPLICATION,game resource,MEDIUM
Payload/pool.app/MCFSLeagueInfoNodeFrame.plist,False,350,259,4a4a0b2b,89f13dd82c6a60c550667b9663a0d19f5d3d6410f4f0e1911ea559a2fa9dc4be,ORIGINAL_APPLICATION,game resource,MEDIUM
Payload/pool.app/AvatarFrameRankUp-hd.png,False,95246,94700,c1a80b6c,8ea569e5fced615f0c2e774117d1bb18e4af391661e73412faf5a3591ad38714,ORIGINAL_APPLICATION,game resource,MEDIUM
Payload/pool.app/surpriseBoxEpic.plist,False,596,427,88bfeb08,24e7108ca7ca4f62615e08f371c995903f598bd9f909efb559cf50bddf3bc277,ORIGINAL_APPLICATION,game resource,MEDIUM
Payload/pool.app/singletableGoldenShot-hd.plist,False,242,204,94ac5772,e84a677dd820cb5d2f8a922668924953ef92fb4e2fb21b523596830cc032873d,ORIGINAL_APPLICATION,game resource,MEDIUM
Payload/pool.app/MenuClubsLeaveClubPopup.ccbi,False,3017,1563,fdd6401b,36dea8603e569f89272d90b972d7b029cdd1b6e3525bf8aef927d8881212b918,ORIGINAL_APPLICATION,game resource,MEDIUM
Payload/pool.app/GS_Popup_Rings_Animation.json,False,41098,1766,d6ce248a,16590e595fe651167bc77be647c9d0deaea2dc4e03d5c5f00e897d9d51f1aa99,ORIGINAL_APPLICATION,game resource,MEDIUM
Payload/pool.app/ps_most_valuable_cue_yellow_shop.plist,False,7260,5361,c7d263c4,980f1f29f16b7d72b6137cfeea72504d4e9d035dd28626cef4eaaef6e8f96d54,ORIGINAL_APPLICATION,game resource,MEDIUM
Payload/pool.app/QFP0AVP4A-ipadhd.png,False,45268,45278,c641052b,3fa9a41b3b41c1328c04437e51b18ae702a81899adc5bc486b782ad70cc39da1,ORIGINAL_APPLICATION,game resource,MEDIUM
Payload/pool.app/LeaderboardMenuHeader.ccbi,False,5774,2806,3ab14489,d823d2e15934f93ecf714c42841a818a61def85115305430aec1861478fc534c,ORIGINAL_APPLICATION,game resource,MEDIUM
Payload/pool.app/pt_pt_text.plist,False,1193210,441130,09c5fa2a,339911bff7869b6f09c69952c932bed5666d0a24fa70389f66d006697fba55d8,ORIGINAL_APPLICATION,game resource,MEDIUM
Payload/pool.app/DailySpin_BigFrames2.png,False,21376,21217,6bfe30a1,aa757a1e00f04291f44454bd88a993462913df378f63f5fe0df424ef419b2c59,ORIGINAL_APPLICATION,game resource,MEDIUM
Payload/pool.app/Pink_Top_Particles.plist,False,1528,826,95d659e8,69aa9dd3de2f06e864ed20b2d883437fa41067dd71f0c1e2b37b0edd244477ec,ORIGINAL_APPLICATION,game resource,MEDIUM
Payload/pool.app/OpenGift-hd.png,False,13882,13882,642adec8,cdbc5a06ea62bab4065b34ae6c84a9d964b43b1b86a770b91f9ef5ef279201c0,ORIGINAL_APPLICATION,game resource,MEDIUM
Payload/pool.app/flag_IM-hd.png,False,804,804,48c10808,d760f949a1618520019b3287ef7c87a71c1697a5405502add5a1a8e5af44de4e,ORIGINAL_APPLICATION,game resource,MEDIUM
Payload/pool.app/sfx_luckyShot_ball_collision_goldenBall.mp3,False,12239,5409,5285cbd7,a87c180bcd8b5b5fdd834bc83aa5c08aa90b84da49a99bb6f58f6231e60e034f,ORIGINAL_APPLICATION,game resource,MEDIUM
Payload/pool.app/Coins_Pile_Blue_Glow-hd.png,False,117532,117544,822f7d5d,4635b9cd2286d1caecca8af843e5adadb629e7ff36f9570bc9897df4dd2ea9ce,ORIGINAL_APPLICATION,game resource,MEDIUM
Payload/pool.app/SpectatorListNode.ccbi,False,1136,711,9f3c2720,ffcc3777ed93512640bcb9be6aebfe7501f6070e57f665efac2e9caafaccf0cf,ORIGINAL_APPLICATION,game resource,MEDIUM
Payload/pool.app/sfx_WinStreak_finalMilestonePopup.mp3,False,70457,56632,582e4550,d8700f381cabff6f7e81d73756c07869ada49a88148d8da8d6842ce193827871,ORIGINAL_APPLICATION,game resource,MEDIUM
Payload/pool.app/FramedSpriteMatchScreenCoinsGoldenOverlay.plist,False,213,190,d0fab456,27506e5f8c6597210456aaf9cd91ffbf5627f1d41c3c3731f22835567fc5bb8d,ORIGINAL_APPLICATION,game resource,MEDIUM
Payload/pool.app/InfoPopupBadgeSummary.ccbi,False,1379,860,04290fca,c2c1d35fe819b533767c6b3616c9cb52d7eaca168455e560114ef1880e70a71f,ORIGINAL_APPLICATION,game resource,MEDIUM
Payload/pool.app/MCFSGenericScrollFrame.plist,False,338,252,6fa50a61,beac93377feb7e87e27c802181738496aa4e7c72667c270ba06cdb73aa362f53,ORIGINAL_APPLICATION,game resource,MEDIUM
Payload/pool.app/Main_Menu_BG_MMR-ipadhd.png,False,290214,290259,4c48ba73,3b94779f64a51a4cb016d531c89949dd108f6129ed28e026d59e241d335781e0,ORIGINAL_APPLICATION,game resource,MEDIUM
Payload/pool.app/Shop-Promo-Card-Scratchers-B-hd.png,False,1218,1218,bc33df44,fe55fda892d1b74f3679e7645dad52313183efcba84df52722a9bf78c7597454,ORIGINAL_APPLICATION,game resource,MEDIUM
Payload/pool.app/Timer_Glow_White-hd.png,False,2326,2326,457e5f22,dba5479e7fd78ad34e504d1e079b1fc95d9b6c09bd5475e29df41f795ab6c3a0,ORIGINAL_APPLICATION,game resource,MEDIUM
Payload/pool.app/CueMasteryCollectionTabContent_CueCollectionImprovements.ccbi,False,2219,1247,efc812d6,c410d59d8cdef9dcc0015ae4580355439b65b42be2c523a204751491f4ec32c3,ORIGINAL_APPLICATION,game resource,MEDIUM
Payload/pool.app/sfx_cashWin.mp3,False,26637,20711,10c9cd70,b3e0456836583b45f2d281aa26fbb22b52a082545571d33bf955eebe69638b0e,ORIGINAL_APPLICATION,game resource,MEDIUM
Payload/pool.app/Card-Basic-Front-hd.png,False,6522,6472,531d4fca,cd7dfb47ea6cf160da9866df6c909ceff97b25678e868ca50348790069e67a3f,ORIGINAL_APPLICATION,game resource,MEDIUM
Payload/pool.app/ClubLeagues.plist,False,1600,710,e89f79c5,0f5d1bb7807905377e949e4a8e3e49effd878a7e92a3b6526e0ce9aee8652d08,ORIGINAL_APPLICATION,game resource,MEDIUM
Payload/pool.app/localization1_pt_br.plist,False,474,354,dc9ed5b4,0c33e8d3955b0f0ee6610635157596d4078aa458b71f8aae21b0a37f5cc6b7eb,ORIGINAL_APPLICATION,game resource,MEDIUM
Payload/pool.app/Legendary_Particles.plist,False,6550,4820,e39769c0,eb234a8d4b954f72733e55b13362cd03bf81b4697402fbe9c779b4a7f0d3d236,ORIGINAL_APPLICATION,game resource,MEDIUM
Payload/pool.app/flag_PT-hd.png,False,790,790,595fca89,d29ed55018f537c86822c0e4ba604f59b45f69eaa2a59aa02b3861cc2b1d074d,ORIGINAL_APPLICATION,game resource,MEDIUM
Payload/pool.app/DailySpin_Lights-hd.png,False,28526,28526,88dee63c,f0be7c95dcb7a413da68c3b63f36a2b5d29ddce28d0ce9bc2f91f1ab509cbcc6,ORIGINAL_APPLICATION,game resource,MEDIUM
Payload/pool.app/flag_TG-hd.png,False,798,798,29c1e18a,a50e34b9d8a67f182a2a0e2a9ce8717292dc060dd90f41da7f6b97b9ecf07e24,ORIGINAL_APPLICATION,game resource,MEDIUM
Payload/pool.app/GoProTierButton.ccbi,False,717,514,e0a2165d,b7e0dca86457e1a829b6f41f24e1260acc5b4b7808b1e8fd4e848b7bed3d709f,ORIGINAL_APPLICATION,game resource,MEDIUM
Payload/pool.app/BoostTrophyLossInfo.ccbi,False,2245,1204,ef44334b,a6d4102b53e2f97ead67068dcce841b69f2969d469956c35b244d7577a719d9e,ORIGINAL_APPLICATION,game resource,MEDIUM
Payload/pool.app/scratchCards-hd.plist,False,1159,675,c5180fb9,ffcaddfd377e62cf1e97ff29315f6724b919ced79663dd280cd09b2d0f5c0971,ORIGINAL_APPLICATION,game resource,MEDIUM
Payload/pool.app/flag_GH-hd.png,False,744,744,5f5dce4b,7b29c1b41743b82e73f0c332706a6f0e5d6d4b89e976e7c5bc68b99fae136572,ORIGINAL_APPLICATION,game resource,MEDIUM
Payload/pool.app/Cash_02.plist,False,1562,882,ab314ba9,beb9c6e621c6c476f5a96f64ca5262584c4ddbe9d7834048854e33e5f6389b6b,ORIGINAL_APPLICATION,game resource,MEDIUM
Payload/pool.app/ClubChatPanel.ccbi,False,6135,2856,7a92d138,d452f30b7ea832171ed899e91135cb71d84d9492313f921480aaa1c08272548a,ORIGINAL_APPLICATION,game resource,MEDIUM
Payload/pool.app/MCFSMatchScreenPlayerCoinsGoldenFrame.plist,False,348,266,f5873cc7,1bde7efa6a710c92f6ef3a2370f2bf8409a2799576ab34bdc5748aca6c6c0fde,ORIGINAL_APPLICATION,game resource,MEDIUM
Payload/pool.app/ball2-ipadhd.png,False,4290,3598,122db1b4,bc953859887ab5f35083929c2fbfbe0a116ed259a3b29e67d686fac6f4816c7b,ORIGINAL_APPLICATION,game resource,MEDIUM
Payload/pool.app/MCFSGenericBlueButton.plist,False,337,253,e610149b,7b0ca88a7eeeb81a0091927e2fe3fed45d7f1ac9e3dc64d67f92bc968697155b,ORIGINAL_APPLICATION,game resource,MEDIUM
Payload/pool.app/Cheering_Announcement_PopUp-hd.png,False,133822,133785,0a5e9544,9f919a7bd206971309dd13e4f05b08fa3bf055b4d4e1cb612c26aec5dead200f,ORIGINAL_APPLICATION,game resource,MEDIUM
Payload/pool.app/MCFTableCellLightFrameDesc.plist,False,355,270,23c6076e,d5f79125bf1c0bda43565d6a494295e746ef2f07a052e2c363bd2a517a3ef748,ORIGINAL_APPLICATION,game resource,MEDIUM
Payload/pool.app/flag_SJ-hd.png,False,914,914,2dda4ba1,c3485b9e441d27cb36d36ddb56c520c20e50c00ed0750f87fd8469a93da8377d,ORIGINAL_APPLICATION,game resource,MEDIUM
Payload/pool.app/purchasePopupShader.fsh,False,1023,383,104ee29e,8420bfdccb0f540c6ff7f1c6759cf07a85704f472d6506002d70bed56636f7c1,ORIGINAL_APPLICATION,game resource,MEDIUM
Payload/pool.app/CashLeaderboards.ccbi,False,309,245,160bdff7,ccb6f29445c53a32891dac455d701b9b67927586c7c6f72870b4c81c39b11324,ORIGINAL_APPLICATION,game resource,MEDIUM
Payload/pool.app/ShopPromo_Products.plist,False,626,405,61a07631,db322321ad9a7e24924b9a6b2d03a0c9e9f4443eee96bec1930848c131d8b445,ORIGINAL_APPLICATION,game resource,MEDIUM
Payload/pool.app/FramedSpriteNanoBG.plist,False,212,186,f3f26f93,0faf8a40f1b2d4e30fae3b54ad9c278fa10b9d02a649d9b42fd1a5285865154f,ORIGINAL_APPLICATION,game resource,MEDIUM
Payload/pool.app/ProgressionBasedEvents.png,False,9150,9150,85d94020,031d58c39e999278ec40ee5cf374bda3222be5410d97be671b0d1a331b93c3d4,ORIGINAL_APPLICATION,game resource,MEDIUM
Payload/pool.app/Daily_Spin_Particule.plist,False,1431,730,3d43765c,7fadeff2ade7d165478cb42e51d7dc1ca3b1bf41697821b1372dd92dc82ccf8f,ORIGINAL_APPLICATION,game resource,MEDIUM
Payload/pool.app/CreatorModeChangeTableNode.ccbi,False,1646,996,aeb4f02f,c35ec8433122a5a5885130f268999e155d5eba5c357fc3400b5ff323a735670a,ORIGINAL_APPLICATION,game resource,MEDIUM
Payload/pool.app/CollectRewardWithFirstArrow.ccbi,False,623,372,7fea0366,3cd5e661c664ebeefc043f4399639e0bb284f9411f7eb5c20b27bb92b4cc38fd,ORIGINAL_APPLICATION,game resource,MEDIUM
Payload/pool.app/sfx_surpriseBoxes_boxOpen_steamANDclose.mp3,False,19751,13601,6154e934,66a8cdb26276bbad356b4d46f5e7f4e565ceed1394f1d8ed8dfa2c0237d90a89,ORIGINAL_APPLICATION,game resource,MEDIUM
Payload/pool.app/DailySpin_BigFrames-hd.png,False,42366,41292,8a05bead,632ebe805f9f3241e8d74ea8700b09e678d309228ebfa49c05ce7d7381d736c2,ORIGINAL_APPLICATION,game resource,MEDIUM
Payload/pool.app/MenuTierAvailableNode.ccbi,False,3231,1755,d07a791f,ded36eaa89d9a4ddec6c159e19de5606c0d6b21a7cc4d819ba043bc201169d20,ORIGINAL_APPLICATION,game resource,MEDIUM
Payload/pool.app/resolutionSettings.plist,False,713,566,747d656b,1cdfc1ab24bd997f3a28a81f9072c8b3dadf3650f1f53e65c74326fb05a2018e,ORIGINAL_APPLICATION,game resource,MEDIUM
Payload/pool.app/MenuCushionShotTutorialPopupNode.ccbi,False,3119,1593,06e839b7,a314b030402b26281750c8611c9e1aaeec7555feb66d6c8a3a58b66562099897,ORIGINAL_APPLICATION,game resource,MEDIUM
Payload/pool.app/DailyRewards.plist,False,2080,1072,cd3c0136,d66b4000e445ac8468375897493577e688834f85e289a5cbd41bd23f0f76b0d0,ORIGINAL_APPLICATION,game resource,MEDIUM
Payload/pool.app/ChannelChatButton.ccbi,False,1624,991,5b7c722d,971767bf55eebc83f19d70d6bee43db38c4fba881f38064609c0783bda816164,ORIGINAL_APPLICATION,game resource,MEDIUM
Payload/pool.app/MCFDailyRewardArrow3FrameDesc.plist,False,373,276,bf8efc33,71379d427519e5f2fe1ede5f9a2df13f47ab7aadd8a490524ebe28ad26410feb,ORIGINAL_APPLICATION,game resource,MEDIUM
Payload/pool.app/vip.png,False,17050,17050,d533351b,862e6d6575032f0bf570b76f424dd0c8c0729be221ff393c6ed8b83e9076e63f,ORIGINAL_APPLICATION,game resource,MEDIUM
Payload/pool.app/MCFSGenericFrame25.plist,False,330,242,3395255f,691dd8b25febadce4527d79363955ce03e7926c439eb9e32ad269cc199aec12f,ORIGINAL_APPLICATION,game resource,MEDIUM
Payload/pool.app/VictoryBoxTierInfoFooterNode.ccbi,False,477,348,bd3697f8,00fca490071c59cdc87fab23819781877a4b10613565b2a7950ea6bdaccf6e77,ORIGINAL_APPLICATION,game resource,MEDIUM
Payload/pool.app/Generic_Checkmark_Icon.png,False,2958,2958,81cc62d3,eea514822478473f437fcc3199dfd659727b38a875f1a0fb8b7b5b9263c47ca4,ORIGINAL_APPLICATION,game resource,MEDIUM
Payload/pool.app/AccountInfoWidget.ccbi,False,3103,1637,f76aabd3,6bd71ae9d5b0d2923bacd6f7ea152cff91ad6ea2b9be31184a484e112ac7cc9b,ORIGINAL_APPLICATION,game resource,MEDIUM
Payload/pool.app/sfx_victoryBoxes_box_youGotCard_5.mp3,False,10048,7650,86032289,c94db321c830dbf849192f2b60d15599718b2c852c94f0045e8bd58a57262d89,ORIGINAL_APPLICATION,game resource,MEDIUM
Payload/pool.app/RematchPopup.ccbi,False,3171,1567,0cbd1e95,aa2c66d2732c5531f101585c132434fed8cb1cbdcbcb37ebd3fcc68f8bed49fd,ORIGINAL_APPLICATION,game resource,MEDIUM
Payload/pool.app/VipBonusBanner.ccbi,False,891,597,4b0022b8,8d064b154b748cf6128208694db2db89475a96826ec24731be2e8584ee75844f,ORIGINAL_APPLICATION,game resource,MEDIUM
Payload/pool.app/flag_TD.png,False,325,325,73cdaeec,78f574c2e8fc006d73be16cc687a3144c84c184377b845e4ac6a0eba7c2c8cca,ORIGINAL_APPLICATION,game resource,MEDIUM
Payload/pool.app/imessenger-ipadhd.png,False,87652,86622,cb6d6af5,bdc01c5fe7fc302c46ff6fdeedcce2ad578b10aa1a10af5a8eb7eef27f725204,ORIGINAL_APPLICATION,game resource,MEDIUM
Payload/pool.app/ClubsMain.plist,False,2435,1308,d1d48f47,65a588e44ccc80ed7cd629796d663c0a96ec80f728f6fa2c15adf5cd89078e4f,ORIGINAL_APPLICATION,game resource,MEDIUM
Payload/pool.app/flag_BY-hd.png,False,582,582,b8378f62,0089eea8c18bf65cbdd3a417c8deb16336dc0425d006249f1e3516f425a281f4,ORIGINAL_APPLICATION,game resource,MEDIUM
Payload/pool.app/flag_FJ-hd.png,False,856,856,b6cdc6a5,1b2bc1fb12986b9dd1857541cd22fa1f2dba27ad4477c80b242dcbb2b6381769,ORIGINAL_APPLICATION,game resource,MEDIUM
Payload/pool.app/Card-Rare-Back-hd.png,False,6316,6316,04e36b24,58d40727db0923f88e4fe9b82476eb6bb35b093342afcb0c9590d6c6283d27b5,ORIGINAL_APPLICATION,game resource,MEDIUM
Payload/pool.app/sfx_victoryBoxes_box_cardJump_collectionCue.mp3,False,62213,45733,d09715d3,d6d38def733534eec616ec0fc7509a60c3ef090aa37510e64e2024c0badb8ad6,ORIGINAL_APPLICATION,game resource,MEDIUM
Payload/pool.app/localization1_pt-hd.png,False,35956,35966,391507c6,062ffe7c93f2519dcdcc3958b959323198866138cbe547df9e49dcbc066944b1,ORIGINAL_APPLICATION,game resource,MEDIUM
Payload/pool.app/surpriseBoxRare-hd.png,False,30594,30594,0a6d0bb9,d0e03c596bd9ea6c174ad0c7c1dce0fc48762729bb1626b62a0f2a2538f30615,ORIGINAL_APPLICATION,game resource,MEDIUM
Payload/pool.app/Select-Icon-Fill-hd.png,False,670,670,50484bb5,c31b3046691058f0b204e2c10c687fb6c16d91846fdc613e1d56921316873763,ORIGINAL_APPLICATION,game resource,MEDIUM
Payload/pool.app/MainMenuTopBarWidgetClubs.ccbi,False,1341,681,4de6b5f6,7b4ca9fa4f03c6b2918ddbce7106ae06f8a516adb39bf34a6385a4529e320e71,ORIGINAL_APPLICATION,game resource,MEDIUM
Payload/pool.app/deviceCategoriesConfig.plist,False,86,68,11d00c88,d271532b57d3e5e89ebe99fdbcfa194c0a284779ba166fccf4d249e8e91a143d,ORIGINAL_APPLICATION,game resource,MEDIUM
Payload/pool.app/DailySpin_Arrow.png,False,14558,14558,d381d18f,1baaded62f118a516823f23acf705e6f8081a81c0cab13a01bb915a7f1474893,ORIGINAL_APPLICATION,game resource,MEDIUM
Payload/pool.app/androidHud-ipadhd.plist,False,346,277,47ce1e16,402f99a8a6796278345ab9da95f8e73b7a25932edecb4f7a867192dc3de16aad,ORIGINAL_APPLICATION,game resource,MEDIUM
Payload/pool.app/SubscriptionInfoSingleTableWeekly.ccbi,False,5147,2069,4ff4415c,eac05070f480a1e4a874deef71ac04a5c6da5055de32d048d2a03ca1f83d4874,ORIGINAL_APPLICATION,game resource,MEDIUM
Payload/pool.app/DailySpin_BigFrames_BackThickness-hd.png,False,18282,17152,d479bf2d,982362a52bc95f4bd0cc444a4015e3e0e0d4c9185bdac4a2f69ca22aa877320a,ORIGINAL_APPLICATION,game resource,MEDIUM
Payload/pool.app/flag_ET-hd.png,False,846,846,67890e0f,523532999d4c6f18aaa310f2144267fef2e5137fd1613582aa8bca9ab2247fba,ORIGINAL_APPLICATION,game resource,MEDIUM
Payload/pool.app/DailyStreak.plist,False,472,344,555d2ce2,cc580fe5a76985c492a2dc9a6eeb1004f973f195c696987468ce1c7545ca25bc,ORIGINAL_APPLICATION,game resource,MEDIUM
Payload/pool.app/flag_AG-hd.png,False,966,966,f1578e71,df93d74f567e5223596507c2af9e7c6b97ddabbf2dec6e42b205a7423a663a57,ORIGINAL_APPLICATION,game resource,MEDIUM
Payload/pool.app/MCFSGenericFrame18.plist,False,352,257,79a7d241,9d0bdc5c23288f0541a18554fe26b2780b17373b439ad82ebfb67d23e8077113,ORIGINAL_APPLICATION,game resource,MEDIUM
Payload/pool.app/flag_GD-hd.png,False,1074,1074,13ebf0ca,b778f00e0b52bba32ba7263914b723909da444adfeaa8a12e86338a074754e3a,ORIGINAL_APPLICATION,game resource,MEDIUM
Payload/pool.app/surpriseBoxes_boxBismuth.skel,False,26500,7470,ed5e6e65,edc20236cb2fdc199903df17bc5598b2d9cbe9861209dc93919dc0f65632f7b5,ORIGINAL_APPLICATION,game resource,MEDIUM
Payload/pool.app/flag_LB.png,False,460,460,8b1aefa6,fd988b76dbb5d5a315a018ed10d40382288b4e303f3047a9c4415e356e1d1391,ORIGINAL_APPLICATION,game resource,MEDIUM
Payload/pool.app/FramedSpriteMatchScreenCoinsGolden.plist,False,230,204,f19896d8,1f4b65003a5cdb9644a282ec46034f9b894fc3b872f2d7679f67f265eb84c7cc,ORIGINAL_APPLICATION,game resource,MEDIUM
Payload/pool.app/MenuUserProfileAchievements.ccbi,False,2246,1324,dd8a323f,106f8f3e095a4d19c7ed433c89f8cababfea2d56cc237ac49826bcae68e03c8c,ORIGINAL_APPLICATION,game resource,MEDIUM
Payload/pool.app/ProductNodesBoxes.png,False,6256,6256,c773026c,47edc985500e8955c020bd5c71ea983f8cc6e8815288407c98c92115d13f6f6b,ORIGINAL_APPLICATION,game resource,MEDIUM
Payload/pool.app/Spin_Prize_Particles.plist,False,7299,5399,390197c1,b680f46f7964164c5d49fdda61e1c4c457aa0b8ac2eaab1552aa82e579330585,ORIGINAL_APPLICATION,game resource,MEDIUM
Payload/pool.app/seasonPass_bundled-hd.plist,False,801,513,3df095bd,fa17abd7dca046e4106e9cca8bedf918e19d04ddfc52b24fa51a25bddbb29c78,ORIGINAL_APPLICATION,game resource,MEDIUM
Payload/pool.app/Legendary_Glow.png,False,500,500,348852a3,02788ed70c6763baef169b635edac5728d21bd5736f0dff0fb36646326cdadcc,ORIGINAL_APPLICATION,game resource,MEDIUM
Payload/pool.app/flag_TK-hd.png,False,966,966,e7dc1ac1,79536150ac17b62310e1727c1744e72c21578b14edc0ea7fde1e738e6c4094e0,ORIGINAL_APPLICATION,game resource,MEDIUM
Payload/pool.app/BigBox_Sparkles_Particles.plist,False,7341,5423,5085c2c0,3436f4d8300928024ef59c80b9853e0999a41da2364a5b03011bfd3154d130a2,ORIGINAL_APPLICATION,game resource,MEDIUM
Payload/pool.app/FramedSpriteSearchFrameDesc.plist,False,209,179,b28c781f,d0e4a8979f248bfe2e1dfec84bf1e96bf11b16692f0ba1390bc1d7b7c4c969dc,ORIGINAL_APPLICATION,game resource,MEDIUM
Payload/pool.app/flag_LU.png,False,356,356,24126bd9,8314bbe17b13ac7e8508cbc5d4e9f400f4eaa0cc8c29e71d7fb3e099a7ac6b66,ORIGINAL_APPLICATION,game resource,MEDIUM
Payload/pool.app/flag_MQ.png,False,334,334,3962463d,37e6fc6be7ebd1d5254cce4b506ae03942676ef3a8fabd02ac56857401e7e391,ORIGINAL_APPLICATION,game resource,MEDIUM
Payload/pool.app/singletableLuckyShot-ipadhd.png,False,204222,203758,f3449ff7,066f24d5a50e0c52e67be0c0a20e707ddea9f9ec40d1ab3a7ccdbd0704007ede,ORIGINAL_APPLICATION,game resource,MEDIUM
Payload/pool.app/BG_Particles_1.png,False,1954,1954,f3d5c06a,bdd630716ea2f97c418adc1b1d4c0bb89e08dd01293f567ccfc241e1dcc3d82c,ORIGINAL_APPLICATION,game resource,MEDIUM
Payload/pool.app/singletableLondon-hd.png,False,96962,96901,8c7b0d2c,5cfad6dfed2000faf69e21cd0e384247f86477fdd3987356efb7040f8c6ec999,ORIGINAL_APPLICATION,game resource,MEDIUM
Payload/pool.app/Box_Smoke_Particles.png,False,998,998,89548713,49f83c8bb3a0a68b00b954c775f10965de10b929b92044d043af673b579d1394,ORIGINAL_APPLICATION,game resource,MEDIUM
Payload/pool.app/MenuVIPMainScreen.ccbi,False,12212,4134,0d1378aa,e930bf295d1519f5b07013fd83be4446e85b328a60e774f6c13e8a0c2ffebd34,ORIGINAL_APPLICATION,game resource,MEDIUM
Payload/pool.app/TemporaryShopTableNodeLockSeasonOfSeasons.ccbi,False,1775,1034,da2b225f,0c297b484c00a8c000ca8977f2ab18730a5ac1f483470756a489bc142fbee12e,ORIGINAL_APPLICATION,game resource,MEDIUM
Payload/pool.app/flag_CZ.png,False,366,366,2d5176cf,64b4677c1b371dd5402bdfad9953456c3b4872f7485a1ed57562fbbe94f975be,ORIGINAL_APPLICATION,game resource,MEDIUM
Payload/pool.app/TrophyUnlockTierPopup.ccbi,False,2142,1254,822ba630,393b0e77c13cfebaf722cbb75302a1fbd95c57d45ce67ce461268eea2247b015,ORIGINAL_APPLICATION,game resource,MEDIUM
Payload/pool.app/flag_DZ-hd.png,False,630,630,55c9fa1b,a7b40629cb72383944b05b2eebbf24743d44339f7de9dd703741c041deac098a,ORIGINAL_APPLICATION,game resource,MEDIUM
Payload/pool.app/localization1_tr.plist,False,471,355,bd01099d,e337a0512ce8d85aace26f2c17cfd8682379a0305e0d972beabe314d19de66f9,ORIGINAL_APPLICATION,game resource,MEDIUM
Payload/pool.app/flag_AE.png,False,362,362,484cec8d,aa6de0169b1cb10211c9850d2dae36a50a29a39a45c3ebb3ba00b0d910facea9,ORIGINAL_APPLICATION,game resource,MEDIUM
Payload/pool.app/PromoAssetManifest.plist,False,5008,5008,c39984eb,207fa2f5efdc39ba83c12cee3671e4506c0a01a2d59a35c9f71f417057337b65,ORIGINAL_APPLICATION,game resource,MEDIUM
Payload/pool.app/SpectateBrowser.png,False,1794,1794,59e506a6,1cb7eb58cd1b8bf7951103eb33e4a3e2c23ffb66dc176fb65b68f9ee18ee81c7,ORIGINAL_APPLICATION,game resource,MEDIUM
Payload/pool.app/flag_CM.png,False,414,414,80a94c6c,34b400133bba60dcf1ce5f43adeb8896b2bc08dd6c252717fc1a30a31f7b3d7b,ORIGINAL_APPLICATION,game resource,MEDIUM
Payload/pool.app/flag_AR.png,False,346,346,fd30894d,5e39a88eece6b93de562538d9fb9db6120a4c3d421374a93d6fee5b7074af574,ORIGINAL_APPLICATION,game resource,MEDIUM
Payload/pool.app/MCFSTrophyBarEmptyFrame.plist,False,355,259,36f607e2,0c78a59985fff367bfaad768b0d2afae28a102df46ecd5aa0e8cddb04472f30b,ORIGINAL_APPLICATION,game resource,MEDIUM
Payload/pool.app/flag_BI.png,False,540,540,1d8241f5,50ab917b32268cab12c6eb1b614fd3ba2742ac8058e5657389804c6140801f6b,ORIGINAL_APPLICATION,game resource,MEDIUM
Payload/pool.app/MCFButtonPinkFrame.plist,False,333,249,9b6c56a2,134cb660c430aa9584df9363138deefedae84a1395aae65bb98d10ab0ad84367,ORIGINAL_APPLICATION,game resource,MEDIUM
Payload/pool.app/themeLogos3-hd.png,False,107510,107530,94fc667e,894ea23283a50aafe76e350e2125581db234d3017a00f242f53bcc98030c97eb,ORIGINAL_APPLICATION,game resource,MEDIUM
Payload/pool.app/sfx_swooshOut.mp3,False,5353,3301,55bec572,25ffa9f1ffd9b7d71f3167520ccb84fa0d27cbaea527fd19c922a98b7b559771,ORIGINAL_APPLICATION,game resource,MEDIUM
Payload/pool.app/flag_BH.png,False,382,382,046a9424,be3028891210691a7baa4c12bc331c3e670da3c079a77b4622cbbb304302d51f,ORIGINAL_APPLICATION,game resource,MEDIUM
Payload/pool.app/CueCollectionRoadCell.ccbi,False,1264,766,b6d36dc0,0c96452863a934097991ae4fed14d12fbb309c30e5bc8824090622b79cb94235,ORIGINAL_APPLICATION,game resource,MEDIUM
Payload/pool.app/flag_AS.png,False,482,482,fab3161e,f590d38922c9c13bcf4d22adf5feea2dda3618016e8cbb58c5bd706105168271,ORIGINAL_APPLICATION,game resource,MEDIUM
Payload/pool.app/androidHud-hd.plist,False,342,272,15875772,a0b0ad82dce6913c13b5acf296841114a24e75fdbef74ce860693f44805c08e4,ORIGINAL_APPLICATION,game resource,MEDIUM
Payload/pool.app/CueCollectionRoadScreen.ccbi,False,5889,2656,fb609e0b,b6cafb85c819f135e46756801744e4bbc28feec26df0b6cc959fd56263d3eb1b,ORIGINAL_APPLICATION,game resource,MEDIUM
Payload/pool.app/flag_CL.png,False,348,348,b3ab80bd,42b131b8259507303303b9fca137080d934d374451ed7b7662c9652c93954564,ORIGINAL_APPLICATION,game resource,MEDIUM
Payload/pool.app/sfx_luckyShot_ingame_UI_4thPrize.mp3,False,1284,533,b4a280d7,515597f5f7ae464bbd0b1924bf9a0ac679323f2ee9aa03f49744d78ec65214b9,ORIGINAL_APPLICATION,game resource,MEDIUM
Payload/pool.app/flag_AD.png,False,333,333,f7515844,f80622cf8183429f8076ff5a58fb03db0dd527091ab5f13087796923a072c5ee,ORIGINAL_APPLICATION,game resource,MEDIUM
Payload/pool.app/CueCollectionProgressBarWidget.ccbi,False,2447,1272,b6446e6f,798b0ee49962bd4d1c90da75c328a8300a7ea60b0dc163262ea631b6591af077,ORIGINAL_APPLICATION,game resource,MEDIUM
Payload/pool.app/Impact_Particule.plist,False,1489,800,cb3e90ef,b00c3c0f367330a6ac9c4da8c5428bc49b7661d4c0a14917acee54f2b5d7cb95,ORIGINAL_APPLICATION,game resource,MEDIUM
Payload/pool.app/flag_VC-hd.png,False,800,800,b125351a,8e677a2143c4e11494ae4524243fa7a639b62db551e96837bbf27419dc00518a,ORIGINAL_APPLICATION,game resource,MEDIUM
Payload/pool.app/sfx_luckyShot_free_popup_in_doesntHavePlayButton.mp3,False,26950,20422,ce6f2ff4,92cdd850d68f5b52ea2fc7da995baa8e2c529e090543cae1d12e5475982958c8,ORIGINAL_APPLICATION,game resource,MEDIUM
Payload/pool.app/ps_cm_missionunlock_explosion_1.plist,False,10814,8073,c3a916b9,c4633d31b9c9c807766cdd324fd1ea91e73c04c5a9638c36cded6aff4111a27f,ORIGINAL_APPLICATION,game resource,MEDIUM
Payload/pool.app/flag_BA-hd.png,False,772,772,4c090e69,1b895d120d60d994d94a3616a75dd3ed71ae19c0c50520478e2a6c9fa35e9795,ORIGINAL_APPLICATION,game resource,MEDIUM
Payload/pool.app/flag_MP.png,False,488,488,44c4344f,780caa2ba8ad147246bb4280fce31816cf20f4b181399a6248c003392358a501,ORIGINAL_APPLICATION,game resource,MEDIUM
Payload/pool.app/MCFCueCardUseButton.plist,False,337,252,5a493daa,e0b1ecc01369eae43ffcf4ef5a71360890fa3faf12477e6ce4939dbb95e557ac,ORIGINAL_APPLICATION,game resource,MEDIUM
Payload/pool.app/flag_FR-hd.png,False,584,584,7fa86e94,c142e658fa12c559ced2209dc1909971287d25fc95d2c7034de5ff2d5b243d47,ORIGINAL_APPLICATION,game resource,MEDIUM
Payload/pool.app/MenuShopDecalNode.ccbi,False,2004,963,8c7a1426,474a0310ce628b7fc02dd472b68357224ea67cda6205255ada52efdf4dad6e2c,ORIGINAL_APPLICATION,game resource,MEDIUM
Payload/pool.app/flag_LT.png,False,352,352,5d89f8ef,ff18eba5dfe080bb369f714aba3188154e6f86fc0ab3e68eed42374b2dddc369,ORIGINAL_APPLICATION,game resource,MEDIUM
Payload/pool.app/NotificationReminder-hd.png,False,119502,118426,9ee3d474,ade0eb35543f4e49b6671f408afcb68ea9491c73858bedccffd6156db63c4782,ORIGINAL_APPLICATION,game resource,MEDIUM
Payload/pool.app/flag_MG.png,False,287,287,ac02260e,ec20508e23c6249f4cd029982333ed816d9a124bb2af164143c7ecf1b8cef713,ORIGINAL_APPLICATION,game resource,MEDIUM
Payload/pool.app/fr.lproj/,True,0,0,00000000,,ORIGINAL_APPLICATION,bundle metadata / localization,HIGH
Payload/pool.app/fr.lproj/strings.strings,False,73,67,271593cb,f55c7db739fba8921e60443a61281f0e76276e114b11f6a841b57c1bf96fdbb5,ORIGINAL_APPLICATION,bundle metadata / localization,HIGH
Payload/pool.app/fr.lproj/InfoPlist.strings,False,236,147,d6f8693f,d93b3b036c157079888b300e594a45c85dfc8b85344e3026da45629dbe408b54,ORIGINAL_APPLICATION,bundle metadata / localization,HIGH
Payload/pool.app/Privacy-hd.plist,False,310,254,a9d0cfa8,d4b3ea772c1a160d1c92d9c2b9cf95b0aba395dc9478f95141ff68900a84586b,ORIGINAL_APPLICATION,game resource,MEDIUM
Payload/pool.app/MenuUserProfileScrollablePanelContent.ccbi,False,9091,3518,8bd40a38,f17bd641a46ab6b384935429b6038acab121b73369722774cdafb941ee161fb6,ORIGINAL_APPLICATION,game resource,MEDIUM
Payload/pool.app/TemporaryShopTableNode.ccbi,False,5986,2865,194e2742,f198360b828b0c2d0bb350e9ffa6eed2e4dcadf5119b3ec84af3e8049597f271,ORIGINAL_APPLICATION,game resource,MEDIUM
Payload/pool.app/flag_LC.png,False,474,474,ed906865,b2d7ecd14e76bd9098bce6a4036a9b7e4dadf6ff4a901fd158bdc8db3e751128,ORIGINAL_APPLICATION,game resource,MEDIUM
Payload/pool.app/theme3.plist,False,399,291,2cab29a9,d9e3ffc4564cdb9134f8b05ea8767b7a74a5f34947ab73f4a41ac4b85e1fa168,ORIGINAL_APPLICATION,game resource,MEDIUM
Payload/pool.app/IDFA_Popup_Glow_Blue-hd.png,False,122114,121256,01c5d81d,6a11ac6d4cbee040a86909a10ff1bd21d120f7d191396955fb556510b1713449,ORIGINAL_APPLICATION,game resource,MEDIUM
Payload/pool.app/GamePowerClassicTutorialIndicator.ccbi,False,1746,942,c3b9c651,4686add5fc8bcf629faabf057eefdcfbdb6a2a369d9fdbe16e800dbacc4485d0,ORIGINAL_APPLICATION,game resource,MEDIUM
Payload/pool.app/QFP0AVS5A-ipadhd.png,False,57986,57996,9ae1515e,6d5d9f17419cc6ee20427dcc623ebd20cc9afa7eeb00cf16f3c4341fb86c48fa,ORIGINAL_APPLICATION,game resource,MEDIUM
Payload/pool.app/Epic_Glow_Particles.plist,False,6550,4823,5e70652b,8cf3c777389ef99b71f5cb6518c9e4ce9241ea1338974656487563f1036d11ae,ORIGINAL_APPLICATION,game resource,MEDIUM
Payload/pool.app/widgets-hd.png,False,7936,7907,c4b5cacc,1b16a013a0f0e7c8a9e3e4e8ca1f24498140136b906a82eb283b8b2663624ee2,ORIGINAL_APPLICATION,game resource,MEDIUM
Payload/pool.app/ShopPromo_Items-hd.png,False,23402,23394,906cb954,23edd3867ff78a9cfe29c739c7874d5eaa99def46ca6478ed151c443b54df8fa,ORIGINAL_APPLICATION,game resource,MEDIUM
Payload/pool.app/Fireworks_Pink.plist,False,1478,784,330bc592,603bd5a8ac6c4c07bf9104b50d48e6e3245524de7db47b363c80048078da2669,ORIGINAL_APPLICATION,game resource,MEDIUM
Payload/pool.app/flag_TR.png,False,424,424,38841884,e2d1513caf740e864c6e57b410611079692b0d97354e448221dee58fcdd827b8,ORIGINAL_APPLICATION,game resource,MEDIUM
Payload/pool.app/SubscriptionIcons.plist,False,1996,1150,1e120c43,249b826e0a89a4a9a9a17836b0755f99c9d0866367e5aae0bd9a04b73203a1c2,ORIGINAL_APPLICATION,game resource,MEDIUM
Payload/pool.app/ActivityTabContent.ccbi,False,626,461,aebea7a0,ba8a9f79810bae4bbf1267578acb4971106c9835ec700f9a1d46e632d0dd6ccf,ORIGINAL_APPLICATION,game resource,MEDIUM
Payload/pool.app/DailyRewards-hd.plist,False,2122,1129,6e128436,370502aacaf6ce6bbd6c55fe8799c9b6354f18ee462e55f74cb72005e40e0ac6,ORIGINAL_APPLICATION,game resource,MEDIUM
Payload/pool.app/MCFSGenericTabSelected.plist,False,349,268,f78503f0,b5a17f41555063ee2bae6c2f0ed8aaac062e04c0f672c2d7f7ba0a0e1a8463c3,ORIGINAL_APPLICATION,game resource,MEDIUM
Payload/pool.app/flag_CO-hd.png,False,500,500,6175e8dd,45aa43358732027d4746698883311a9abe2e0d0979c7f752e1f7ad8a02d60675,ORIGINAL_APPLICATION,game resource,MEDIUM
Payload/pool.app/CreatorModeLoadCustomTablePopup.ccbi,False,3506,1930,8d7afa2b,9e43a9c4d4ff7125a07b63db2d6fa938259e505bdab2780347f45e581f7b9b4d,ORIGINAL_APPLICATION,game resource,MEDIUM
Payload/pool.app/id.lproj/,True,0,0,00000000,,ORIGINAL_APPLICATION,bundle metadata / localization,HIGH
Payload/pool.app/id.lproj/strings.strings,False,73,67,271593cb,f55c7db739fba8921e60443a61281f0e76276e114b11f6a841b57c1bf96fdbb5,ORIGINAL_APPLICATION,bundle metadata / localization,HIGH
Payload/pool.app/id.lproj/InfoPlist.strings,False,163,132,43bc4191,369003fee2995ab23bea7d99f6529ad1afa7e9e047fb57a6da1802c688b7bb0f,ORIGINAL_APPLICATION,bundle metadata / localization,HIGH
Payload/pool.app/flag_UA.png,False,285,285,a732231f,5460ed987ac035eec8dee673790e026cc4c4d2501d156055ebbae9e639bb0612,ORIGINAL_APPLICATION,game resource,MEDIUM
Payload/pool.app/FramedSpriteTierInfoButtonSelectedDesc.plist,False,225,200,f1c66ffc,2e49fc439da29127098709cf77fbc46057084e9b8a419b9c85fad5218a3fe9e3,ORIGINAL_APPLICATION,game resource,MEDIUM
Payload/pool.app/GS_4_idle_01.png,False,972,972,e3209090,bf3a7cc192e9fbb61e145dbc26208607d446cd4f08a92a29f96f421a7f958e90,ORIGINAL_APPLICATION,game resource,MEDIUM
Payload/pool.app/sfx_victoryBoxes_box_youGotCard_4.mp3,False,10048,7366,9399da33,1dec47dedc01c9dee61ed7bdbcec6534f0b3c7881ab84889a1dc234f4301557f,ORIGINAL_APPLICATION,game resource,MEDIUM
Payload/pool.app/SpectatorBrowser_MenuButton.png,False,2104,2104,27b83db1,b3741a409ba5f821ef13a24efa44afff5ad9cbe364573da1b3bfcd54e465ab0a,ORIGINAL_APPLICATION,game resource,MEDIUM
Payload/pool.app/TrophyRoadLeague.ccbi,False,2102,1216,c506d988,41abae061ef9c9f9db5828d65e9673160df808f937debc3ca4bad6005c978af2,ORIGINAL_APPLICATION,game resource,MEDIUM
Payload/pool.app/victoryCards.plist,False,404,310,b9a67081,238ed3c39d96871533714533075e3ed3204ef5e27732e6fedc87d5415f768e2d,ORIGINAL_APPLICATION,game resource,MEDIUM
Payload/pool.app/ValueMap.plist,False,20480,20480,0d04972d,b0b45137d803f3179210e9956515fade6278bdd6d35ebea4704e16531dda1ea3,ORIGINAL_APPLICATION,game resource,MEDIUM
Payload/pool.app/flag_SR-hd.png,False,806,806,9d30978f,2840d5330b2d210d090536ae710a7be3d84ef80955805e906bac69d72bd71227,ORIGINAL_APPLICATION,game resource,MEDIUM
Payload/pool.app/TrophiesCommon-hd.png,False,170126,170145,4267f55c,8f63135a47c07fe4081d8e7e5a343697b53f92f563c669d8b97f82ea5ae585ab,ORIGINAL_APPLICATION,game resource,MEDIUM
Payload/pool.app/MenuShopDecalColumn.ccbi,False,320,244,bac5db15,a7a765f54212f175046b9ad056e25b4b37e4094ce05799bf417cbd6078e6b681,ORIGINAL_APPLICATION,game resource,MEDIUM
Payload/pool.app/flag_GP-hd.png,False,584,584,7fa86e94,c142e658fa12c559ced2209dc1909971287d25fc95d2c7034de5ff2d5b243d47,ORIGINAL_APPLICATION,game resource,MEDIUM
Payload/pool.app/EliteSubscriptionContent.ccbi,False,6808,2821,dd156b5d,beed5cc177def9da3e16d4aa8673a029b6717a9cd91dadf363728fb962ab5462,ORIGINAL_APPLICATION,game resource,MEDIUM
Payload/pool.app/TemporaryShopTableNodeLock15BillionAvatar.ccbi,False,1985,1158,14cbce70,bf666489aa27b352c908b6be20f4bfebc9f51bc6540a0642495186785e524d34,ORIGINAL_APPLICATION,game resource,MEDIUM
Payload/pool.app/BigBox_Legendary_Glow.png,False,12050,12050,5df09c3b,46ff23f3f214117daa7614a24b9877db37b878eef4844e9a6a31b91ee1b2e2f4,ORIGINAL_APPLICATION,game resource,MEDIUM
Payload/pool.app/PromotionCycleTableArrow.ccbi,False,396,296,36dd4fab,40cc2769fb6ace6489377e02241f398ff72a4e9eb75d9eedaf125f3e0d0fbf19,ORIGINAL_APPLICATION,game resource,MEDIUM
Payload/pool.app/MCFSLoginButtonMiniclip.plist,False,335,252,6affe3ce,875b2396cd6183df5dde7dfb4133c0f3065201ee04066c2065ab5da827563fb1,ORIGINAL_APPLICATION,game resource,MEDIUM
Payload/pool.app/localization1_fr-hd.png,False,37416,37426,82558645,8aef758607472692e54f2722340476cd9fab1707b5788e2ce0a47fdda1c6b4b2,ORIGINAL_APPLICATION,game resource,MEDIUM
Payload/pool.app/LeagueMedalCollectionNode.ccbi,False,3543,1777,de063987,f7287e715c9ac58ceeb6105efe3b800f40148c653e33b0dfb5490a91dc0dbc4d,ORIGINAL_APPLICATION,game resource,MEDIUM
Payload/pool.app/MenuSystemMessagePopupView.ccbi,False,4424,2130,42442b04,6d234fef73bc2b19d8981471a5363b4dc64abf01a4f9aee30731c896ca8878fb,ORIGINAL_APPLICATION,game resource,MEDIUM
Payload/pool.app/Reward_Particle_Glow_Standard.png,False,2326,2326,2c27033b,c004e7e92d9342d510f044b6b8f25eeee8ca5054b1129e14e9b1cc46feee8923,ORIGINAL_APPLICATION,game resource,MEDIUM
Payload/pool.app/flag_PL-hd.png,False,424,424,2e76a478,c14b5b1469ad6e6fa813911d1f46d557be5abae3faa345cf36a3f194d19b4e56,ORIGINAL_APPLICATION,game resource,MEDIUM
Payload/pool.app/themeLogos3.plist,False,538,404,47ce1bba,af978331bbfe21def450029d5e1d13f38c1d18a6693f417842f9bac7bdd2c8bf,ORIGINAL_APPLICATION,game resource,MEDIUM
Payload/pool.app/ShopPromoCoins.ccbi,False,13299,3201,195a6be8,12a94905e5954613359c2daae3332adecebe0d40fa41cfd585bf85584eb3ed24,ORIGINAL_APPLICATION,game resource,MEDIUM
Payload/pool.app/CueCollectionPointsInfoWidget.ccbi,False,2909,1249,b3ec1425,1c3f4e546570c09e8462c81a6fa278f6d06bfe74844535bd2e783770fcd47616,ORIGINAL_APPLICATION,game resource,MEDIUM
Payload/pool.app/GameToastBallsPotted.ccbi,False,1179,741,d7ef3c59,855045236afde628ea8759acc8219cc1d53c92fbe870b680ce2e0f056a8dc710,ORIGINAL_APPLICATION,game resource,MEDIUM
Payload/pool.app/MCFHUDiPadBGAndroidShadow.plist,False,348,258,328ad309,77ff9a8c177b03fe0531ae36d9d9a440399e1ab20db4398ce751349f36f5aa6a,ORIGINAL_APPLICATION,game resource,MEDIUM
Payload/pool.app/MenuBoxesOpeningAnimationView.ccbi,False,7487,3318,f13f403b,54e0341ed8a0683302878f27cde455a4c0f5bcdadfb7b05b65362704b2e12768,ORIGINAL_APPLICATION,game resource,MEDIUM
Payload/pool.app/TheLostLuminousCueShopRight.plist,False,11801,8836,caf9a218,d709de6b5bbbacbea3a88c99697b353cd5cf33f1ac44c29729be017dc56ea575,ORIGINAL_APPLICATION,game resource,MEDIUM
Payload/pool.app/InventoryUpdateMsgBubble.ccbi,False,608,458,7ca2b3e9,614e5c3981f8c680e4e21c87d96064d7bc69e48458bfc1582346ad764faaa39b,ORIGINAL_APPLICATION,game resource,MEDIUM
Payload/pool.app/localization1_es-hd.plist,False,476,363,e43f83c0,48f8ad3f78c13c722f22fd98c158bbe9f751099295026326b5222d2a73063332,ORIGINAL_APPLICATION,game resource,MEDIUM
Payload/pool.app/AnimatedLoadingLabel.ccbi,False,510,369,51a3fc25,06b34b48974b48ff17741414a48cbd25c223bfb02a0da7bce2d8f26bda7fb4bc,ORIGINAL_APPLICATION,game resource,MEDIUM
Payload/pool.app/MainMenuTopBarWidget.ccbi,False,1279,680,f6c9f7da,4ebe08bc93fde733fe02b513dbe82750c018690afed61e6bfc54d497ab0364b5,ORIGINAL_APPLICATION,game resource,MEDIUM
Payload/pool.app/flag_AS-hd.png,False,980,980,df471394,9922031c75a83c6ed09e96eadc6a4af9e1ca0bf84e9e1f256498fd2ef6de70a4,ORIGINAL_APPLICATION,game resource,MEDIUM
Payload/pool.app/sfx_victoryBoxes_box_appears.mp3,False,24800,9668,eb3062ce,3f98517c49e406e717145cadce0c14896cb3e0acad73d38c4eabe132a7d1ba12,ORIGINAL_APPLICATION,game resource,MEDIUM
Payload/pool.app/CupWidget.ccbi,False,979,679,a3ed5a2f,544362abde3e2d8bcae5030a32b862877d6aa733f29405ba93580685e9dfe81d,ORIGINAL_APPLICATION,game resource,MEDIUM
Payload/pool.app/victoryBoxPro.plist,False,853,561,38720c8f,2f216d38ee3b64c77bf3b62bf090f576f5d8fcb30bf6b81ed6c21b70f32d37a4,ORIGINAL_APPLICATION,game resource,MEDIUM
Payload/pool.app/Splash-Landscape-iPhone-AnyWidth-AnyHeight@2x.png,False,10886,8503,591d6144,83e410953f6f3b6d8e5a06797e072b6cab2b0518599dac98799c802edcf271f1,ORIGINAL_APPLICATION,game resource,MEDIUM
Payload/pool.app/FriendsNodeSpectateRow.ccbi,False,1969,1154,02f0500d,821755bb13ad946423fbe720174fcdd6e3a13f1452667f1d3d0d76e1544050f0,ORIGINAL_APPLICATION,game resource,MEDIUM
Payload/pool.app/SocialNetworkButton.ccbi,False,3895,1523,8da48fce,1f97c465d2db074382f59aa24076740e5de0f085947ccffe4fb329d05a93cfb3,ORIGINAL_APPLICATION,game resource,MEDIUM
Payload/pool.app/SlotCueMissionListMissionContent.ccbi,False,3858,1919,5d93f3a5,cab10c24afb09389dc77a0185c46562c61eed23f5268a7c8c76499af5eff5f28,ORIGINAL_APPLICATION,game resource,MEDIUM
Payload/pool.app/flag_BM-hd.png,False,980,980,93d149be,60a32b57f9ae9f47f2b5569e6f34ac8452aa01664cbc10cdd71571b8946c79ba,ORIGINAL_APPLICATION,game resource,MEDIUM
Payload/pool.app/Result_Screen.skel,False,9808,2290,bc42bad7,86f3b99ae35f63d06097b3ed850f04c6e30097bb6d2dbe96b5a67711cae9eb70,ORIGINAL_APPLICATION,game resource,MEDIUM
Payload/pool.app/ShopPromo_Cards-hd.plist,False,1344,721,6af7bd4d,825d158cbc738d991cb3916a381f51bca0eff469e374edc6df1e00a309a307d2,ORIGINAL_APPLICATION,game resource,MEDIUM
Payload/pool.app/sfx_pocket.mp3,False,13837,8658,74e21009,e7d503f0263525e69753f2985052dfca0f544a69f1a33bd58d7dfb0b6b64ffb5,ORIGINAL_APPLICATION,game resource,MEDIUM
Payload/pool.app/imessenger-hd.plist,False,1211,752,75b6e849,ebadda8a010c369b6cb9c290a152c26c470c356e35b58c49de4d522dd63d7f7e,ORIGINAL_APPLICATION,game resource,MEDIUM
Payload/pool.app/OtherProductDefault.ccbi,False,594,422,09a0a515,c1187c7888189aafd9c5153dd035f7209d63eab24afeacd0db3101cfedf06460,ORIGINAL_APPLICATION,game resource,MEDIUM
Payload/pool.app/ps_pre_explosion.plist,False,8483,6307,282ead24,50c3c0841296719c966cd00674985d8f621998c56ff0e2ec3341bf73b87e01cd,ORIGINAL_APPLICATION,game resource,MEDIUM
Payload/pool.app/ClubsOverview_BottomShine.atlas,False,205,151,1e8cb4cb,197bee2f12f47ca32b485771873376526c57e2e0ad07f6568ecc6673040b945c,ORIGINAL_APPLICATION,game resource,MEDIUM
Payload/pool.app/MenuLeaderboardView.ccbi,False,4079,2083,211272a9,f4fdc602dacfdd7f5b7cd9d103f6ecb40faf7f6f4552fd471081438a5b4432e9,ORIGINAL_APPLICATION,game resource,MEDIUM
Payload/pool.app/ar_promo_text.plist,False,82152,29123,baab760c,f02c5cb1526cc122223e628f9baa90f6f965a0b98d30393ad4938ad26dbd0f1a,ORIGINAL_APPLICATION,game resource,MEDIUM
Payload/pool.app/SurpriseBoxesQuantityPopup.ccbi,False,2467,1251,d00f52c8,d3087d0ada7764d18ccf2026f59e906bb76c4b3e577a03ad08cdd0b2e9b4cd71,ORIGINAL_APPLICATION,game resource,MEDIUM
Payload/pool.app/Epic_Glow.png,False,500,500,348852a3,02788ed70c6763baef169b635edac5728d21bd5736f0dff0fb36646326cdadcc,ORIGINAL_APPLICATION,game resource,MEDIUM
Payload/pool.app/Shop-Promo-Card-SB-Legendary-B-hd.png,False,1358,1358,16d23c3b,83b0c8d5391eb6a77373f56c173f4598c6e46bf4323113001f47b3c0e221c0f3,ORIGINAL_APPLICATION,game resource,MEDIUM
Payload/pool.app/flag_KY-hd.png,False,970,970,eab0c528,d7017dd965084e893a28450bb258d72b79c56441af03bae0735e56b3c827796c,ORIGINAL_APPLICATION,game resource,MEDIUM
Payload/pool.app/Champion_Medal_3.skel,False,1967,768,377cc6b2,356b9a7fb3b792ce635eda4c269a897684a1a2736af9818abe9e13ea853bd3e5,ORIGINAL_APPLICATION,game resource,MEDIUM
Payload/pool.app/FramedSpriteScratchersFrameDesc.plist,False,208,182,b0efced1,5558b52330a4494b8f8f203ed1ec7263ea49286f3bf4f40c4ab3c8a74477ab5b,ORIGINAL_APPLICATION,game resource,MEDIUM
Payload/pool.app/SurpriseBoxes_CardCounter-hd.png,False,1370,1370,c2fae4b2,d585812bce4e2dc4788c5cc3bce3265b63f0c9ac81555cca91c218025e0c9cd6,ORIGINAL_APPLICATION,game resource,MEDIUM
Payload/pool.app/tableCushions.png,False,1186,1186,86c2b856,f6807427197085747b841c8ffdfd8635da256fc36beafac022619e0169305c5f,ORIGINAL_APPLICATION,game resource,MEDIUM
Payload/pool.app/40072_productIcon-hd.png,False,13866,13866,b7d12f1c,c2da179d2f536b73c741c5f01d8d7c4d15553ab99f8ca53adef5ddef85dc1785,ORIGINAL_APPLICATION,game resource,MEDIUM
Payload/pool.app/Spin_Introduction_Particle.png,False,556,556,e986073d,01a48de9f9e82cc5f6784d22eea6039248f2181b3afe42587822ffddb6715153,ORIGINAL_APPLICATION,game resource,MEDIUM
Payload/pool.app/flag_LT-hd.png,False,514,514,e8970ebf,7847bcd83e5e14d68745b1a764fff6fdaec1133d6369c9fd4f44e0ddbde66cef,ORIGINAL_APPLICATION,game resource,MEDIUM
Payload/pool.app/Particle_Big_Glow.plist,False,65418,49291,4ff05cd3,3c7f24ff8bc6bb15cf70fb4c7f6dd460a58f36f62b2a96b6d9a56fae7b4c0893,ORIGINAL_APPLICATION,game resource,MEDIUM
Payload/pool.app/PollPass_CollectButton.png,False,818,818,ba2a73ff,9d1e7d26597536b783298d7bff3d6cc483692a80297d6b024ad4663301e178f0,ORIGINAL_APPLICATION,game resource,MEDIUM
Payload/pool.app/MCFSGenericDarkScrollFrame.plist,False,350,259,cda0cd5c,020d0d0ed0cfa354b4cfbff01debb1d13d956aacfeb786a260955d4c91af776a,ORIGINAL_APPLICATION,game resource,MEDIUM
Payload/pool.app/shopAvatars-hd.plist,False,540,338,0cf7b997,d8fd374ad331139ddb3dcc270ac5c9ef416dab3066fcf4cd4cfe87acaa47a301,ORIGINAL_APPLICATION,game resource,MEDIUM
Payload/pool.app/CueCollectionCommon.png,False,231520,231500,0ea7c92b,c5c439bf5e31d30b0733ff9d9b5775dcda6ea7ed506a2a6bb03d86f4deffb7ba,ORIGINAL_APPLICATION,game resource,MEDIUM
Payload/pool.app/LeagueInfoNode.ccbi,False,4143,2053,2d48fdac,24b2d8f11a5cc0b4ef2ad7692368e1dc06f1a06ae015923260688dd1096390d1,ORIGINAL_APPLICATION,game resource,MEDIUM
Payload/pool.app/ShopPromo_CurrencyWidget-hd.png,False,1442,1442,5a7c070f,c8f264065e94df469048ea936491c7a7199699c57f13613d8250c9e7f4f9a5d0,ORIGINAL_APPLICATION,game resource,MEDIUM
Payload/pool.app/General-hd.png,False,98726,97265,00692461,30b676d6379701791f62fcb710a3e40fb812318891b5f342473b4b2cf72d11f9,ORIGINAL_APPLICATION,game resource,MEDIUM
Payload/pool.app/Rare_Particles.png,False,556,556,e986073d,01a48de9f9e82cc5f6784d22eea6039248f2181b3afe42587822ffddb6715153,ORIGINAL_APPLICATION,game resource,MEDIUM
Payload/pool.app/Progression.png,False,1524,1524,b7404c79,9064800b5bd41aff077349b1b4d9272219448e42353fc4945afcd502f38e3a13,ORIGINAL_APPLICATION,game resource,MEDIUM
Payload/pool.app/androidHud.png,False,1086,1086,d84044c7,6a50d0b90a70e1f4700a8cf55b9f56f3648d5869d4b69da3145cbb7f2df7f46a,ORIGINAL_APPLICATION,game resource,MEDIUM
Payload/pool.app/GamePowerTutorialIndicator.ccbi,False,2495,1099,e49927aa,b32947a4dba5c195a672d150885b56c1c126fc4effcd950f054636e00c5b701c,ORIGINAL_APPLICATION,game resource,MEDIUM
Payload/pool.app/pt.lproj/,True,0,0,00000000,,ORIGINAL_APPLICATION,bundle metadata / localization,HIGH
Payload/pool.app/pt.lproj/strings.strings,False,73,67,271593cb,f55c7db739fba8921e60443a61281f0e76276e114b11f6a841b57c1bf96fdbb5,ORIGINAL_APPLICATION,bundle metadata / localization,HIGH
Payload/pool.app/TournamentWithFriends-hd.plist,False,1060,689,9d67b7ac,f1e77eede1752e95993aa9dff2acaede93a830da999bf9b28440603fde8e4baa,ORIGINAL_APPLICATION,game resource,MEDIUM
Payload/pool.app/TierRingDefault.ccbi,False,147,126,910a06d9,9d2f8377d99207be669588162376b4edcd0439b416b0e5f367c4cab13d75b3a0,ORIGINAL_APPLICATION,game resource,MEDIUM
Payload/pool.app/VictoryBox_GreenArrow.skel,False,935,417,c8d6ab86,428e715bc1eeda5b73b3a7a20367ee693c010091b4b93d3764dd2baa68cb3c95,ORIGINAL_APPLICATION,game resource,MEDIUM
Payload/pool.app/CueMastery-FeatureUnlock.png,False,57070,57080,194be63a,1b26ed6210e568a0788d0f93c9d785e9e2d4799af87fd2c27e359a72ed983a58,ORIGINAL_APPLICATION,game resource,MEDIUM
Payload/pool.app/GenericCuePiecesClaimButtons.ccbi,False,2708,1284,1fc268a6,14ebdf7b6c8851d07c6bc545f1920b31cbefe87b05dff7978673e025f3dfd8e2,ORIGINAL_APPLICATION,game resource,MEDIUM
Payload/pool.app/flag_MZ-hd.png,False,828,828,4dbe809d,414852f43c1bf95fa43e4915e52282dc53fdd2ab04f8f80010a92ce03c3c3717,ORIGINAL_APPLICATION,game resource,MEDIUM
Payload/pool.app/themeLogos1.plist,False,1678,962,7eef066a,732242f14f206bd72b3c079ddd761db744870f98e4756ee530de23aa0e98e3fd,ORIGINAL_APPLICATION,game resource,MEDIUM
Payload/pool.app/sfx_victoryBoxes_box_youGotCard_6.mp3,False,10048,6718,a8783eb5,a3f3d4f0f74c6a22ec87c8a915e789ea244cbd9b69c1086883e63823591d9f55,ORIGINAL_APPLICATION,game resource,MEDIUM
Payload/pool.app/ProductNodesBoxes.plist,False,391,302,6a3799e3,dfa855e5770e03718be44e83be112d96a45ea6f6b37d6db3c2a6800d9a4ede49,ORIGINAL_APPLICATION,game resource,MEDIUM
Payload/pool.app/TemporaryEventTimer.ccbi,False,2031,1091,6e9c836d,d934a4bc540ce0f49cbca46ff3190c162501d0b66a9d9bacf7986ba5f9657a02,ORIGINAL_APPLICATION,game resource,MEDIUM
Payload/pool.app/Particle_Stats_Impact.png,False,556,556,e986073d,01a48de9f9e82cc5f6784d22eea6039248f2181b3afe42587822ffddb6715153,ORIGINAL_APPLICATION,game resource,MEDIUM
Payload/pool.app/ClubsOverview_ConnectingLine.json,False,1829,497,69cd5567,8ee24dd14eb8e4a31392953f051604e537c36f20fc91178b763f50f92c6dcfb4,ORIGINAL_APPLICATION,game resource,MEDIUM
Payload/pool.app/flag_TG.png,False,476,476,7a44ae00,cb4ce97839bd142bec5ead6a5f21069d6509abbbbef4cbd326d12047530d43a3,ORIGINAL_APPLICATION,game resource,MEDIUM
Payload/pool.app/MCFSGenericGreyButton.plist,False,333,249,ea14516b,79973953550140fb7eeb5876d695eb5cabb8ef36f899fc60e5b91a0e6993b596,ORIGINAL_APPLICATION,game resource,MEDIUM
Payload/pool.app/LeagueChangedPopup.ccbi,False,6122,2868,0f896f1c,9df0d2c02a6abf233d1073e0c0fb8fc04b43c3f7f85761affb3f168df3ba1bca,ORIGINAL_APPLICATION,game resource,MEDIUM
Payload/pool.app/imessenger-ipadhd.plist,False,1233,771,2b34afa2,75d7c5476f46126bfc389475b608535a9061bf76e308bb283d220ba8771b01e0,ORIGINAL_APPLICATION,game resource,MEDIUM
Payload/pool.app/CheeringOverlay.ccbi,False,5078,2620,a6743d38,9265d84412b43885b35bc3d2a8c7be468f0d1a51a477591f721103409d3d2330,ORIGINAL_APPLICATION,game resource,MEDIUM
Payload/pool.app/MenuPlaySomeoneNewStackView.ccbi,False,3879,1895,1e2445b9,5df018207658c0e4385472f5019a4cdda9c3d78599d020db7a45ef3dfbd6c9df,ORIGINAL_APPLICATION,game resource,MEDIUM
Payload/pool.app/surpriseBoxes.plist,False,4295,1926,dcd82635,bf26f64e1b2641a9ae6ec04e2c7f38f37f006d2f265e923f4a0219469c35b19b,ORIGINAL_APPLICATION,game resource,MEDIUM
Payload/pool.app/HSF_Shop_Big_tabs_Frame_Bottom.plist,False,136,112,35349b62,a15da19e50185b93d8891724c14d2c8a397a9a982fb350072169613547a1e537,ORIGINAL_APPLICATION,game resource,MEDIUM
Payload/pool.app/flag_IE-hd.png,False,528,528,e55fa5bf,9517809434cc4af66811e9067416434f2c04e3242d345dd0dd2d92e725c550a7,ORIGINAL_APPLICATION,game resource,MEDIUM
Payload/pool.app/flag_MV-hd.png,False,684,684,92dafd8e,f128319a0180488c0e717357f6bbac8c11a605b221b2e240310108aca42f9a76,ORIGINAL_APPLICATION,game resource,MEDIUM
Payload/pool.app/ball15.png,False,874,874,a3c3e0ca,708ebf38e7233b8b596f4b89849b6cc13f0d5631064787e6fbb6a7880e80b91d,ORIGINAL_APPLICATION,game resource,MEDIUM
Payload/pool.app/DailyMissionOverarchingMissionNode.ccbi,False,2650,1403,7409547c,2878094863284ed5f38018e6d4078a4f0cb92d3274ba2102613038f39391d8b4,ORIGINAL_APPLICATION,game resource,MEDIUM
Payload/pool.app/BG-Tournaments-Barcelona.png,False,13036,13036,bb3082b6,3c122d405edef29d1ceac9a9fd8ee3ff2e8d06ad07a0f0c1098ddd6aeb3b8917,ORIGINAL_APPLICATION,game resource,MEDIUM
Payload/pool.app/MainMenu_Box-hd.png,False,2904,2904,59f0c670,72246680decb85d67b7168d988fb26cd97c862ec3dc830eff9c21564ac01ebf0,ORIGINAL_APPLICATION,game resource,MEDIUM
Payload/pool.app/ball7-hd.png,False,1060,1060,f933d94a,936057ce641c2dc14b4bd0484eb8110a7ac5dc535bb47952d96573aff72534ea,ORIGINAL_APPLICATION,game resource,MEDIUM
Payload/pool.app/SpectateBrowserTabContent.ccbi,False,1991,1145,94e25a6c,0c005ca789b96c628527ecd89693d5fad0d85ba03514e0dec99164bd5e522fa8,ORIGINAL_APPLICATION,game resource,MEDIUM
Payload/pool.app/flag_ME.png,False,376,376,99744d12,b902d80da1f50de896e3caba5d23e81a2b4f68ba12d469d545540f0b0ec54b07,ORIGINAL_APPLICATION,game resource,MEDIUM
Payload/pool.app/MCFSShopBigTabsFrameSubscription.plist,False,344,262,9cca0992,fcd5ef806160ba4a7e4472bdb72fc49c9c71eb0ab719b36b0515418917f8bab9,ORIGINAL_APPLICATION,game resource,MEDIUM
Payload/pool.app/flag_LA.png,False,446,446,cee464b0,4a1127738f5dc0e485c306f3e28af8961d6de88e0d0af5a1976f6f833ac5b6c5,ORIGINAL_APPLICATION,game resource,MEDIUM
Payload/pool.app/GenericTabButton.ccbi,False,1162,711,8f71c633,52861b29c404e57f6d09bf5ac8cfdb88756dea4f0133ee1bd703869318f78b93,ORIGINAL_APPLICATION,game resource,MEDIUM
Payload/pool.app/flag_NI.png,False,422,422,b5288d8a,18241f4b991b5e01ef72b3613d4575641f098b186242e6e7142bedcf02fabf16,ORIGINAL_APPLICATION,game resource,MEDIUM
Payload/pool.app/flag_MR.png,False,434,434,d6250982,54c45b9234ab8c03059b55eff824301e6b230ed347b3c6929c21d7a45eda8b56,ORIGINAL_APPLICATION,game resource,MEDIUM
Payload/pool.app/BG_Particles_2.png,False,556,556,e986073d,01a48de9f9e82cc5f6784d22eea6039248f2181b3afe42587822ffddb6715153,ORIGINAL_APPLICATION,game resource,MEDIUM
Payload/pool.app/flag_OM.png,False,364,364,52d2967c,60c5506420d1bbc7cc903911a187aa37ae21b75585275966e6911a649724ad8b,ORIGINAL_APPLICATION,game resource,MEDIUM
Payload/pool.app/MenuFriendsNew.ccbi,False,5534,2519,161f77c4,c8dfd38377dded5213bf680267a2a5da32da4e5724751437d37ea17e51bca88e,ORIGINAL_APPLICATION,game resource,MEDIUM
Payload/pool.app/flag_LV.png,False,324,324,22b96811,1645238b5f19acf980669fe7c5552da57690f30aaf920a7c329470a14418373d,ORIGINAL_APPLICATION,game resource,MEDIUM
Payload/pool.app/spinWheelDaily_bundled.plist,False,2559,1363,9a4d472a,e300957cb268ac477fce170f418869fcdd835ef64859b8986769c36066870145,ORIGINAL_APPLICATION,game resource,MEDIUM
Payload/pool.app/particleTexture2.png,False,5264,5264,e0a731d7,70dd13914616d7e81228f10a7557fdc03b511ce39ffcf8b6597660d4a2d6d155,ORIGINAL_APPLICATION,game resource,MEDIUM
Payload/pool.app/InfoContentFullscreenTemplate.ccbi,False,2365,1098,483415e1,da4145f426cd7f711aa28fb48c2a7833ab6d92860bc9dba41ed8a32503bf8567,ORIGINAL_APPLICATION,game resource,MEDIUM
Payload/pool.app/flag_AF.png,False,410,410,516dd4c0,a31b07c9950683b9c4a68790ac24f8661be6b36f20510dc282b6c35d9cf44508,ORIGINAL_APPLICATION,game resource,MEDIUM
Payload/pool.app/Frameworks/,True,0,0,00000000,,THIRD_PARTY,embedded SDK framework,HIGH
Payload/pool.app/Frameworks/libloader.framework/,True,0,0,00000000,,CUSTOM_OVERLAY,injected loader bundle,HIGH
Payload/pool.app/Frameworks/libloader.framework/_CodeSignature/,True,0,0,00000000,,CUSTOM_OVERLAY,injected loader bundle,HIGH
Payload/pool.app/Frameworks/libloader.framework/_CodeSignature/CodeResources,False,2728,652,66266d90,072208478b3d300db59d5fdb93a3b6c8576b9f7d430c00b809f18901e9bd1ac8,CUSTOM_OVERLAY,injected loader bundle,HIGH
Payload/pool.app/Frameworks/libloader.framework/libloader,False,11493804,3735424,55f424ef,b7f970a8b9faa84b9614055f7966a41975777b360a3abe57ddf5e9b6c71df250,CUSTOM_OVERLAY,injected loader bundle,HIGH
Payload/pool.app/Frameworks/libloader.framework/Info.plist,False,403,299,877c4a9c,68368882e9fde09a723cff633bd692572704f75438d28ecd39e8a0e688112bfa,CUSTOM_OVERLAY,injected loader bundle,HIGH
Payload/pool.app/Frameworks/DTBiOSSDK.framework/,True,0,0,00000000,,THIRD_PARTY,embedded SDK framework,HIGH
Payload/pool.app/Frameworks/DTBiOSSDK.framework/_CodeSignature/,True,0,0,00000000,,THIRD_PARTY,embedded SDK framework,HIGH
Payload/pool.app/Frameworks/DTBiOSSDK.framework/_CodeSignature/CodeResources,False,6022,1575,a6265553,08aec67cb58db363555abc0fb5e25301946a43ebd72c2b00033206a880baa903,THIRD_PARTY,embedded SDK framework,HIGH
Payload/pool.app/Frameworks/DTBiOSSDK.framework/mraid_close@2x.png,False,6722,6034,994a9bc8,bdd49b3a13aeb1b5d8bb73dc59886b4086be49bb1da85b238da969cfe314a5c6,THIRD_PARTY,embedded SDK framework,HIGH
Payload/pool.app/Frameworks/DTBiOSSDK.framework/DTBAdInterstitialViewController.nib,False,3492,1890,76fee76d,395cb87640ff83bf6df02c9b6bd45518d785d32f486a9b365e62908faa833357,THIRD_PARTY,embedded SDK framework,HIGH
Payload/pool.app/Frameworks/DTBiOSSDK.framework/omid-session-client-v1.js,False,69821,13289,a3e0e397,4dedc9af97ba6d9c094d6078b007e002f0033542a3fc9f65ea72722588d159dc,THIRD_PARTY,embedded SDK framework,HIGH
Payload/pool.app/Frameworks/DTBiOSSDK.framework/aps-mraid.js,False,11530,3842,4ded26e3,a28568f9ad4549a8e99fe5d96996b5b64569dcf5cda9d8c5cc8b697a9c9c31bd,THIRD_PARTY,embedded SDK framework,HIGH
Payload/pool.app/Frameworks/DTBiOSSDK.framework/mraid_close@3x.png,False,8583,8291,2ae4ef12,5b401b017b1d51ee9f4abee73c96a8939b6c1c4b70a8dac126ed8e6ed226acd6,THIRD_PARTY,embedded SDK framework,HIGH
Payload/pool.app/Frameworks/DTBiOSSDK.framework/mraid_close.png,False,4332,3471,74b24326,77ece600caa7c03d144a09655028d0ccda508f43dcae7e1e2d590cf1d6f5fcbd,THIRD_PARTY,embedded SDK framework,HIGH
Payload/pool.app/Frameworks/DTBiOSSDK.framework/DTBiOSSDK,False,1850224,590659,ce1b7f01,fd3de21fb2829b41170367c4f9cee149fd88e3a809ab621fee19f4b32135df81,THIRD_PARTY,embedded SDK framework,HIGH
Payload/pool.app/Frameworks/DTBiOSSDK.framework/aps_mobile_client_config.json,False,628,311,04e54b8f,017a216fe8339080ac5e8d1396e0de6f5afe5eeca29a64de32fa56e58e62c687,THIRD_PARTY,embedded SDK framework,HIGH
Payload/pool.app/Frameworks/DTBiOSSDK.framework/dtb-m.js,False,74591,21810,72cd325b,e92584b575d1408665507202d78a3263a98f34be2453539a20426f0959bbd726,THIRD_PARTY,embedded SDK framework,HIGH
Payload/pool.app/Frameworks/DTBiOSSDK.framework/omsdk-v1.js,False,46064,15161,f63eae95,c1d1e8f99c48af97854acf24823f10da3a2b3d9cd2b62dff3c93b9f61937451c,THIRD_PARTY,embedded SDK framework,HIGH
Payload/pool.app/Frameworks/DTBiOSSDK.framework/PrivacyInfo.xcprivacy,False,2085,395,d6b5f298,0594f5bd88b171f1c0d812399c2a1226943a6911f389a5acd76bad01567e7342,THIRD_PARTY,embedded SDK framework,HIGH
Payload/pool.app/Frameworks/DTBiOSSDK.framework/DTBTwoPartExpandedViewController.nib,False,3407,1854,d85a5bab,e49e53bf932b9b432102d5d29611c56164520a6129abf1bfb3424fd43f0ad639,THIRD_PARTY,embedded SDK framework,HIGH
Payload/pool.app/Frameworks/DTBiOSSDK.framework/Info.plist,False,792,570,29a8b78f,bab9b4a679f72e08e441f2ef96fc2381c69767e1641eaa912b284b5935a742f7,THIRD_PARTY,embedded SDK framework,HIGH
Payload/pool.app/Frameworks/GoogleDataTransport.framework/,True,0,0,00000000,,THIRD_PARTY,embedded SDK framework,HIGH
Payload/pool.app/Frameworks/GoogleDataTransport.framework/_CodeSignature/,True,0,0,00000000,,THIRD_PARTY,embedded SDK framework,HIGH
Payload/pool.app/Frameworks/GoogleDataTransport.framework/_CodeSignature/CodeResources,False,3506,835,7970c572,77b91e0a0aefcc825d06263153df0d894aa96da9ef71ca06e38232b6da806904,THIRD_PARTY,embedded SDK framework,HIGH
Payload/pool.app/Frameworks/GoogleDataTransport.framework/GoogleDataTransport,False,35584,4314,bf8ae8e7,83b6517640b3d4bbe843117685f4f0e546a0687a3d791f074b78e95fdd6e4448,THIRD_PARTY,embedded SDK framework,HIGH
Payload/pool.app/Frameworks/GoogleDataTransport.framework/GoogleDataTransport_Privacy.bundle/,True,0,0,00000000,,THIRD_PARTY,embedded SDK framework,HIGH
Payload/pool.app/Frameworks/GoogleDataTransport.framework/GoogleDataTransport_Privacy.bundle/PrivacyInfo.xcprivacy,False,1105,321,e62c60ad,cfbb3c4f76a66d53698bae91f7110c00f2148e6e6f13ad7d32592909bc010e51,THIRD_PARTY,embedded SDK framework,HIGH
Payload/pool.app/Frameworks/GoogleDataTransport.framework/GoogleDataTransport_Privacy.bundle/Info.plist,False,805,571,42d682f2,c03c38e59bed9b40d7c965707217c17ff6872b2e728dfd4c1f1afb6963d6a4ff,THIRD_PARTY,embedded SDK framework,HIGH
Payload/pool.app/Frameworks/GoogleDataTransport.framework/Info.plist,False,854,609,34a3af76,58b4695a9850788f78bba8d48f611fb95d2dddd9c386cc5f907fa798fb60842f,THIRD_PARTY,embedded SDK framework,HIGH
Payload/pool.app/Frameworks/InMobiSDK.framework/,True,0,0,00000000,,THIRD_PARTY,embedded SDK framework,HIGH
Payload/pool.app/Frameworks/InMobiSDK.framework/im_unmute.png,False,947,947,e1e9ea8d,0ab025055abab9df44b100ab975ed302ee5831c123f770a4e28f564696733598,THIRD_PARTY,embedded SDK framework,HIGH
Payload/pool.app/Frameworks/InMobiSDK.framework/_CodeSignature/,True,0,0,00000000,,THIRD_PARTY,embedded SDK framework,HIGH
Payload/pool.app/Frameworks/InMobiSDK.framework/_CodeSignature/CodeResources,False,3872,980,35f9e982,4c1e16312ce4a5b8166fa98e468ecd4e6a0bcdc93da4219e64f48f4000ff07d9,THIRD_PARTY,embedded SDK framework,HIGH
Payload/pool.app/Frameworks/InMobiSDK.framework/im_mute.png,False,879,879,9f5004fd,ea2e617263dd9baa8a3b18b1c86fecaec88781ed72e18916d0194968b10abb12,THIRD_PARTY,embedded SDK framework,HIGH
Payload/pool.app/Frameworks/InMobiSDK.framework/InMobiSDK,False,6621120,2264118,861e985a,4ce4d9e30d40b14bb1564ecf144b075f49d838b89c976d44aa0e2e29d8e632d2,THIRD_PARTY,embedded SDK framework,HIGH
Payload/pool.app/Frameworks/InMobiSDK.framework/im_play.png,False,773,490,98e61742,a271a22dad4b7cec916be3af1212a28d6196d2e2b3d16e6f1a580133bbb36f2f,THIRD_PARTY,embedded SDK framework,HIGH
Payload/pool.app/Frameworks/InMobiSDK.framework/PrivacyInfo.xcprivacy,False,941,306,2163e506,d15e81dc1015c780149164587b506062e4927004b88f92758930a1cfc12c80e9,THIRD_PARTY,embedded SDK framework,HIGH
Payload/pool.app/Frameworks/InMobiSDK.framework/Info.plist,False,819,583,d695bab1,eb00ec97dd787092ab5c1b6e6db32b6ed1767e28e302c81d420283fd86f39d19,THIRD_PARTY,embedded SDK framework,HIGH
Payload/pool.app/Frameworks/FirebaseCrashlytics.framework/,True,0,0,00000000,,THIRD_PARTY,embedded SDK framework,HIGH
Payload/pool.app/Frameworks/FirebaseCrashlytics.framework/_CodeSignature/,True,0,0,00000000,,THIRD_PARTY,embedded SDK framework,HIGH
Payload/pool.app/Frameworks/FirebaseCrashlytics.framework/_CodeSignature/CodeResources,False,3506,832,fc8f6cde,45d3b44a13668f415536d5d32a2f110dd114f21b06e99e58b063866dce114e09,THIRD_PARTY,embedded SDK framework,HIGH
Payload/pool.app/Frameworks/FirebaseCrashlytics.framework/FirebaseCrashlytics,False,35584,4312,43887ad6,d2deaae7728678dd92b28fcc59b0ca451f22fa75a21b13b67411609a2b41423f,THIRD_PARTY,embedded SDK framework,HIGH
Payload/pool.app/Frameworks/FirebaseCrashlytics.framework/FirebaseCrashlytics_Privacy.bundle/,True,0,0,00000000,,THIRD_PARTY,embedded SDK framework,HIGH
Payload/pool.app/Frameworks/FirebaseCrashlytics.framework/FirebaseCrashlytics_Privacy.bundle/PrivacyInfo.xcprivacy,False,1383,367,62a17571,e9bcc6e9c7382bf506cadabe74cfd4ed155686806ba81c195a634b86aa5fcce0,THIRD_PARTY,embedded SDK framework,HIGH
Payload/pool.app/Frameworks/FirebaseCrashlytics.framework/FirebaseCrashlytics_Privacy.bundle/Info.plist,False,806,574,30c4ffa4,b4a3c16aec6c7e46481d0b63a92b9c42d14c09387d39ca8c1bec4e7f80900eea,THIRD_PARTY,embedded SDK framework,HIGH
Payload/pool.app/Frameworks/FirebaseCrashlytics.framework/Info.plist,False,855,609,ad4bbe17,f143a481a4f0ed760c165d121abfed53bee8771e571d6150f96e1de15f5dad08,THIRD_PARTY,embedded SDK framework,HIGH
Payload/pool.app/Frameworks/GoogleAppMeasurement.framework/,True,0,0,00000000,,THIRD_PARTY,embedded SDK framework,HIGH
Payload/pool.app/Frameworks/GoogleAppMeasurement.framework/_CodeSignature/,True,0,0,00000000,,THIRD_PARTY,embedded SDK framework,HIGH
Payload/pool.app/Frameworks/GoogleAppMeasurement.framework/_CodeSignature/CodeResources,False,2794,662,23388988,00c4795ef026590e3cd6ab56752addfc8aa735d2c1315d79b9094adf84d7fde4,THIRD_PARTY,embedded SDK framework,HIGH
Payload/pool.app/Frameworks/GoogleAppMeasurement.framework/GoogleAppMeasurement,False,35584,4315,266325fa,eccfd1440fa9b53a32c29bf8945a4df91f1df9d45eef29d98553a58b8270652f,THIRD_PARTY,embedded SDK framework,HIGH
Payload/pool.app/Frameworks/GoogleAppMeasurement.framework/Info.plist,False,857,604,52991852,7e0e010f681922eae198e23db242e42d8b0ed735e1b07c4ece663a35fe558c02,THIRD_PARTY,embedded SDK framework,HIGH
Payload/pool.app/Frameworks/FBLPromises.framework/,True,0,0,00000000,,THIRD_PARTY,embedded SDK framework,HIGH
Payload/pool.app/Frameworks/FBLPromises.framework/_CodeSignature/,True,0,0,00000000,,THIRD_PARTY,embedded SDK framework,HIGH
Payload/pool.app/Frameworks/FBLPromises.framework/_CodeSignature/CodeResources,False,3426,828,dc5c12aa,642170c30a0d78870167e9a29773a6e9c82b1c637064c63aee3eefc9fcd2192c,THIRD_PARTY,embedded SDK framework,HIGH
Payload/pool.app/Frameworks/FBLPromises.framework/FBLPromises_Privacy.bundle/,True,0,0,00000000,,THIRD_PARTY,embedded SDK framework,HIGH
Payload/pool.app/Frameworks/FBLPromises.framework/FBLPromises_Privacy.bundle/PrivacyInfo.xcprivacy,False,373,224,2a67f270,74b0cd72fc23c1ef302f22ee2753f61817cdc5af0ff7a7f2d0632b524fb8acea,THIRD_PARTY,embedded SDK framework,HIGH
Payload/pool.app/Frameworks/FBLPromises.framework/FBLPromises_Privacy.bundle/Info.plist,False,787,571,55a9cb68,89f9c2c6291b9483966a8006b3d5c4b73cba210fee6d545b9cb3f6097bd6d5ce,THIRD_PARTY,embedded SDK framework,HIGH
Payload/pool.app/Frameworks/FBLPromises.framework/FBLPromises,False,35568,4319,9bb8b480,8873a298de993720b96a34d9221e02af96feec216873b4fae2817172f3369f7e,THIRD_PARTY,embedded SDK framework,HIGH
Payload/pool.app/Frameworks/FBLPromises.framework/Info.plist,False,835,599,37cdedbd,a0ee8d69ba72232228c9fc2831b2a5eceaba6f7d1177894c0de7f226b1572552,THIRD_PARTY,embedded SDK framework,HIGH
Payload/pool.app/Frameworks/libswift_Concurrency.dylib,False,417072,130931,b499772b,2f6bf40708648689d451a34d0800ee4f03165f9ae951442e7a22fb39b0af5575,THIRD_PARTY,embedded SDK framework,HIGH
Payload/pool.app/Frameworks/FirebaseCoreInternal.framework/,True,0,0,00000000,,THIRD_PARTY,embedded SDK framework,HIGH
Payload/pool.app/Frameworks/FirebaseCoreInternal.framework/_CodeSignature/,True,0,0,00000000,,THIRD_PARTY,embedded SDK framework,HIGH
Payload/pool.app/Frameworks/FirebaseCoreInternal.framework/_CodeSignature/CodeResources,False,3516,833,2e4ad4de,4cdaf79fc9c45f18978638f10983598d89a5a95729467ac24fa4e1b5fbb36462,THIRD_PARTY,embedded SDK framework,HIGH
Payload/pool.app/Frameworks/FirebaseCoreInternal.framework/FirebaseCoreInternal_Privacy.bundle/,True,0,0,00000000,,THIRD_PARTY,embedded SDK framework,HIGH
Payload/pool.app/Frameworks/FirebaseCoreInternal.framework/FirebaseCoreInternal_Privacy.bundle/PrivacyInfo.xcprivacy,False,855,299,10470de0,5b7fe979423dede3e08afc29a42f00f6086275dc548a84c29774235863eed3ef,THIRD_PARTY,embedded SDK framework,HIGH
Payload/pool.app/Frameworks/FirebaseCoreInternal.framework/FirebaseCoreInternal_Privacy.bundle/Info.plist,False,808,574,5782d719,bbd027340429215ebc77aa8df4b2d9a1517252fd1d3899845d3f47675ab1f5e3,THIRD_PARTY,embedded SDK framework,HIGH
Payload/pool.app/Frameworks/FirebaseCoreInternal.framework/FirebaseCoreInternal,False,35584,4314,c7382757,52015bbb8a682b28d96c99282737f64b5ef2a6134d8aefe445e7200c31e26959,THIRD_PARTY,embedded SDK framework,HIGH
Payload/pool.app/Frameworks/FirebaseCoreInternal.framework/Info.plist,False,857,602,7f4031e6,b241b8af9bc81d8d14a9b4c23d37bab9e45f4394ec94af6c5fb027a8585ac99d,THIRD_PARTY,embedded SDK framework,HIGH
Payload/pool.app/Frameworks/FirebaseCore.framework/,True,0,0,00000000,,THIRD_PARTY,embedded SDK framework,HIGH
Payload/pool.app/Frameworks/FirebaseCore.framework/_CodeSignature/,True,0,0,00000000,,THIRD_PARTY,embedded SDK framework,HIGH
Payload/pool.app/Frameworks/FirebaseCore.framework/_CodeSignature/CodeResources,False,3436,828,73d34f64,afa701b0fa49f3d06649ff2242b46a70e8cded7541988d8ff7fc70f23d0eeb11,THIRD_PARTY,embedded SDK framework,HIGH
Payload/pool.app/Frameworks/FirebaseCore.framework/FirebaseCore_Privacy.bundle/,True,0,0,00000000,,THIRD_PARTY,embedded SDK framework,HIGH
Payload/pool.app/Frameworks/FirebaseCore.framework/FirebaseCore_Privacy.bundle/PrivacyInfo.xcprivacy,False,855,299,0327772a,11e31f5f6b60e80ebd5901549fce5043f9af3e683f874022945000b405306c3f,THIRD_PARTY,embedded SDK framework,HIGH
Payload/pool.app/Frameworks/FirebaseCore.framework/FirebaseCore_Privacy.bundle/Info.plist,False,792,572,ac9e1511,56b52286f01ebcb4c3087d934f5f985660243ddfc9c14a73bc3215c342739057,THIRD_PARTY,embedded SDK framework,HIGH
Payload/pool.app/Frameworks/FirebaseCore.framework/FirebaseCore,False,35568,4316,08fbbb80,48944edce34178908f9c60a27d64c17e7f494f5392d17fd644b09b156be1b9bf,THIRD_PARTY,embedded SDK framework,HIGH
Payload/pool.app/Frameworks/FirebaseCore.framework/Info.plist,False,839,593,c7bbb628,1621759c2272bd862ea71e03db277f180fbb757194dff281e7f7998fd04dfa0e,THIRD_PARTY,embedded SDK framework,HIGH
Payload/pool.app/Frameworks/FirebaseSessions.framework/,True,0,0,00000000,,THIRD_PARTY,embedded SDK framework,HIGH
Payload/pool.app/Frameworks/FirebaseSessions.framework/_CodeSignature/,True,0,0,00000000,,THIRD_PARTY,embedded SDK framework,HIGH
Payload/pool.app/Frameworks/FirebaseSessions.framework/_CodeSignature/CodeResources,False,2770,656,b66ffa0f,53d524acdf7264645ea42629260fdcf011d45949587c650d2488532982def061,THIRD_PARTY,embedded SDK framework,HIGH
Payload/pool.app/Frameworks/FirebaseSessions.framework/FirebaseSessions,False,35584,4320,d6396e15,d51219ea09f254badf4947299b9ba91414db94f3b2caa254326a42d0a027eaf3,THIRD_PARTY,embedded SDK framework,HIGH
Payload/pool.app/Frameworks/FirebaseSessions.framework/Info.plist,False,849,603,786e5468,36e25c203c21e02a061786b543a1964d407aeec4b61cfbbdb50f541b12982b39,THIRD_PARTY,embedded SDK framework,HIGH
Payload/pool.app/Frameworks/FirebaseAnalytics.framework/,True,0,0,00000000,,THIRD_PARTY,embedded SDK framework,HIGH
Payload/pool.app/Frameworks/FirebaseAnalytics.framework/_CodeSignature/,True,0,0,00000000,,THIRD_PARTY,embedded SDK framework,HIGH
Payload/pool.app/Frameworks/FirebaseAnalytics.framework/_CodeSignature/CodeResources,False,2776,659,ef26a3fe,9cd07388f22448af4297e8cac545df8e27bcd8f1599e9c60b372e03734db745b,THIRD_PARTY,embedded SDK framework,HIGH
Payload/pool.app/Frameworks/FirebaseAnalytics.framework/FirebaseAnalytics,False,35584,4316,1b5b26f6,a50f4c59566d60dc4c954f8074464d7d43b3e90a7a462fe79908009b587f5891,THIRD_PARTY,embedded SDK framework,HIGH
Payload/pool.app/Frameworks/FirebaseAnalytics.framework/Info.plist,False,851,605,96f003c1,aa9ad09f04208a792c997e72146f0086e14789bfb856d1a89b5ff65634460608,THIRD_PARTY,embedded SDK framework,HIGH
Payload/pool.app/Frameworks/GoogleUtilities.framework/,True,0,0,00000000,,THIRD_PARTY,embedded SDK framework,HIGH
Payload/pool.app/Frameworks/GoogleUtilities.framework/_CodeSignature/,True,0,0,00000000,,THIRD_PARTY,embedded SDK framework,HIGH
Payload/pool.app/Frameworks/GoogleUtilities.framework/_CodeSignature/CodeResources,False,3466,831,c098724f,c4bd1b818212b88fca44f11ca2ca9bd8449cc9c14567fc9c352314c7b116b65b,THIRD_PARTY,embedded SDK framework,HIGH
Payload/pool.app/Frameworks/GoogleUtilities.framework/GoogleUtilities_Privacy.bundle/,True,0,0,00000000,,THIRD_PARTY,embedded SDK framework,HIGH
Payload/pool.app/Frameworks/GoogleUtilities.framework/GoogleUtilities_Privacy.bundle/PrivacyInfo.xcprivacy,False,1233,322,82c8ab68,f81b5cf8f043662712eca9e9785767264cf190025fe7bdb49777296c068de53c,THIRD_PARTY,embedded SDK framework,HIGH
Payload/pool.app/Frameworks/GoogleUtilities.framework/GoogleUtilities_Privacy.bundle/Info.plist,False,796,571,c44d7863,ce224944905f12aa4ef506046f7ab20c8af91bd3e245c915dbaaffb0177b6b1a,THIRD_PARTY,embedded SDK framework,HIGH
Payload/pool.app/Frameworks/GoogleUtilities.framework/GoogleUtilities,False,35584,4318,d594086d,3610a8e11681eedbdcf2f636d67c95d22cd4fc23c96966441386db21a3ebac36,THIRD_PARTY,embedded SDK framework,HIGH
Payload/pool.app/Frameworks/GoogleUtilities.framework/Info.plist,False,845,598,1ae73c8e,6e79fdc2635633cca3c246beef4cccac4b1c808dfd219c311f14ad1e459ceca4,THIRD_PARTY,embedded SDK framework,HIGH
Payload/pool.app/Frameworks/OMSDK_Appodeal.framework/,True,0,0,00000000,,THIRD_PARTY,embedded SDK framework,HIGH
Payload/pool.app/Frameworks/OMSDK_Appodeal.framework/_CodeSignature/,True,0,0,00000000,,THIRD_PARTY,embedded SDK framework,HIGH
Payload/pool.app/Frameworks/OMSDK_Appodeal.framework/_CodeSignature/CodeResources,False,2758,656,cf9b837b,3dba95a10d6376b3c170cc71acbe5380690442de2ad958c82993791890ec0dce,THIRD_PARTY,embedded SDK framework,HIGH
Payload/pool.app/Frameworks/OMSDK_Appodeal.framework/OMSDK_Appodeal,False,35536,4316,221e65fa,d4238d8dab620be1a55c05bc409977eeefdb5448eb49fbffb2170200fc712003,THIRD_PARTY,embedded SDK framework,HIGH
Payload/pool.app/Frameworks/OMSDK_Appodeal.framework/Info.plist,False,478,354,8988f8a9,201df3462b8bf92606a9e9470bf3ff1ecb1ed12bffc4dfebbde79fe611c3e4f7,THIRD_PARTY,embedded SDK framework,HIGH
Payload/pool.app/Frameworks/FirebaseCoreExtension.framework/,True,0,0,00000000,,THIRD_PARTY,embedded SDK framework,HIGH
Payload/pool.app/Frameworks/FirebaseCoreExtension.framework/_CodeSignature/,True,0,0,00000000,,THIRD_PARTY,embedded SDK framework,HIGH
Payload/pool.app/Frameworks/FirebaseCoreExtension.framework/_CodeSignature/CodeResources,False,3526,833,b62c3672,4e856a67cb65006dcd714d277fca10615c8bd2511f9e8468c5c5d98c8e2e72af,THIRD_PARTY,embedded SDK framework,HIGH
Payload/pool.app/Frameworks/FirebaseCoreExtension.framework/FirebaseCoreExtension,False,35600,4317,a71183f0,4de03192bddc6b195207b1d3c138c07768af0c4ee9e3a9ba1de00ec48db5dc75,THIRD_PARTY,embedded SDK framework,HIGH
Payload/pool.app/Frameworks/FirebaseCoreExtension.framework/FirebaseCoreExtension_Privacy.bundle/,True,0,0,00000000,,THIRD_PARTY,embedded SDK framework,HIGH
Payload/pool.app/Frameworks/FirebaseCoreExtension.framework/FirebaseCoreExtension_Privacy.bundle/PrivacyInfo.xcprivacy,False,478,232,df2d1167,1377eccedff8f8320f78040e9c9d3e17ecc0ea569594b56af0ef17be44197c7a,THIRD_PARTY,embedded SDK framework,HIGH
Payload/pool.app/Frameworks/FirebaseCoreExtension.framework/FirebaseCoreExtension_Privacy.bundle/Info.plist,False,810,578,d9c2bc24,35a1c5275105ac17af21654f4a84a52e25b680dd0199ccc41aa48badc62b90bd,THIRD_PARTY,embedded SDK framework,HIGH
Payload/pool.app/Frameworks/FirebaseCoreExtension.framework/Info.plist,False,859,602,f40608eb,6ef2e63785cff697f2392fa41d97472fa713ddbacd76eec4a2d8540ba9ae703b,THIRD_PARTY,embedded SDK framework,HIGH
Payload/pool.app/Frameworks/GoogleAdsOnDeviceConversion.framework/,True,0,0,00000000,,THIRD_PARTY,embedded SDK framework,HIGH
Payload/pool.app/Frameworks/GoogleAdsOnDeviceConversion.framework/_CodeSignature/,True,0,0,00000000,,THIRD_PARTY,embedded SDK framework,HIGH
Payload/pool.app/Frameworks/GoogleAdsOnDeviceConversion.framework/_CodeSignature/CodeResources,False,2836,661,5745b063,24f7cdc6997fa58b91059a8ff5f2159d1dadca1d68891891a374d0ffe10b4d27,THIRD_PARTY,embedded SDK framework,HIGH
Payload/pool.app/Frameworks/GoogleAdsOnDeviceConversion.framework/GoogleAdsOnDeviceConversion,False,35600,4320,98b4023b,86289400d5433f3ada10a1943de11a0cd47e48aabbfd7c5793ad46e15814b5a8,THIRD_PARTY,embedded SDK framework,HIGH
Payload/pool.app/Frameworks/GoogleAdsOnDeviceConversion.framework/Info.plist,False,435,311,1a500017,931a04439058895df3eb5f27df95200d586f5801922359090607737bc17c657f,THIRD_PARTY,embedded SDK framework,HIGH
Payload/pool.app/Frameworks/nanopb.framework/,True,0,0,00000000,,THIRD_PARTY,embedded SDK framework,HIGH
Payload/pool.app/Frameworks/nanopb.framework/_CodeSignature/,True,0,0,00000000,,THIRD_PARTY,embedded SDK framework,HIGH
Payload/pool.app/Frameworks/nanopb.framework/_CodeSignature/CodeResources,False,3376,825,e2325b2f,46d88d40a34f1fc6c00df90339fa8b349fc4831c796c5db52921bfa09a8df4e8,THIRD_PARTY,embedded SDK framework,HIGH
Payload/pool.app/Frameworks/nanopb.framework/nanopb_Privacy.bundle/,True,0,0,00000000,,THIRD_PARTY,embedded SDK framework,HIGH
Payload/pool.app/Frameworks/nanopb.framework/nanopb_Privacy.bundle/PrivacyInfo.xcprivacy,False,374,224,62f8105d,729ba3cbd0f458c78cd61edf17350edafe0e34ca86e314ec64c8cb22ccd21b54,THIRD_PARTY,embedded SDK framework,HIGH
Payload/pool.app/Frameworks/nanopb.framework/nanopb_Privacy.bundle/Info.plist,False,780,569,aa4a4156,1875e77078d35002c7bbd4ca5dbac88cf3403f23bab637bf70a06802268c00e3,THIRD_PARTY,embedded SDK framework,HIGH
Payload/pool.app/Frameworks/nanopb.framework/nanopb,False,35552,4323,e0261209,9fb67c2908d8e96d5457308aaaa4e4f6c7b1aeebf423cf80f51ca51b28e6e922,THIRD_PARTY,embedded SDK framework,HIGH
Payload/pool.app/Frameworks/nanopb.framework/Info.plist,False,829,596,e7a9a1c1,931d20b57d3ccb64254c7a88ee95268e63d625a4909a66ba8c65f81fcf868015,THIRD_PARTY,embedded SDK framework,HIGH
Payload/pool.app/Frameworks/FirebaseRemoteConfigInterop.framework/,True,0,0,00000000,,THIRD_PARTY,embedded SDK framework,HIGH
Payload/pool.app/Frameworks/FirebaseRemoteConfigInterop.framework/_CodeSignature/,True,0,0,00000000,,THIRD_PARTY,embedded SDK framework,HIGH
Payload/pool.app/Frameworks/FirebaseRemoteConfigInterop.framework/_CodeSignature/CodeResources,False,2836,668,7aa0755c,c97d83dfbea56b78be28740bc85f271d3c5e8a92f849fd9c19a36c5df827c1b7,THIRD_PARTY,embedded SDK framework,HIGH
Payload/pool.app/Frameworks/FirebaseRemoteConfigInterop.framework/FirebaseRemoteConfigInterop,False,35616,4321,f4fd8253,b9ef3e6f11ff9493ccabca5319893e37f483d7f10e1530f564a15107a5a639fc,THIRD_PARTY,embedded SDK framework,HIGH
Payload/pool.app/Frameworks/FirebaseRemoteConfigInterop.framework/Info.plist,False,871,607,3db35779,2e0b9464527727f8d0f56c40e7e7d568a3f634a147a4b711cd2cb38ed6320eaf,THIRD_PARTY,embedded SDK framework,HIGH
Payload/pool.app/Frameworks/Promises.framework/,True,0,0,00000000,,THIRD_PARTY,embedded SDK framework,HIGH
Payload/pool.app/Frameworks/Promises.framework/_CodeSignature/,True,0,0,00000000,,THIRD_PARTY,embedded SDK framework,HIGH
Payload/pool.app/Frameworks/Promises.framework/_CodeSignature/CodeResources,False,3396,822,230dd434,6585182812a5765d9d252b0cfece79d61223b22e86d715c1ca7fce8e007db6c7,THIRD_PARTY,embedded SDK framework,HIGH
Payload/pool.app/Frameworks/Promises.framework/Promises,False,35552,4319,65bcbd18,ce429f4a86ea52d8d08932b64a62cfff3ca5c393da8074d081ba735f21380b9d,THIRD_PARTY,embedded SDK framework,HIGH
Payload/pool.app/Frameworks/Promises.framework/Info.plist,False,829,593,d366d58b,f4ef3094676a70c7172af19545a1f82019d193b55ea1bbb1b9e6a07a46b279ff,THIRD_PARTY,embedded SDK framework,HIGH
Payload/pool.app/Frameworks/Promises.framework/Promises_Privacy.bundle/,True,0,0,00000000,,THIRD_PARTY,embedded SDK framework,HIGH
Payload/pool.app/Frameworks/Promises.framework/Promises_Privacy.bundle/PrivacyInfo.xcprivacy,False,373,224,2a67f270,74b0cd72fc23c1ef302f22ee2753f61817cdc5af0ff7a7f2d0632b524fb8acea,THIRD_PARTY,embedded SDK framework,HIGH
Payload/pool.app/Frameworks/Promises.framework/Promises_Privacy.bundle/Info.plist,False,781,567,4ac68272,23d0fdbf58190509f2bca2fbb4e95a15f0d8d5b4650225d5ae55d0c0d886b8be,THIRD_PARTY,embedded SDK framework,HIGH
Payload/pool.app/Frameworks/AdSurgeSDK.framework/,True,0,0,00000000,,THIRD_PARTY,embedded SDK framework,HIGH
Payload/pool.app/Frameworks/AdSurgeSDK.framework/_CodeSignature/,True,0,0,00000000,,THIRD_PARTY,embedded SDK framework,HIGH
Payload/pool.app/Frameworks/AdSurgeSDK.framework/_CodeSignature/CodeResources,False,3034,740,1c1ba1ba,7a2b14dd8c11c5c3f6860ade259389b0b6bb44d2b6bdbac619d30650ad3a5b6e,THIRD_PARTY,embedded SDK framework,HIGH
Payload/pool.app/Frameworks/AdSurgeSDK.framework/AdSurgeSDK,False,4969280,1609388,d00b9484,fc29aabfbb090caa649e41017abd0af9dd3c664fbc3e6e1e1fa05bd5ca83a6f6,THIRD_PARTY,embedded SDK framework,HIGH
Payload/pool.app/Frameworks/AdSurgeSDK.framework/PrivacyInfo.xcprivacy,False,2235,481,81377441,e3bb15a2a9e3b5760cb875596e61b91dd109d856f53fa21c1ba55a269c317e40,THIRD_PARTY,embedded SDK framework,HIGH
Payload/pool.app/Frameworks/AdSurgeSDK.framework/Info.plist,False,783,564,6499389d,dd2e6a6e4dcd5043163672e005b71ed739daccf02166f52b79d3b0b2ff982f9a,THIRD_PARTY,embedded SDK framework,HIGH
Payload/pool.app/Frameworks/FirebaseInstallations.framework/,True,0,0,00000000,,THIRD_PARTY,embedded SDK framework,HIGH
Payload/pool.app/Frameworks/FirebaseInstallations.framework/_CodeSignature/,True,0,0,00000000,,THIRD_PARTY,embedded SDK framework,HIGH
Payload/pool.app/Frameworks/FirebaseInstallations.framework/_CodeSignature/CodeResources,False,3526,828,e239df1c,b7e1f4f8788b06f38c4cee45ee4f9de0de5363d6162e072bc02823aa5a2f6f1d,THIRD_PARTY,embedded SDK framework,HIGH
Payload/pool.app/Frameworks/FirebaseInstallations.framework/FirebaseInstallations,False,35600,4311,78c666d6,0c91e52260e2e579053e6c8ef72daa1616fd103369b2ba58ef14aba54c24ba87,THIRD_PARTY,embedded SDK framework,HIGH
Payload/pool.app/Frameworks/FirebaseInstallations.framework/FirebaseInstallations_Privacy.bundle/,True,0,0,00000000,,THIRD_PARTY,embedded SDK framework,HIGH
Payload/pool.app/Frameworks/FirebaseInstallations.framework/FirebaseInstallations_Privacy.bundle/PrivacyInfo.xcprivacy,False,1105,321,e62c60ad,cfbb3c4f76a66d53698bae91f7110c00f2148e6e6f13ad7d32592909bc010e51,THIRD_PARTY,embedded SDK framework,HIGH
Payload/pool.app/Frameworks/FirebaseInstallations.framework/FirebaseInstallations_Privacy.bundle/Info.plist,False,810,578,95c5047c,39754f918af56a17eb2e47f5e727c97b596791a110b4f0ce558554cd97a95668,THIRD_PARTY,embedded SDK framework,HIGH
Payload/pool.app/Frameworks/FirebaseInstallations.framework/Info.plist,False,859,605,701701b6,b322eaaf41de8a5eb2bee2ad58fed3a4dd305a72d4da608c256d507bcd1edeb8,THIRD_PARTY,embedded SDK framework,HIGH
Payload/pool.app/Frameworks/AppLovinSDK.framework/,True,0,0,00000000,,THIRD_PARTY,embedded SDK framework,HIGH
Payload/pool.app/Frameworks/AppLovinSDK.framework/_CodeSignature/,True,0,0,00000000,,THIRD_PARTY,embedded SDK framework,HIGH
Payload/pool.app/Frameworks/AppLovinSDK.framework/_CodeSignature/CodeResources,False,16287,3337,0ff6b39a,46d31beef67a755c2844217c44eed5aed7e7e89eadc34455ec61e91d56b7b758,THIRD_PARTY,embedded SDK framework,HIGH
Payload/pool.app/Frameworks/AppLovinSDK.framework/AppLovinSDK,False,5719216,1617447,873eae25,ac8becb9c767ecf4387865b8615dcf2e261604e3ab9ce9424346b372349dd709,THIRD_PARTY,embedded SDK framework,HIGH
Payload/pool.app/Frameworks/AppLovinSDK.framework/PrivacyInfo.xcprivacy,False,511,265,b5df1e1f,80e38881dbfb3b165f9ef35cfa43b28eac00d5b18058a127588c294193841c9f,THIRD_PARTY,embedded SDK framework,HIGH
Payload/pool.app/Frameworks/AppLovinSDK.framework/AppLovinSDKResources.bundle/,True,0,0,00000000,,THIRD_PARTY,embedded SDK framework,HIGH
Payload/pool.app/Frameworks/AppLovinSDK.framework/AppLovinSDKResources.bundle/de.lproj/,True,0,0,00000000,,THIRD_PARTY,embedded SDK framework,HIGH
Payload/pool.app/Frameworks/AppLovinSDK.framework/AppLovinSDKResources.bundle/de.lproj/Localizable.strings,False,798,398,46de2b7e,8d1b8effefe0baafc8c0b86625255ad6fa682a12e52be418fad2f523640aab29,THIRD_PARTY,embedded SDK framework,HIGH
Payload/pool.app/Frameworks/AppLovinSDK.framework/AppLovinSDKResources.bundle/_CodeSignature/,True,0,0,00000000,,THIRD_PARTY,embedded SDK framework,HIGH
Payload/pool.app/Frameworks/AppLovinSDK.framework/AppLovinSDKResources.bundle/_CodeSignature/CodeResources,False,11158,2505,15d33cdb,fa5ac217eaaf25908a488429c28944dfdbee44d9ac2c9fa72b515a174236a3b1,THIRD_PARTY,embedded SDK framework,HIGH
Payload/pool.app/Frameworks/AppLovinSDK.framework/AppLovinSDKResources.bundle/_CodeSignature/CodeDirectory,False,170,138,f0e3948f,8f3676c91ddee739d90a63d805ea7e2464f39cd16fe3c6ab4d5166b94ca0604c,THIRD_PARTY,embedded SDK framework,HIGH
Payload/pool.app/Frameworks/AppLovinSDK.framework/AppLovinSDKResources.bundle/_CodeSignature/CodeRequirements-1,False,218,175,e0d28357,70b115991189c2db9d640bc9fbd20ff387b1e419344e1255620bcec0609b29de,THIRD_PARTY,embedded SDK framework,HIGH
Payload/pool.app/Frameworks/AppLovinSDK.framework/AppLovinSDKResources.bundle/_CodeSignature/CodeSignature,False,4871,3374,360f557d,9fa0590293ae0a2a8ea1dd6672e0bde4367c8c3788aefdd179b1e91db1428f13,THIRD_PARTY,embedded SDK framework,HIGH
Payload/pool.app/Frameworks/AppLovinSDK.framework/AppLovinSDKResources.bundle/_CodeSignature/CodeRequirements,False,192,146,a8cfd1d2,021fb70746aa6083b080cbf43c11bac3e2f438f0608b8f3cfaecd2b718d719bd,THIRD_PARTY,embedded SDK framework,HIGH
Payload/pool.app/Frameworks/AppLovinSDK.framework/AppLovinSDKResources.bundle/zh-Hans.lproj/,True,0,0,00000000,,THIRD_PARTY,embedded SDK framework,HIGH
Payload/pool.app/Frameworks/AppLovinSDK.framework/AppLovinSDKResources.bundle/zh-Hans.lproj/Localizable.strings,False,444,320,72bf0220,28ba859a45959e02f313aefe1ce953bef91064fb4c92a9ea71a2614071d8b3a8,THIRD_PARTY,embedded SDK framework,HIGH
Payload/pool.app/Frameworks/AppLovinSDK.framework/AppLovinSDKResources.bundle/ja.lproj/,True,0,0,00000000,,THIRD_PARTY,embedded SDK framework,HIGH
Payload/pool.app/Frameworks/AppLovinSDK.framework/AppLovinSDKResources.bundle/ja.lproj/Localizable.strings,False,483,341,b60f9127,73995510a254dac2a0e28bd87c9fc65845d4e2cc06cccd73d712ef158d02c3e9,THIRD_PARTY,embedded SDK framework,HIGH
Payload/pool.app/Frameworks/AppLovinSDK.framework/AppLovinSDKResources.bundle/en.lproj/,True,0,0,00000000,,THIRD_PARTY,embedded SDK framework,HIGH
Payload/pool.app/Frameworks/AppLovinSDK.framework/AppLovinSDKResources.bundle/en.lproj/Localizable.strings,False,532,349,eecbb069,24f640286a4076d74171410cd6e81ccd8e06688e63557f92c0fb7ebc1b3d915e,THIRD_PARTY,embedded SDK framework,HIGH
Payload/pool.app/Frameworks/AppLovinSDK.framework/AppLovinSDKResources.bundle/es.lproj/,True,0,0,00000000,,THIRD_PARTY,embedded SDK framework,HIGH
Payload/pool.app/Frameworks/AppLovinSDK.framework/AppLovinSDKResources.bundle/es.lproj/Localizable.strings,False,988,444,7ce3f90d,c5198180e855ecd617d17897ecd05b26e0ff793bf6fdaa60cf7a6ef2e9b8b92d,THIRD_PARTY,embedded SDK framework,HIGH
Payload/pool.app/Frameworks/AppLovinSDK.framework/AppLovinSDKResources.bundle/MANativeAdVerticalMediaBannerView.nib,False,7346,3339,d58ff962,8329f43960d3b72a4bf63e3d0e026e0ec26945f323dbe27fb9d875a5d94a7c36,THIRD_PARTY,embedded SDK framework,HIGH
Payload/pool.app/Frameworks/AppLovinSDK.framework/AppLovinSDKResources.bundle/MANativeAdVerticalLeaderView.nib,False,7546,3418,58ffc691,3e770eb77e9c7dd9e4fe1889b43e15da7f693bd82603e02acfa9cf79219d5d62,THIRD_PARTY,embedded SDK framework,HIGH
Payload/pool.app/Frameworks/AppLovinSDK.framework/AppLovinSDKResources.bundle/ko.lproj/,True,0,0,00000000,,THIRD_PARTY,embedded SDK framework,HIGH
Payload/pool.app/Frameworks/AppLovinSDK.framework/AppLovinSDKResources.bundle/ko.lproj/Localizable.strings,False,523,356,2930d186,4ae030babc66b2b4e70dc4bee686d54c579595728f029aa324682f404c6f3991,THIRD_PARTY,embedded SDK framework,HIGH
Payload/pool.app/Frameworks/AppLovinSDK.framework/AppLovinSDKResources.bundle/ALDRightDetailTableViewCell.nib,False,4661,2340,2489f92e,ed807f6ec286e05eae5f8b4575c3cd77d7f2498966dcfad40fde2ffa6b5d8434,THIRD_PARTY,embedded SDK framework,HIGH
Payload/pool.app/Frameworks/AppLovinSDK.framework/AppLovinSDKResources.bundle/MANativeAdMediaBannerView.nib,False,7343,3430,8e9c7587,e5ab39b67dbae6a780f2b9b4a4282b9ff2d9a09a5bfe8ff1844982935a331fb2,THIRD_PARTY,embedded SDK framework,HIGH
Payload/pool.app/Frameworks/AppLovinSDK.framework/AppLovinSDKResources.bundle/Base.lproj/,True,0,0,00000000,,THIRD_PARTY,embedded SDK framework,HIGH
Payload/pool.app/Frameworks/AppLovinSDK.framework/AppLovinSDKResources.bundle/Base.lproj/Localizable.strings,False,532,349,eecbb069,24f640286a4076d74171410cd6e81ccd8e06688e63557f92c0fb7ebc1b3d915e,THIRD_PARTY,embedded SDK framework,HIGH
Payload/pool.app/Frameworks/AppLovinSDK.framework/AppLovinSDKResources.bundle/zh-Hant.lproj/,True,0,0,00000000,,THIRD_PARTY,embedded SDK framework,HIGH
Payload/pool.app/Frameworks/AppLovinSDK.framework/AppLovinSDKResources.bundle/zh-Hant.lproj/Localizable.strings,False,444,325,7b1c3a69,1bb36e209e8b8da1115bb83ed585f18de1d15bc167d4d759b6ba111dd61b9abc,THIRD_PARTY,embedded SDK framework,HIGH
Payload/pool.app/Frameworks/AppLovinSDK.framework/AppLovinSDKResources.bundle/MANativeAdVerticalBannerView.nib,False,7083,3321,d12d7ec2,0ab752bc0d15462abe4bad24497fae97a3d83909a69dc556bf9241277b1c1c03,THIRD_PARTY,embedded SDK framework,HIGH
Payload/pool.app/Frameworks/AppLovinSDK.framework/AppLovinSDKResources.bundle/MANativeAdTemplate1.nib,False,8764,3826,f11eec84,cb7e499ada52d8ad1a010cd893826703dd1c6400731df046a27bd9d66dc4e227,THIRD_PARTY,embedded SDK framework,HIGH
Payload/pool.app/Frameworks/AppLovinSDK.framework/AppLovinSDKResources.bundle/OMLICENSE,False,18520,6283,42828cfb,c17da41e8cc7b68c56ce8fb54f3753bce8ccae999ee569865e38d67dd78d0927,THIRD_PARTY,embedded SDK framework,HIGH
Payload/pool.app/Frameworks/AppLovinSDK.framework/AppLovinSDKResources.bundle/ALDMultiAdViewController.storyboardc/,True,0,0,00000000,,THIRD_PARTY,embedded SDK framework,HIGH
Payload/pool.app/Frameworks/AppLovinSDK.framework/AppLovinSDKResources.bundle/ALDMultiAdViewController.storyboardc/3jf-B1-XNL-view-Iqa-CO-DFs.nib,False,17805,6473,c9ca8a7e,5b5a7ee80b3bfbb16394a2476f2d3b66eaa3b862e244e26dd8f7b166a9c53fe4,THIRD_PARTY,embedded SDK framework,HIGH
Payload/pool.app/Frameworks/AppLovinSDK.framework/AppLovinSDKResources.bundle/ALDMultiAdViewController.storyboardc/ALDMultiAdViewController.nib,False,8360,3752,812d6bc0,0f92720c3f65328a349387f944c2c7e1ebd94b5f675b96f06fafc41efdf8e504,THIRD_PARTY,embedded SDK framework,HIGH
Payload/pool.app/Frameworks/AppLovinSDK.framework/AppLovinSDKResources.bundle/ALDMultiAdViewController.storyboardc/Info.plist,False,173,117,175614dd,ae470b1bf3c37585b0084981e8dabff9e9d66d8f86e0f08e43230490e3fa280e,THIRD_PARTY,embedded SDK framework,HIGH
Payload/pool.app/Frameworks/AppLovinSDK.framework/AppLovinSDKResources.bundle/Assets.car,False,293007,231097,d04d922d,f462880bf358cfdcd4a5b188098bc5569cbf93975db3bed2f3bea1c79efc9ff6,THIRD_PARTY,embedded SDK framework,HIGH
Payload/pool.app/Frameworks/AppLovinSDK.framework/AppLovinSDKResources.bundle/ALConsentFlowUnifiedCMP.json,False,2467,482,60f65bd0,e1950636e9ee1248f522c163450a1a6cce49d2d1deed9078d168f8b860791a89,THIRD_PARTY,embedded SDK framework,HIGH
Payload/pool.app/Frameworks/AppLovinSDK.framework/AppLovinSDKResources.bundle/MANativeAdMRecView.nib,False,8555,3800,aa121216,bd7aed459e785e6f336ee8025e6fd7d18d3a6da238038cc7eea94f3f8a736b3e,THIRD_PARTY,embedded SDK framework,HIGH
Payload/pool.app/Frameworks/AppLovinSDK.framework/AppLovinSDKResources.bundle/omsdk-v1.6.2.js,False,53454,16446,73de8f51,0f8ece9415167386b7d7e219c9af9face467ba2e7fd9af4ce79256e2b44d8b1e,THIRD_PARTY,embedded SDK framework,HIGH
Payload/pool.app/Frameworks/AppLovinSDK.framework/AppLovinSDKResources.bundle/ALDDetailTableViewCell.nib,False,5573,2634,d2159812,fc45428653d158a8f17e274897d7f390a7210d047868cdf622d620568161fbfd,THIRD_PARTY,embedded SDK framework,HIGH
Payload/pool.app/Frameworks/AppLovinSDK.framework/AppLovinSDKResources.bundle/MANativeAdBannerView.nib,False,8012,3723,452caf4f,4e5e34899fa0af94927c9263ca367cbc85088e0fdffa4b46ec311334bffd43dd,THIRD_PARTY,embedded SDK framework,HIGH
Payload/pool.app/Frameworks/AppLovinSDK.framework/AppLovinSDKResources.bundle/fr.lproj/,True,0,0,00000000,,THIRD_PARTY,embedded SDK framework,HIGH
Payload/pool.app/Frameworks/AppLovinSDK.framework/AppLovinSDKResources.bundle/fr.lproj/Localizable.strings,False,802,383,95e1f09b,3737477a785c92b0e345c4418618d9fcd9ce6e97792ea207e93d472aee2aea9e,THIRD_PARTY,embedded SDK framework,HIGH
Payload/pool.app/Frameworks/AppLovinSDK.framework/AppLovinSDKResources.bundle/mute.aiff,False,1656,62,a24f7dfa,5944ed3b29e814f111b7bb5b329ab00cfbf7617f447d98d00cbcf55f7851570c,THIRD_PARTY,embedded SDK framework,HIGH
Payload/pool.app/Frameworks/AppLovinSDK.framework/AppLovinSDKResources.bundle/MANativeAdLeaderView.nib,False,7760,3517,e412501c,183b9be44bd7a8c0541053d0ed473649a649be8aca8e41367a08dc28326d0133,THIRD_PARTY,embedded SDK framework,HIGH
Payload/pool.app/Frameworks/AppLovinSDK.framework/AppLovinSDKResources.bundle/Info.plist,False,755,541,baf5af9b,742b17bb9ce29919fd4348bdc784c97ba5abaaed15318d2611483995e5dd1a31,THIRD_PARTY,embedded SDK framework,HIGH
Payload/pool.app/Frameworks/AppLovinSDK.framework/Info.plist,False,829,595,19092d87,381067ce34d6a28beabcf0cc09d3b8b46423f43da66f9377f7b00ca01696dc05,THIRD_PARTY,embedded SDK framework,HIGH
Payload/pool.app/Frameworks/FBAudienceNetwork.framework/,True,0,0,00000000,,THIRD_PARTY,embedded SDK framework,HIGH
Payload/pool.app/Frameworks/FBAudienceNetwork.framework/_CodeSignature/,True,0,0,00000000,,THIRD_PARTY,embedded SDK framework,HIGH
Payload/pool.app/Frameworks/FBAudienceNetwork.framework/_CodeSignature/CodeResources,False,3147,774,f5f1b6a6,d18517a0a4fc81eb0740c3b060316423d79b153aa2f0f44e0c66b80c74d31a77,THIRD_PARTY,embedded SDK framework,HIGH
Payload/pool.app/Frameworks/FBAudienceNetwork.framework/FBAudienceNetwork,False,7113728,2309463,53035759,592a5a57e857a10d5bb0a7ed4eba3edbd4be474f2f7bd18e49ddb0867b7c2e04,THIRD_PARTY,embedded SDK framework,HIGH
Payload/pool.app/Frameworks/FBAudienceNetwork.framework/PrivacyInfo.xcprivacy,False,2709,479,89e1e419,b8da103e14b68cb859f263c23b35535718089639ac06493412d5c302e3d7e197,THIRD_PARTY,embedded SDK framework,HIGH
Payload/pool.app/Frameworks/FBAudienceNetwork.framework/Info.plist,False,734,515,f60b9398,6d8c92cdadb9c92fe0ba4a904dad7f1b99415b75274663d410cd22d3f45b9230,THIRD_PARTY,embedded SDK framework,HIGH
Payload/pool.app/Frameworks/FBAudienceNetwork.framework/PkgInfo,False,9,9,2ee660b0,2883c9761b98a421c6f1dba07c63be0c0b06c2795e4b9869217eb25f33eb42e9,THIRD_PARTY,embedded SDK framework,HIGH
Payload/pool.app/Frameworks/GoogleAppMeasurementIdentitySupport.framework/,True,0,0,00000000,,THIRD_PARTY,embedded SDK framework,HIGH
Payload/pool.app/Frameworks/GoogleAppMeasurementIdentitySupport.framework/_CodeSignature/,True,0,0,00000000,,THIRD_PARTY,embedded SDK framework,HIGH
Payload/pool.app/Frameworks/GoogleAppMeasurementIdentitySupport.framework/_CodeSignature/CodeResources,False,2884,674,0896d07b,1ac2e04cad3688c6cf0e62e05843eec1a44f595d52df7fc5bc1779f87f92d8eb,THIRD_PARTY,embedded SDK framework,HIGH
Payload/pool.app/Frameworks/GoogleAppMeasurementIdentitySupport.framework/GoogleAppMeasurementIdentitySupport,False,35632,4317,29fe7360,d56f5cad828fd5c60f6392573b4aaab2620b8b2ba473a8eb6874d0456633fd86,THIRD_PARTY,embedded SDK framework,HIGH
Payload/pool.app/Frameworks/GoogleAppMeasurementIdentitySupport.framework/Info.plist,False,887,616,e4df10a7,7c5b428a3b6f045903a8e438f1a0d43c0160569fe830547f03fe1aa2fab95a85,THIRD_PARTY,embedded SDK framework,HIGH
Payload/pool.app/Frameworks/BigoADS.framework/,True,0,0,00000000,,THIRD_PARTY,embedded SDK framework,HIGH
Payload/pool.app/Frameworks/BigoADS.framework/_CodeSignature/,True,0,0,00000000,,THIRD_PARTY,embedded SDK framework,HIGH
Payload/pool.app/Frameworks/BigoADS.framework/_CodeSignature/CodeResources,False,3016,737,13bc1691,32bff829b21946491510400688e2d6bc3f8dd212d839ff14be3ffe067eb31b6d,THIRD_PARTY,embedded SDK framework,HIGH
Payload/pool.app/Frameworks/BigoADS.framework/BigoADS,False,35536,4326,32d70acc,32073f17fa3d9bd7aa63b7d9955d26a7abdc74613ada57fa719d390a73bc43ce,THIRD_PARTY,embedded SDK framework,HIGH
Payload/pool.app/Frameworks/BigoADS.framework/PrivacyInfo.xcprivacy,False,1159,323,04a0c428,436354cf69be6a03547e777b947a60129aa8d85e813acda8e941787a8d76938c,THIRD_PARTY,embedded SDK framework,HIGH
Payload/pool.app/Frameworks/BigoADS.framework/Info.plist,False,823,593,0c1cda1d,190dc0be4ea5ab3692af9c2696aa2985e7cd1e11e60d8af7f22233133985de0c,THIRD_PARTY,embedded SDK framework,HIGH
Payload/pool.app/Frameworks/MolocoSDK.framework/,True,0,0,00000000,,THIRD_PARTY,embedded SDK framework,HIGH
Payload/pool.app/Frameworks/MolocoSDK.framework/_CodeSignature/,True,0,0,00000000,,THIRD_PARTY,embedded SDK framework,HIGH
Payload/pool.app/Frameworks/MolocoSDK.framework/_CodeSignature/CodeResources,False,3910,1002,7352b9d7,e6f37140f0de60c811f4181ed2ad53e19bfae245808b2c136e256cb952b11e33,THIRD_PARTY,embedded SDK framework,HIGH
Payload/pool.app/Frameworks/MolocoSDK.framework/mraid.js.ignore,False,29639,5696,0be43114,d32987f52d3aefb57c8eab31410cf281d24a20eb4264e2194a471a63177fb90e,THIRD_PARTY,embedded SDK framework,HIGH
Payload/pool.app/Frameworks/MolocoSDK.framework/MolocoSDK,False,5301840,1999297,0350773a,a59c5048a2c410dbcf5acc0441d892a2957bda9efac84ef92351b7969ed45f50,THIRD_PARTY,embedded SDK framework,HIGH
Payload/pool.app/Frameworks/MolocoSDK.framework/Assets.car,False,160623,74442,135b9e81,ef636e0b50e63c15e4291a07b8aaf2858f0e189b5b8952be74210fe81f9c1570,THIRD_PARTY,embedded SDK framework,HIGH
Payload/pool.app/Frameworks/MolocoSDK.framework/PrivacyInfo.xcprivacy,False,728,291,9573bbb5,b9b3a70a483aa78ff2bade7862c3a121a855f35230c8c486698568b2e0e64a37,THIRD_PARTY,embedded SDK framework,HIGH
Payload/pool.app/Frameworks/MolocoSDK.framework/Resources.bundle/,True,0,0,00000000,,THIRD_PARTY,embedded SDK framework,HIGH
Payload/pool.app/Frameworks/MolocoSDK.framework/Resources.bundle/endcard.html,False,394,274,dada9af1,7a8953b7137818403857203e6289cc4bb14f580d3be67910939162dca1bc04da,THIRD_PARTY,embedded SDK framework,HIGH
Payload/pool.app/Frameworks/MolocoSDK.framework/Info.plist,False,876,627,6645bd4e,4909c70595b9ca2977c213881b27bf527063d980fcea5e69c503d6a0dba3c952,THIRD_PARTY,embedded SDK framework,HIGH
Payload/pool.app/flag_HK-hd.png,False,804,804,a6dafa8b,59699323e66265c05ce821d63f7b43120e3803a095cd3a1600fe098f49ee4cd0,ORIGINAL_APPLICATION,game resource,MEDIUM
Payload/pool.app/Particle_Card.png,False,556,556,e986073d,01a48de9f9e82cc5f6784d22eea6039248f2181b3afe42587822ffddb6715153,ORIGINAL_APPLICATION,game resource,MEDIUM
Payload/pool.app/flag_CY.png,False,276,276,3496fad3,59720a1531a6cc85222d384e65b3c0e9472583e7649ad9a192540dc88ea3aee0,ORIGINAL_APPLICATION,game resource,MEDIUM
Payload/pool.app/ReplaceMissionPopup.ccbi,False,3917,1936,734a057a,330e351c4053b639cb2b2a3f527844f92630ab02e56979250ad8ab0c5a4c9a96,ORIGINAL_APPLICATION,game resource,MEDIUM
Payload/pool.app/theme1.plist,False,466,331,2345a741,00859f2189cd8ffd0d5e3dd612a3d80cde2625b81be31823f8823abb06fced65,ORIGINAL_APPLICATION,game resource,MEDIUM
Payload/pool.app/MCFSTierPanelDesc.plist,False,337,250,9dc5cf0a,3ee6bb237637d56120b7813b619af89b6f864873aacc1e0241977aefa8db1d86,ORIGINAL_APPLICATION,game resource,MEDIUM
Payload/pool.app/sfx_your_turn.mp3,False,9613,8539,5b328e98,8854a2fb3684f212d0399ca278decc550ebecd3479ce47fd0d5620964f2dc363,ORIGINAL_APPLICATION,game resource,MEDIUM
Payload/pool.app/flag_AQ.png,False,454,454,b9c9eb88,64021fbf8fc39571c63d5b2cfaf5f4c85d33fddaec5b6af3a00a8e5cd4570862,ORIGINAL_APPLICATION,game resource,MEDIUM
Payload/pool.app/flag_BJ.png,False,332,332,492c7547,31420e9dfb72f92be9251d80037aed05bfa56b16f0059224d2f3e8321a6a9274,ORIGINAL_APPLICATION,game resource,MEDIUM
Payload/pool.app/flag_CN.png,False,397,397,c5ad476c,ee85457c8f0ddcfe6d9f763bfd49005193617b7483e2ec00f96c92996dd308aa,ORIGINAL_APPLICATION,game resource,MEDIUM
Payload/pool.app/shopAvatars.plist,False,521,332,ffb9ec20,873991df3785cad7db2df993902f43e95bf52efe12e48a02b6c651453b4a7411,ORIGINAL_APPLICATION,game resource,MEDIUM
Payload/pool.app/tournament.png,False,19768,19691,285f3aa3,009b045bbc95e435292307dd170a8052691c8870f63cfc754319378db77e80b4,ORIGINAL_APPLICATION,game resource,MEDIUM
Payload/pool.app/MenuWidgetProfileMiniAchievementsWidget.ccbi,False,1152,758,f0b21917,32c13618e0562ca61c9a9107f3d63937cbae81590caac0eb095a746b14e7489a,ORIGINAL_APPLICATION,game resource,MEDIUM
Payload/pool.app/flag_CO.png,False,350,350,cda35c67,8ef142d8ba3c0132f5056faad18d544876fa2a8af81872d6938bb27d96b63afa,ORIGINAL_APPLICATION,game resource,MEDIUM
Payload/pool.app/flag_MN-hd.png,False,796,796,59ddf7d9,f99327e4ea47576715709f1bfe4383ae253b2c756c8376ed0ae2c4793371816a,ORIGINAL_APPLICATION,game resource,MEDIUM
Payload/pool.app/MCFButtonDarkFrame.plist,False,333,249,eef39245,b704860bf33465696ecce77599caf374409b9c259a2adcbf8cfc5889d3531174,ORIGINAL_APPLICATION,game resource,MEDIUM
Payload/pool.app/8BP-Frame-Timer-Gutter.png,False,328,328,ffea8911,86950a6bb93dbf30fe9284148391579c2fb261198227898b0b241895b73d8de7,ORIGINAL_APPLICATION,game resource,MEDIUM
Payload/pool.app/MenuTabbedFriendsView.ccbi,False,5701,2722,dc47d69b,38d3be785f2ef19171f1d6d87f82ac2b2c1ae46930ec9372f96b44861c4c8ae4,ORIGINAL_APPLICATION,game resource,MEDIUM
Payload/pool.app/TierLockSoonWidget.ccbi,False,1738,1007,56e1c7a8,fc7922f7232685aa3355e4107f8a2e49e0a2ec12f247481ec85ddf80279762af,ORIGINAL_APPLICATION,game resource,MEDIUM
Payload/pool.app/flag_CX.png,False,492,492,8bbd8a4a,1b6686706087dae2cde16a1679cbfa3b75233ad134c0c7ec334b185826708607,ORIGINAL_APPLICATION,game resource,MEDIUM
Payload/pool.app/56_28_0_MenuUserProfileMiniPopupScrollableContent.ccbi,False,8980,3564,5d4b38cf,dbb31f2aeca974a393a6addf28694f1e9a997f5bf3029fd1862ad2e19ad1c835,ORIGINAL_APPLICATION,game resource,MEDIUM
Payload/pool.app/DailySpin_BigFrames_BackThickness.json,False,70966,2409,6a954705,17d308c8d95867edb316d9f705d85268af4bcdbb7f78ea8fc00f870e572a38e9,ORIGINAL_APPLICATION,game resource,MEDIUM
Payload/pool.app/de_text.plist,False,1204404,459950,0322ceb6,02604a4b5725880547c93b659670ba1d665bfce1421c2ea32fdc039f97747795,ORIGINAL_APPLICATION,game resource,MEDIUM
Payload/pool.app/Cheering.plist,False,594,425,a37ae777,3dd28987d7e8f5ec0cd5d32c44649d9bb89a6bfe8c7e800094313596f57d8567,ORIGINAL_APPLICATION,game resource,MEDIUM
Payload/pool.app/flag_AG.png,False,512,512,9a9ecf46,1fdb1a5dde92165f699823c3966c79c2154d869e2df6971df9142a358ef29ad0,ORIGINAL_APPLICATION,game resource,MEDIUM
Payload/pool.app/flag_NP-hd.png,False,708,708,fed06bd9,647349a9b5029a1b494199fbfccda1a5b2537d5f8338bffef9300f6fb404ae54,ORIGINAL_APPLICATION,game resource,MEDIUM
Payload/pool.app/Shop_Template_Cue.png,False,6388,6388,e8911fd8,08a5be964a94dee5eba1e2db053ffb02b4bb5bc11b70195aaf374e60fe00d760,ORIGINAL_APPLICATION,game resource,MEDIUM
Payload/pool.app/ClubInviteConfirmMsgBubble.ccbi,False,2224,1210,09a88ebe,da5f255c02dfe766d1f0ef07b9604d9adab6e4a8a864739f218d949f3880c844,ORIGINAL_APPLICATION,game resource,MEDIUM
Payload/pool.app/MenuInterstitialsAdBreakScreen.ccbi,False,1008,681,829864b7,c6714e9c5a8e9fc6973a986d287b68a94f0081b40ed70e656b2b7b4998d97724,ORIGINAL_APPLICATION,game resource,MEDIUM
Payload/pool.app/BG_Particles_3.png,False,2488,2488,ed925edb,629bbf052b63ea5f4dfbc36cd46972f77b06bec282b789611ec02db42650c87a,ORIGINAL_APPLICATION,game resource,MEDIUM
Payload/pool.app/flag_MS.png,False,438,438,f50a60c8,31bbddf61d8576b12e1fd9a07b5667d3616eba0b5f9534940d6d389d44f3a92e,ORIGINAL_APPLICATION,game resource,MEDIUM
Payload/pool.app/CollectRewardWithMidArrow.ccbi,False,1688,949,d351b724,0b59d9e76a10b7fd9036c0e39f1fea556110d52e2f5e36dc089ed88d1699125c,ORIGINAL_APPLICATION,game resource,MEDIUM
Payload/pool.app/RatePopup.ccbi,False,3209,1693,a0ccd26c,14742f05a40b8456f682d92d129b6b60e31daf54192d18a2b3737f0591981f34,ORIGINAL_APPLICATION,game resource,MEDIUM
Payload/pool.app/FramedSpriteGenericLineSeparator.plist,False,350,265,9ee39488,b781fcecf154ee10ac9a31204441de0fea4666d51f0ff2e9bf3fdf638e7fb16e,ORIGINAL_APPLICATION,game resource,MEDIUM
Payload/pool.app/flag_MD.png,False,458,458,0807bdd3,91d17fbca144ac0017445968b75b78a4206efa6000cb7c7563f85637df4aef59,ORIGINAL_APPLICATION,game resource,MEDIUM
Payload/pool.app/ball11-ipad.png,False,2332,2332,c6dce414,cbebb67233578bf4eb8d1ba83cae27a3fdddf37d3de22ed9539ffcd3527724cf,ORIGINAL_APPLICATION,game resource,MEDIUM
Payload/pool.app/ClubsOverview_Bottom.atlas,False,403,177,f77e94bd,c4dbbf3022b7f304c46cb0ef4650d20cd48afac5d684f1ef1e4b1950c2e3aa20,ORIGINAL_APPLICATION,game resource,MEDIUM
Payload/pool.app/ball14.png,False,844,844,739dd7cc,37fc71b1c2ffffe82b3cd7d1ad897f49dc7906bb040dae1ac952f8ed7828a0bc,ORIGINAL_APPLICATION,game resource,MEDIUM
Payload/pool.app/flag_ZM.png,False,398,398,5e01e052,3aada7614a9b9a60a7a444a67ac1ea3dae20523f92753068a702cc1f55dcdcaa,ORIGINAL_APPLICATION,game resource,MEDIUM
Payload/pool.app/imessenger.plist,False,1170,745,4d0b655b,8005d6fd0a189a4b76c01edaed581d982f720dfae5ab5e74889b0ffcff186a63,ORIGINAL_APPLICATION,game resource,MEDIUM
Payload/pool.app/ball10-ipad.png,False,2608,2608,fece97ab,4dce1856a1a12c6ce84e8b1162cf753b8b8f0c7ce418a473491f08efa7d520d0,ORIGINAL_APPLICATION,game resource,MEDIUM
Payload/pool.app/flag_DEFAULT-hd.png,False,662,662,2256d3e6,15a900e304b7c9705a9a0262d80752dbfcade48962957d70ab59b8e629131aae,ORIGINAL_APPLICATION,game resource,MEDIUM
Payload/pool.app/56_1_0_MenuUserProfileMiniPopupScrollableContent.ccbi,False,7738,3252,12b70ed3,0e7d51e771a29cf369f7c0c2caebcf9f0457d18fd6421a7fdb18deffcbd08342,ORIGINAL_APPLICATION,game resource,MEDIUM
Payload/pool.app/theme2-hd.png,False,166814,165513,14dbcf7a,45eb710cf9b665b72975f798e4ad7bce7ba5a7a8a0c379bf069ad8ac89630c22,ORIGINAL_APPLICATION,game resource,MEDIUM
Payload/pool.app/GS_3_circle.png,False,972,972,e3209090,bf3a7cc192e9fbb61e145dbc26208607d446cd4f08a92a29f96f421a7f958e90,ORIGINAL_APPLICATION,game resource,MEDIUM
Payload/pool.app/sfx_WinStreak_hitMilestone.mp3,False,12552,8135,87a4ed9a,4e09fba05896aa9c557f5f8c40015ca37dfd0e7a43c678f94e580359789aa61e,ORIGINAL_APPLICATION,game resource,MEDIUM
Payload/pool.app/PiggyBankNewPopup.ccbi,False,3459,1942,a312137a,044dd739e36ad007e202db6dd1a31043fb1ac7b1d1770ad83bc461398325cab0,ORIGINAL_APPLICATION,game resource,MEDIUM
Payload/pool.app/flag_VN.png,False,391,391,2df711a9,f60e28af4ecf2555d5a64f03298f83672ac4a099cbf0dba6c2d4d4f39442c660,ORIGINAL_APPLICATION,game resource,MEDIUM
Payload/pool.app/Yellow_Particles.png,False,556,556,e986073d,01a48de9f9e82cc5f6784d22eea6039248f2181b3afe42587822ffddb6715153,ORIGINAL_APPLICATION,game resource,MEDIUM
Payload/pool.app/AccountLoginScreenPrivacyPolicyLabel.ccbi,False,2048,1117,323e3f83,5b02ef1a0cf0d070f2453fff73c441440cf9ba6a3cf1a56b55a22370d85e1a8f,ORIGINAL_APPLICATION,game resource,MEDIUM
Payload/pool.app/MCFMiniclipButtonFrame.plist,False,337,253,e610149b,7b0ca88a7eeeb81a0091927e2fe3fed45d7f1ac9e3dc64d67f92bc968697155b,ORIGINAL_APPLICATION,game resource,MEDIUM
Payload/pool.app/flag_KM-hd.png,False,736,736,8b7e1217,4a77524f44c7f6489ae532941c0c0b4ada03b2c2cecd5fc0c21274e319cd82b8,ORIGINAL_APPLICATION,game resource,MEDIUM
Payload/pool.app/GS_4_idle_02.png,False,998,998,89548713,49f83c8bb3a0a68b00b954c775f10965de10b929b92044d043af673b579d1394,ORIGINAL_APPLICATION,game resource,MEDIUM
Payload/pool.app/QFP0AV9BA-hd.png,False,7016,7016,3dbc61f7,9b699f564bd4d511976251154a10426a1d9ee68ff2aec7266dc11b454a44345d,ORIGINAL_APPLICATION,game resource,MEDIUM
Payload/pool.app/GenericGreenButton.ccbi,False,1262,761,7f1ffe70,72d1e60b9b5d27f02965266b7ea9b6d77b14accc18fa068fba629b29299801f1,ORIGINAL_APPLICATION,game resource,MEDIUM
Payload/pool.app/General.png,False,25126,24624,b5d19d21,35a24cbc29ead0a4219a825213054ab8f81340cadd4af3b8b2bd34df03d0ebb9,ORIGINAL_APPLICATION,game resource,MEDIUM
Payload/pool.app/CueCollectionRoadIntroductionPopup.ccbi,False,4232,2078,9089a889,5097cdf36acf629456eb4c88430d74ee92d4b84d30b9bfdf29dc768e130d8839,ORIGINAL_APPLICATION,game resource,MEDIUM
Payload/pool.app/sfx_leaderboards_beat_friend.mp3,False,19182,18720,75191d57,53faa03414b29976d488fea539200062c2710930ab8d5b50abd09ee572c644a2,ORIGINAL_APPLICATION,game resource,MEDIUM
Payload/pool.app/Tier_Ring_Particles.png,False,470,470,a664fc6d,d4d72539e313f217a5f7aa3f1e0e744e9d20078d7909317fd565870e373b4bf2,ORIGINAL_APPLICATION,game resource,MEDIUM
Payload/pool.app/NewTierLockSubscriptionWidget.ccbi,False,2074,1243,4aaa431e,51d58ec4cc8df7ca73b05ba56cf3fc06d14f7b086c4b05679c12472830cf7fd8,ORIGINAL_APPLICATION,game resource,MEDIUM
Payload/pool.app/ShopPromo_Items.png,False,9884,9884,ea876c59,2eb5af722b5320362971ac473278008452273d98331794fca11dad286a6bb09f,ORIGINAL_APPLICATION,game resource,MEDIUM
Payload/pool.app/hud-hd.plist,False,6013,2689,e266d5ec,34b0bad66c9093e3a5b9b7e41793140a221ad00ad13dd73cacd543e44cc646e6,ORIGINAL_APPLICATION,game resource,MEDIUM
Payload/pool.app/Daily_Streak_Main_Menu.atlas,False,2179,572,20546723,d1332fcba2c5e0bc36fdc619650c7a1a81e2437c1857cae995f8eb6241dbb024,ORIGINAL_APPLICATION,game resource,MEDIUM
Payload/pool.app/TournamentWithFriendsSelector.ccbi,False,2935,1650,ea82ad6d,a2f427dfb815e47702aee0460213342fa33fcea2bdc1d11fa9774512c2373561,ORIGINAL_APPLICATION,game resource,MEDIUM
Payload/pool.app/LeaderboardInstantPromotionNode.ccbi,False,1651,941,f50e4b34,3c9de58b8f8ae6c1218626426f16496c99f635692701da39d7da0040a415fbe0,ORIGINAL_APPLICATION,game resource,MEDIUM
Payload/pool.app/GamePowerCue.ccbi,False,2120,1013,3686c8d0,5a59365cc104a5c703f17df37bd233a25b38f469fe35e10d8c10d5c004ac4e95,ORIGINAL_APPLICATION,game resource,MEDIUM
Payload/pool.app/Legendary_Piece_Particles.png,False,556,556,e986073d,01a48de9f9e82cc5f6784d22eea6039248f2181b3afe42587822ffddb6715153,ORIGINAL_APPLICATION,game resource,MEDIUM
Payload/pool.app/MCFSGenericScrollBar.plist,False,336,251,cf9bdb77,7daa068581c63d669d553ea29a35fb41ddc3136fee7074c83bceefc42b954e64,ORIGINAL_APPLICATION,game resource,MEDIUM
Payload/pool.app/VictoryBoxTierInfoHeaderNode.ccbi,False,1677,1006,95a5bffc,5beb602a856382e58fe697394705d4acdf7012ee64e751089407c7b322a40f97,ORIGINAL_APPLICATION,game resource,MEDIUM
Payload/pool.app/sfx_victoryBoxes_menu_slotWithBoxBecomesGreen.mp3,False,63571,39649,912d77d3,d9134adfb95830bc2ec8cee0fe5dc57e1739d6134da80e22dd4e38f7b34fa484,ORIGINAL_APPLICATION,game resource,MEDIUM
Payload/pool.app/singletableLuckyShot-hd.plist,False,238,202,ebf10cc1,6aefe43116cf4f4d4539dbf72afba7b4afe7c26a9a94a4cf702b60289cb07049,ORIGINAL_APPLICATION,game resource,MEDIUM
Payload/pool.app/icons.plist,False,6426,2391,9210837c,a5f8ee91418a9d654e06b4b818a95662153e4df6be9a9ffed63b5a3e833d28a6,ORIGINAL_APPLICATION,game resource,MEDIUM
Payload/pool.app/SlotCueMissionListMission.ccbi,False,662,386,12de7fc1,5a7375164301335897fd2ed2d273981ccf52a521cb8b24038ba6fab95a3a1c1c,ORIGINAL_APPLICATION,game resource,MEDIUM
Payload/pool.app/pt-PT.lproj/,True,0,0,00000000,,ORIGINAL_APPLICATION,bundle metadata / localization,HIGH
Payload/pool.app/pt-PT.lproj/strings.strings,False,73,67,271593cb,f55c7db739fba8921e60443a61281f0e76276e114b11f6a841b57c1bf96fdbb5,ORIGINAL_APPLICATION,bundle metadata / localization,HIGH
Payload/pool.app/pt-PT.lproj/InfoPlist.strings,False,216,145,1f6522d9,f95a413dc9effd38da4db422b58139f0e7d4bca955747c5f009129e648478070,ORIGINAL_APPLICATION,bundle metadata / localization,HIGH
Payload/pool.app/FramedSpriteLeagueNodeDesc.plist,False,217,190,5bce10bc,9e01bcc8e60f3ff953cd9802f07d3960318b487fb219e3dea5ea9f51b2bdb4d1,ORIGINAL_APPLICATION,game resource,MEDIUM
Payload/pool.app/tableBase-ipadhd.plist,False,954,582,003c6653,a82bbf3392522dc8652911d3a6961e0eb355a57c088e00969f7927a4156a9802,ORIGINAL_APPLICATION,game resource,MEDIUM
Payload/pool.app/flag_IQ-hd.png,False,646,646,91b01875,3810d537707135dcade062659deec727e8846ab67fddcd9ec5e040e35cb7034b,ORIGINAL_APPLICATION,game resource,MEDIUM
Payload/pool.app/ClubGiftingButton.ccbi,False,1977,1196,f0c58e53,5809ae6ec1467e3e4bc6534bed62f9f08533bab20eeee914a987f9e32339e73a,ORIGINAL_APPLICATION,game resource,MEDIUM
Payload/pool.app/GS_2_idle_01.plist,False,1531,819,2e9b01ac,7475fd5df6a8098b8430515ede3c4a552314aa4e988b7ac03bdbd7a98cd1f2cd,ORIGINAL_APPLICATION,game resource,MEDIUM
Payload/pool.app/MCFSGenericFrame4.plist,False,340,254,10dd74e1,0ffc093fafb035d3d93b4bfb17fbacc384f1c5d97dcb76343941fb2dd0537f81,ORIGINAL_APPLICATION,game resource,MEDIUM
Payload/pool.app/GD-Animation-PrizeGlow-hd.png,False,31942,31594,222bbe44,02ce2e8616cd46d5d377a8a807599b5090a867c0ccd74e7329a91bbdd9311020,ORIGINAL_APPLICATION,game resource,MEDIUM
Payload/pool.app/MenuGoldenShotPreGamePopupView.ccbi,False,2805,1626,60940b47,6bcf2ed369d77f9b2df9b2bd50a51841424fc631f7c06f87e0fe1c4eee7eae40,ORIGINAL_APPLICATION,game resource,MEDIUM
Payload/pool.app/PP_Prizes_Particles.png,False,556,556,e986073d,01a48de9f9e82cc5f6784d22eea6039248f2181b3afe42587822ffddb6715153,ORIGINAL_APPLICATION,game resource,MEDIUM
Payload/pool.app/SlotTransactionWidget.ccbi,False,605,400,813e5c3e,1878a2c916c864246cbf2ccdb0e2b469bdbe6a9f0987a0f32b5a03a4b845cc4f,ORIGINAL_APPLICATION,game resource,MEDIUM
Payload/pool.app/surpriseBoxes.png,False,49490,49482,8306ca67,3082204cd60979a1066864a7aafda86e1f60716f9fba7d4a2ef2f34451ff39b2,ORIGINAL_APPLICATION,game resource,MEDIUM
Payload/pool.app/FramedSpriteLeagueSelectedDesc.plist,False,224,198,a3add6a7,354512460895255052ec34978312972864fb1399daed9f7ddca90ca09284e1f1,ORIGINAL_APPLICATION,game resource,MEDIUM
Payload/pool.app/victoryCueCases.plist,False,544,364,d07722f0,2d0d4a77d4cdf0d61e067dfaea986f81a0308d5c0f882d9be6a4077969cb8646,ORIGINAL_APPLICATION,game resource,MEDIUM
Payload/pool.app/flag_JO-hd.png,False,706,706,ea659220,3a7ab5b51dead8b75432d404c21716cf1a590919ef583b4100331c63a45fcc94,ORIGINAL_APPLICATION,game resource,MEDIUM
Payload/pool.app/menu2-hd.plist,False,3928,1987,96dbfe28,e207f0058c52daf5cabaa6f7c4c37fe25dde3174fefb57fa9fa178aee6166bbb,ORIGINAL_APPLICATION,game resource,MEDIUM
Payload/pool.app/singletableLondon-ipadhd.plist,False,237,201,92ea29b0,f7a3287766fa9d765590dac0eee39bc9a1b7cdeaa3c53c93fccf0ce042617823,ORIGINAL_APPLICATION,game resource,MEDIUM
Payload/pool.app/VictoryBox_GreenArrow-hd.png,False,1592,1592,2c5ebeac,2bd3b46cb969f13aaf26b9ee738b3fdf904777de0923c809d2b218b178e1f583,ORIGINAL_APPLICATION,game resource,MEDIUM
Payload/pool.app/ps_cm_featureunlock_explosion_2.plist,False,10793,8076,ba5a053d,1370fcf8ee841e9df8548a27a47dd8c5bf509023d53d4c8249cdb69f6c9a759e,ORIGINAL_APPLICATION,game resource,MEDIUM
Payload/pool.app/ball5-hd.png,False,1302,1302,429f7659,0e7326d0524c7507f21e15e2afbd07e9894568bf80dc38bb992770385405c629,ORIGINAL_APPLICATION,game resource,MEDIUM
Payload/pool.app/QFP0AVAYR-hd.png,False,10052,10052,ee6ec6de,370b8da0c7e24b5537e24a8acefae5768ba29dd67468ce2216a87c4735938b2c,ORIGINAL_APPLICATION,game resource,MEDIUM
Payload/pool.app/flag_KW-hd.png,False,568,568,11900037,517a93288c1cfc60003030f45c85fd7198fcdb82ce7080643a407864a42ffe2e,ORIGINAL_APPLICATION,game resource,MEDIUM
Payload/pool.app/SocialAvatarFrameNode.ccbi,False,1733,933,3285df99,f7f7815b9eb1cf62884085376c56548d844a39087efce040f1531d0fc825e38f,ORIGINAL_APPLICATION,game resource,MEDIUM
Payload/pool.app/GoldenShotHeaderNode.ccbi,False,1168,706,be4ef277,226222dc96d29955f4570482517fa34c226a5b249e044aedfd148c12aeca249b,ORIGINAL_APPLICATION,game resource,MEDIUM
Payload/pool.app/MCFMatchScreenProgressBarFrame.plist,False,331,256,453e1f05,b3928098a6e35823be1b4cf0be846f7528b74b20f75e9a3b13765d905f81d15c,ORIGINAL_APPLICATION,game resource,MEDIUM
Payload/pool.app/TierRingProgressNode.ccbi,False,1118,656,df308136,5060424d83737164c1729d546052f446280572e9bd78d7f5652f7380fe9dd69f,ORIGINAL_APPLICATION,game resource,MEDIUM
Payload/pool.app/BigBox_Epic_Glow.png,False,12158,12158,80b1d503,9310fdc9b8e62cd1a27b285bdde793cb9083036715d8543c5fdd1043ee736640,ORIGINAL_APPLICATION,game resource,MEDIUM
Payload/pool.app/MCFTierInfoButtonSelected.plist,False,347,261,fe56f23e,21ecfb0190ec20ee9fffcc083fa9438d3f13b4a4576cbd2d65f38251afe484d9,ORIGINAL_APPLICATION,game resource,MEDIUM
Payload/pool.app/FramedSpriteTableCellLightFrameDesc.plist,False,204,178,f4f4e331,3d7b6382a7c6b4adfbae6dda2a3aaceb5a73265254e46a60fbca36430da64232,ORIGINAL_APPLICATION,game resource,MEDIUM
Payload/pool.app/sfx_victoryBoxes_upgradeCueToMaxLevel.mp3,False,206497,136013,33bbe4ed,63cf8caccf0ab40ff89a7e32a75d764120d5ba5a6950674e2f31962fe5d33c33,ORIGINAL_APPLICATION,game resource,MEDIUM
Payload/pool.app/MCFSLoginButtonGPlus.plist,False,338,256,2927e85f,ec968a2a320dd7c3ada0a648fc80b7740fea389b1c0d368ed0021c3a4e12cfb8,ORIGINAL_APPLICATION,game resource,MEDIUM
Payload/pool.app/MCFIngamePopupDesc2.plist,False,335,260,01d68762,eb37f9053cf7b3037162c74c0b539a942b65fc2cd22d7d43c195c73785c81bd5,ORIGINAL_APPLICATION,game resource,MEDIUM
Payload/pool.app/Promotion-hd.png,False,62082,61353,9190e9a9,78ac05b36d4bbd3f293763aa99b0963297b647f26cbb1b72ea5cc066b76a996d,ORIGINAL_APPLICATION,game resource,MEDIUM
Payload/pool.app/sfx_rank_increased_badge.mp3,False,52816,47795,ea2b5e96,768f60f8145b4d7f88812594146840ec42db7d02cfe99bfdb9623e82121b92ff,ORIGINAL_APPLICATION,game resource,MEDIUM
Payload/pool.app/sfx_victoryBoxes_menu_startUnlockingBox.mp3,False,41035,27366,f1b5755e,3c2f0575e640c46a747f86e2f7dc6ed928a2dfb6ede4cb27c2ad1e49b1da078d,ORIGINAL_APPLICATION,game resource,MEDIUM
Payload/pool.app/DailySpin_Wheel.png,False,3992,3992,93530239,9f518de10074c162668cec99dc9a5d84b14e15e8140c733a7577cdf80a36ce2b,ORIGINAL_APPLICATION,game resource,MEDIUM
Payload/pool.app/Cue_Case_Explosion.png,False,556,556,e986073d,01a48de9f9e82cc5f6784d22eea6039248f2181b3afe42587822ffddb6715153,ORIGINAL_APPLICATION,game resource,MEDIUM
Payload/pool.app/MainMenuTopBarTrophyWidgetClubs.ccbi,False,1444,729,44b0b34b,624bf85535145f40c7fb44dbcf67a264c97fa1678bf0aefd241ebbe953b74995,ORIGINAL_APPLICATION,game resource,MEDIUM
Payload/pool.app/Card-Epic-Front-hd.png,False,9418,9401,2eb1b6ab,68efa4d9327d7ccf2b3ccc50dfaf1126f488af0758a252c80481db0b183c5cb4,ORIGINAL_APPLICATION,game resource,MEDIUM
Payload/pool.app/hud-ipadhd.plist,False,6277,2843,3adbe8c7,8f5164d237e6a9a4e4fb6303cc7458332fcdacff5dfa4263b55d89ae8bacbf36,ORIGINAL_APPLICATION,game resource,MEDIUM
Payload/pool.app/surpriseBoxLegendary-hd.png,False,41476,41486,bd1069f1,1d378d755f9111a424565fda579c6a699bf264b7c8df93930d91bba83578df27,ORIGINAL_APPLICATION,game resource,MEDIUM
Payload/pool.app/Card-Expert-Back-hd.png,False,6768,6758,de0fb49d,d22882efbf6b624a8cc695ab718ed668c7592acccc2dffe8449cbd69e77417e9,ORIGINAL_APPLICATION,game resource,MEDIUM
Payload/pool.app/MCFSTopBarWidgetButtonsSeparator.plist,False,300,231,aa8fd926,6003db99ff882a8e14768a028da83017f7279d4a6f904613d494ec74c4e53bd0,ORIGINAL_APPLICATION,game resource,MEDIUM
Payload/pool.app/sfx_victoryBoxes_box_youGotCard_3.mp3,False,10048,7797,41eb73ab,128cce1d54c121276f31581a7ca5a0f5691e3867f8997f8eb2fd8cdcfe259c43,ORIGINAL_APPLICATION,game resource,MEDIUM
Payload/pool.app/Champion_Medal_2.atlas,False,605,242,50168a16,55fc34cf2cd202d46bdb7cc4aab04cde37191dd2508f295cc28453f3a9064a2c,ORIGINAL_APPLICATION,game resource,MEDIUM
Payload/pool.app/Privacy.plist,False,307,249,d2f2e8f5,f0885afda05675e22f23474f5920b59a623b7a48110f31795ae91e0f838394a1,ORIGINAL_APPLICATION,game resource,MEDIUM
Payload/pool.app/flag_MT-hd.png,False,504,504,11daa1cb,b9c95e0f29a1e88e446853f66e05c70c3af78acda6c01b49ad87124dee26a68c,ORIGINAL_APPLICATION,game resource,MEDIUM
Payload/pool.app/40070_productIcon.png,False,4954,4954,12870774,cfb91f6bc03854b4c7af3212fb989b3361e83e863935a23668f5666594d3c1b8,ORIGINAL_APPLICATION,game resource,MEDIUM
Payload/pool.app/tableCushions-ipadhd.png,False,3416,3381,b4a483e4,4aae3206665aa0bd6294d15551ed9e1cfc30a6cdd8ced6d1e1be6a01440bd428,ORIGINAL_APPLICATION,game resource,MEDIUM
Payload/pool.app/id_text.plist,False,1053138,414974,27f71b0c,8eeded23f7906ec96850fd59d8e2658988aa42e3de9124fbac475b4c520761b5,ORIGINAL_APPLICATION,game resource,MEDIUM
Payload/pool.app/39410_productIcon.png,False,4954,4954,12870774,cfb91f6bc03854b4c7af3212fb989b3361e83e863935a23668f5666594d3c1b8,ORIGINAL_APPLICATION,game resource,MEDIUM
Payload/pool.app/CueCompletionPopupNode.ccbi,False,8769,3286,adc04b29,850cf223d128693fe18cf424f7449558a5cfc84a842033b0047c2ebc8b8e649c,ORIGINAL_APPLICATION,game resource,MEDIUM
Payload/pool.app/sfx_LAchampionship_rules.mp3,False,14743,9569,c1ee2341,e041468f82b1d9550aa2a1119fedae68846e1740af8e51fc3d63de476f7f7bf0,ORIGINAL_APPLICATION,game resource,MEDIUM
Payload/pool.app/ChannelChatMessageNode.ccbi,False,2716,1495,a8b1f096,e2f7ce77d4bdea01fa530a7c4369298e3aafe0e9f6b26ae93101470fc377c9cc,ORIGINAL_APPLICATION,game resource,MEDIUM
Payload/pool.app/NotificationReminder.plist,False,882,575,f957c798,91faeb47f1c35d012e1bb0b6dc5bfc7de46bc891fc95fbf6b795a4e306081cba,ORIGINAL_APPLICATION,game resource,MEDIUM
Payload/pool.app/tableCushions.plist,False,418,333,e668b872,5a0cad54729b4480a93fbc8612e28d557d0554d64cad5accef6737daa1b142a8,ORIGINAL_APPLICATION,game resource,MEDIUM
Payload/pool.app/MCFSGenericFrame23.plist,False,330,242,7c062487,516d84b015ff2432abb30542a01403af6b0d39c942f4780d336869d27bcd4a24,ORIGINAL_APPLICATION,game resource,MEDIUM
Payload/pool.app/pool,False,81963248,30692755,96e44ff5,ebf863aec2cd42b7b5794553580ff67e9f0df9a545688a095c3c452df1c4d21c,ORIGINAL_APPLICATION,game resource,MEDIUM
Payload/pool.app/Tier_Ring_Particles-hd.png,False,1040,1040,d44cbd25,f618ef7daed39dc9bcd3d121ab888166411e9e4d168e64119ed9ef7762ba9fd8,ORIGINAL_APPLICATION,game resource,MEDIUM
Payload/pool.app/MenuCueUpgradeCollectionUpsellPopupView.ccbi,False,2456,1374,d42a21de,c35b2ede1db3e99056c6efc0bb6ffa80756accd03d1f141a3f3b3efd25093096,ORIGINAL_APPLICATION,game resource,MEDIUM
Payload/pool.app/flag_NF-hd.png,False,796,796,53438c6f,154923a2e344671cb0c3df3df2755e9268abc90f80df875cff22d74d0ecb3ec2,ORIGINAL_APPLICATION,game resource,MEDIUM
Payload/pool.app/MCFSLoginButtonApple.plist,False,332,253,7341d446,2504f31557d3bf941717ba7bdd342ceb917a1264d814221cc92cf3013cf9075a,ORIGINAL_APPLICATION,game resource,MEDIUM
Payload/pool.app/localization1_hi-hd.png,False,38956,38966,18a958a4,9b189a4b10981a8ea170dbd9077095f8bb0011860b21e5f5600338e1477f2e79,ORIGINAL_APPLICATION,game resource,MEDIUM
Payload/pool.app/AccountConflictResolutionPopup.ccbi,False,4636,2299,433902cd,80db7a3e218650311faf843f063364fe0cc596270f0abd957c76a11a87de332e,ORIGINAL_APPLICATION,game resource,MEDIUM
Payload/pool.app/ball10.png,False,846,846,ae8f6450,304b150530efc9829fcc18e1756d904c957940db4c8f490a9e141024c1736cdd,ORIGINAL_APPLICATION,game resource,MEDIUM
Payload/pool.app/Pink_Particles.png,False,556,556,e986073d,01a48de9f9e82cc5f6784d22eea6039248f2181b3afe42587822ffddb6715153,ORIGINAL_APPLICATION,game resource,MEDIUM
Payload/pool.app/PAGAdSDK.bundle/,True,0,0,00000000,,ORIGINAL_APPLICATION,game resource,MEDIUM
Payload/pool.app/PAGAdSDK.bundle/100004312.json,False,4148,1074,891ff56c,3371b6c063d916fa2848584128091335f78fe8a51059228c3656c1b706374fbb,ORIGINAL_APPLICATION,game resource,MEDIUM
Payload/pool.app/PAGAdSDK.bundle/100004313.json,False,15684,1714,a37b2b94,3bbdc0df20ae7a2c71b5e86a227aad4d83fd9e7e2860ba20fdbd86ceb2594b79,ORIGINAL_APPLICATION,game resource,MEDIUM
Payload/pool.app/PAGAdSDK.bundle/400007896.json,False,8133,1607,eed1b02e,ec545e8d003a10eeb133bfd5abca1dc1a2fecd830538b406e94be4b2a3e4f838,ORIGINAL_APPLICATION,game resource,MEDIUM
Payload/pool.app/PAGAdSDK.bundle/400007999.json,False,8142,1602,100436a4,d19bf3a64482e67d33ed2ad24b47546dede406d01fe7186c8216e71762f0e6cc,ORIGINAL_APPLICATION,game resource,MEDIUM
Payload/pool.app/PAGAdSDK.bundle/100004314.json,False,16017,1839,2b6f2f68,e4484ebe99c8ceaa24878413a477f2dcff21e2446fc82e45493b4081bf21e658,ORIGINAL_APPLICATION,game resource,MEDIUM
Payload/pool.app/PAGAdSDK.bundle/400001965.json,False,952,387,94fc7d62,c64bb65ba33d943cfcff685d81d2b8a8ed49f22ea481e4fd6382aef3c13727d6,ORIGINAL_APPLICATION,game resource,MEDIUM
Payload/pool.app/PAGAdSDK.bundle/400013145.json,False,11027,1961,471b5483,cb3c8364183acf818a0c1c05824087fb8574bf4ed7baa2a6d473a905026c3b6a,ORIGINAL_APPLICATION,game resource,MEDIUM
Payload/pool.app/PAGAdSDK.bundle/400007941.json,False,9635,1801,0b2aaba8,86657ddc87cc3bd0107eb2941f48d30b96cbc3aa797df39399749e909290ad82,ORIGINAL_APPLICATION,game resource,MEDIUM
Payload/pool.app/PAGAdSDK.bundle/400007923.json,False,7287,1501,36d7aac6,3f7c2e3b85bd488a7f9b36cf0bcc900d4444e273d781d8ca27a2bb7de23530f3,ORIGINAL_APPLICATION,game resource,MEDIUM
Payload/pool.app/PAGAdSDK.bundle/Assets.car,False,45439,13430,89c93061,e78623396fd412c02f5438564fd7e0b7759ff61f50f787f34cc4cbb068c7ebe3,ORIGINAL_APPLICATION,game resource,MEDIUM
Payload/pool.app/PAGAdSDK.bundle/omsdk-v1.js,False,46064,15161,e1dab0c6,1e569a6b84baaa6e15edf2aafc31c7dc584e45c420299fa1aa788e3b8a6d9877,ORIGINAL_APPLICATION,game resource,MEDIUM
Payload/pool.app/PAGAdSDK.bundle/400013146.json,False,10906,1976,d3221032,dd32f6ef2834b84281d161b09ad00878bf2c340bce0fb1a57ee14a9caf801599,ORIGINAL_APPLICATION,game resource,MEDIUM
Payload/pool.app/PAGAdSDK.bundle/400007914.json,False,11362,2096,f663dbaf,c7699e5ab46c31a5b9ef84e26e1df87c1f12005f40f84785c3ceb0233af07115,ORIGINAL_APPLICATION,game resource,MEDIUM
Payload/pool.app/PAGAdSDK.bundle/400007918.json,False,11338,2101,9eea1c06,9177aefd546becaa417160fef34c866a519a10720d340ccd738062da3d572845,ORIGINAL_APPLICATION,game resource,MEDIUM
Payload/pool.app/PAGAdSDK.bundle/400007913.json,False,5161,1184,aa570db9,5bdc57256c9e70ac11e76ece813d8f125c0164177e469de5c6a48f57fb02db83,ORIGINAL_APPLICATION,game resource,MEDIUM
Payload/pool.app/PAGAdSDK.bundle/version.txt,False,7,7,073c6013,a5f36340d72b42079722e75ecf716cec299f0b9d3a9d049de76dcb9f357fb65f,ORIGINAL_APPLICATION,game resource,MEDIUM
Payload/pool.app/PAGAdSDK.bundle/100004311.json,False,4422,1155,bd160274,41342b6ac42c521dedc82f4744cc6f3454a621853ec453a4481e45079f54cac2,ORIGINAL_APPLICATION,game resource,MEDIUM
Payload/pool.app/PAGAdSDK.bundle/Info.plist,False,759,550,7ef0b502,851bf8f324ed04ec208f890d362ee915e0dab7b1c4bbd78040dda434d74a0909,ORIGINAL_APPLICATION,bundle metadata / localization,HIGH
Payload/pool.app/Cue_Case_Legendary.png,False,500,500,348852a3,02788ed70c6763baef169b635edac5728d21bd5736f0dff0fb36646326cdadcc,ORIGINAL_APPLICATION,game resource,MEDIUM
Payload/pool.app/PollPass_Check.skel,False,539,247,196a44e4,03ef7b647ed8121d3c483724a94a08719dc586b429ba52a93e1af6296b7d8ad2,ORIGINAL_APPLICATION,game resource,MEDIUM
Payload/pool.app/flag_YE.png,False,320,320,79e8c52d,525acd58f17fb64dd69b0fbfb59ec9088c2845b2fcff18f7450f2935ebd59cba,ORIGINAL_APPLICATION,game resource,MEDIUM
Payload/pool.app/Boosts-hd.png,False,2884,2884,4b154242,c12bf1e32e9b9046389aa09e927262e5c479f778c42f4731a1c89d00bd218f79,ORIGINAL_APPLICATION,game resource,MEDIUM
Payload/pool.app/menu2.plist,False,3827,1919,fe27c4f9,e579f48e4e5794ebbcc41c2c32a2e286d54cf8daee4057b90768c9cdac5174c7,ORIGINAL_APPLICATION,game resource,MEDIUM
Payload/pool.app/flag_MX-hd.png,False,718,718,c899a7df,a13e787a3cf0eb7585844dcda0035ef39998d5425868bf55c10952e186880a09,ORIGINAL_APPLICATION,game resource,MEDIUM
Payload/pool.app/flag_NL.png,False,357,357,c6a8bda6,8cd61deb9ca82662fb2af2ef266bebaf14d70c7ce12af931ba95822345a6acc8,ORIGINAL_APPLICATION,game resource,MEDIUM
Payload/pool.app/flag_MW.png,False,422,422,64a67e65,cf331db8d37c218e8a98caf1796868464e951747d8c90a4a1767bfbb3e82571d,ORIGINAL_APPLICATION,game resource,MEDIUM
Payload/pool.app/ShopPromo_Cards.plist,False,1335,703,15e0c9b2,2295fabbc43e864d7c2e99e287f2fcd3237f64dff9a8412e5c25aa597379294d,ORIGINAL_APPLICATION,game resource,MEDIUM
Payload/pool.app/MCFSGreenCellFrameDesc.plist,False,329,241,ee0f69e8,8e88e42ec3cee96fce334ee8c2f7d85dba2735dcb3d6682ca9016dfc23598ccc,ORIGINAL_APPLICATION,game resource,MEDIUM
Payload/pool.app/BG-Tournaments-BuenosAires-hd.png,False,23692,23692,b46853d7,b6bb95ace18e66f3499aeb4f944c231354a32a899802c3bc8cfe57b6f5afb308,ORIGINAL_APPLICATION,game resource,MEDIUM
Payload/pool.app/SeasonPassDefault.ccbi,False,311,236,59005a1c,c8bf2cae22def8c3efc7f327c6f386eb236f8831b348a18068dee2bbd1565e91,ORIGINAL_APPLICATION,game resource,MEDIUM
Payload/pool.app/CueMastery-FeatureUnlock.atlas,False,3936,703,f750f867,fc1564c55de7cbebf5d7b079cf4b13e814d130cfc3436a4db7eb40e2d91b4a89,ORIGINAL_APPLICATION,game resource,MEDIUM
Payload/pool.app/ball9-hd.png,False,1302,1302,d7d086d7,bb6afc9ac001d502633b104481e4b182b4e7cfc78152f45637ae44bce97a44bc,ORIGINAL_APPLICATION,game resource,MEDIUM
Payload/pool.app/tutorial-hd.png,False,73428,72480,5a506f8b,b0af98545f450ac34ba9bdacb2aa892ba49dbc0766abd7b3c44c3b8ee566f259,ORIGINAL_APPLICATION,game resource,MEDIUM
Payload/pool.app/sfx_spinTransitionToNormal.mp3,False,43852,33951,8f178185,ff86142e056e6b344d1389d0f4db3473ec18b21b91b09f584b75a25792ec8f4a,ORIGINAL_APPLICATION,game resource,MEDIUM
Payload/pool.app/flag_LS.png,False,462,462,4e5a7d6a,2d09e696cbaeec32b8a978119deeffd40e200855e3d51f3177f82ea7984755bf,ORIGINAL_APPLICATION,game resource,MEDIUM
Payload/pool.app/TemporaryShopListView.ccbi,False,4385,2351,9d0e8aee,f1e24eb31612b80fa92bdb1f4ede1bfb82781012356d5b1eb508b9668884e10b,ORIGINAL_APPLICATION,game resource,MEDIUM
Payload/pool.app/themeLogos2-hd.plist,False,538,396,7beab095,0a229814403a0934533f2e63f0e76cc28c0d61824af208f24e5ac20ab51626d3,ORIGINAL_APPLICATION,game resource,MEDIUM
Payload/pool.app/tableBase-ipadhd.png,False,20474,20474,f833d4ed,a85b97425335c55121995e9fb1a0f6435354aafb48a5b1bf0f63fcce252827d3,ORIGINAL_APPLICATION,game resource,MEDIUM
Payload/pool.app/TierLockCueUpgrade.ccbi,False,1817,1070,8e3e251b,fe6c026dcdb022aa44fc7239ddef6466cb5f8ee818eabede2cf47b16ce517517,ORIGINAL_APPLICATION,game resource,MEDIUM
Payload/pool.app/themeLogos3-hd.plist,False,552,414,d60ba4ef,4c59adbbf667852d0094063d5dbfb9bf8c114beeeeb85676331b3c8ca681a111,ORIGINAL_APPLICATION,game resource,MEDIUM
Payload/pool.app/AdoraFresh.ttf,False,133520,56871,eff6376c,c7ac90c88894d3f5564a832a0223587e3cb07642fe1587dcb3da59e60bee8c26,ORIGINAL_APPLICATION,game resource,MEDIUM
Payload/pool.app/flag_AT.png,False,349,349,3f0ac892,88088f456ef48e03bbafd8185aeab32777de46aa2a3329213a7abd6a0917cc61,ORIGINAL_APPLICATION,game resource,MEDIUM
Payload/pool.app/flag_BO.png,False,337,337,025c7ef0,6a0735d302f496974113cd82196a7d5a7c1a65e5c86a43ecfca7e515c77a1b59,ORIGINAL_APPLICATION,game resource,MEDIUM
Payload/pool.app/PiggyBankProgressBarWidget.ccbi,False,1877,1093,eb14e224,180dee2ee9dd2ff1118feafa3309b79779f28fe0b374930daae6364dee9fcbaf,ORIGINAL_APPLICATION,game resource,MEDIUM
Payload/pool.app/localization1_jp-hd.plist,False,478,364,8ed7baea,05ffabf0b5a3633ecec92a3d390aa236ea3b07303bc47f4d7f133cbeb1a2b70e,ORIGINAL_APPLICATION,game resource,MEDIUM
Payload/pool.app/RoadProgressionMiddleBar.ccbi,False,1112,606,fb57b6bf,0c559678ab7ff71cc7cccd5e4b413125586f98b2431bdda57f1a60c136892a6c,ORIGINAL_APPLICATION,game resource,MEDIUM
Payload/pool.app/flag_LV-hd.png,False,476,476,57af3b78,77eb8f13823301c5d88fe68171b12628919f995b09bcf1bfc64b5209c974582b,ORIGINAL_APPLICATION,game resource,MEDIUM
Payload/pool.app/LeagueStayInAnimationWidget.ccbi,False,817,514,11505c4c,fa95b550781dba6f29c3235967b1982037fd193fefd3ba442756e63985c651f7,ORIGINAL_APPLICATION,game resource,MEDIUM
Payload/pool.app/Cue_Case_Rare.png,False,500,500,348852a3,02788ed70c6763baef169b635edac5728d21bd5736f0dff0fb36646326cdadcc,ORIGINAL_APPLICATION,game resource,MEDIUM
Payload/pool.app/ball1001-ipadhd.png,False,1526,373,ed37411d,c4906d6c163d3aee6dda6de817af78b25d025e9c88785522b8af0b29659b782d,ORIGINAL_APPLICATION,game resource,MEDIUM
Payload/pool.app/MenuUserProfileMiniPopupScrollableContent.ccbi,False,7645,3178,9ad8f920,7e3cbe5b15f2e83f6be1604192276d746811c9f7a00eb095f2ea7f966f0f9a3c,ORIGINAL_APPLICATION,game resource,MEDIUM
Payload/pool.app/flag_CK.png,False,500,500,e434868a,eeb0847196940072d9124f9da633824e3514bb5a0bf9b0f13469eb110fe4bdd6,ORIGINAL_APPLICATION,game resource,MEDIUM
Payload/pool.app/MCFSubscriptionPerksCard.plist,False,352,266,6925aeeb,67cf03d1027b42c10e31f95eaf87f0f199cb0ee3b5686bd5700028cd8e936b21,ORIGINAL_APPLICATION,game resource,MEDIUM
Payload/pool.app/Tutorial_9_Ball.png,False,9146,9146,bd1c7e63,5f70235d5c3c6f2f47097f60d06245d7b247593ed56f9338411a8a3a792ee095,ORIGINAL_APPLICATION,game resource,MEDIUM
Payload/pool.app/theme8.png,False,12472,12458,72653bad,f330fa16892c14cc553c01303792d2cbec8e7559f4b853a4dc814042c33346af,ORIGINAL_APPLICATION,game resource,MEDIUM
Payload/pool.app/ProLoungeTopBarWidget.ccbi,False,2143,1296,35bc2caf,7c40854248774d7ff045e8291173fd7065c0caece04790a20da0dbe45a2fb63f,ORIGINAL_APPLICATION,game resource,MEDIUM
Payload/pool.app/MainMenuDailyMissionsButton.ccbi,False,1847,1043,825883e6,8fb64e9658b50121c9a8c85213ee9342819977f1f2d1c8d746b391057655aa94,ORIGINAL_APPLICATION,game resource,MEDIUM
Payload/pool.app/ProLounge.png,False,22162,22162,27196423,f7c88d81117fb7dfa23f967ae9d46cdfa0125d0d1a0e8d5c58fc1175652b5a83,ORIGINAL_APPLICATION,game resource,MEDIUM
Payload/pool.app/GoldenShotAnimatedTargets.ccbi,False,842,503,b01df3be,b18104052b30222f576ad9b2edd910c308e572995b52d1252503446283c57314,ORIGINAL_APPLICATION,game resource,MEDIUM
Payload/pool.app/ShopPromoHub1.ccbi,False,3996,2136,fcb44849,7f97f55184e7bd12964eb218bd5e4e51ae50af2eca39a0386a4f13e2082fad26,ORIGINAL_APPLICATION,game resource,MEDIUM
Payload/pool.app/CueMasteryCollectionTabContent.ccbi,False,2090,1170,d3b9515d,15f79fa904522178b082a147c84e784bff4a13e8cabab7bad2c025daef8cd7b8,ORIGINAL_APPLICATION,game resource,MEDIUM
Payload/pool.app/MCFSTrophyRoadProgressBar.plist,False,350,258,6e17fc1e,76b798d9b53168c2816412cdc71992f811aba3b41a1929e4389addec49b83fe4,ORIGINAL_APPLICATION,game resource,MEDIUM
Payload/pool.app/flag_IS-hd.png,False,902,902,3877afb7,b45da337fc8e9fc17f167dc0e51012526c3076c97a10744d037e15d71c5a2aa1,ORIGINAL_APPLICATION,game resource,MEDIUM
Payload/pool.app/flag_BY.png,False,370,370,d8ea33ee,1ff5744094303341c7743b5bb6f15a6996c1a0f57af4a4296d4695a3cc1c5701,ORIGINAL_APPLICATION,game resource,MEDIUM
Payload/pool.app/transparent.png,False,67,60,7dc56ec6,6f7a63312961f4fd843894b5ef5ea589657eff3b4a55c0c566e569254dd27699,ORIGINAL_APPLICATION,game resource,MEDIUM
Payload/pool.app/Shop-Promo-Card-SB-Legendary-B.png,False,694,694,9534b41c,f8a575dd5eda02c0e07c31f906fe5c03c7868edbb1434c0272a0065a8406cc50,ORIGINAL_APPLICATION,game resource,MEDIUM
Payload/pool.app/flag_BN.png,False,492,492,64584774,d9a45d7c2b3935c5ede31a77e96726ee9c7204cb05465078f3c156dd5e953b76,ORIGINAL_APPLICATION,game resource,MEDIUM
Payload/pool.app/MCFS_Currency_Background.plist,False,411,289,e3e61cc6,2f1a135627b017e3f1e1eb2ce776247ed3a79932d0ef00f155f245de5385d230,ORIGINAL_APPLICATION,game resource,MEDIUM
Payload/pool.app/flag_AU.png,False,538,538,0ad511cc,a40ecbbf310bd5c60ddebe27fe991bae857779e135146f9dff4d11ffe48978d0,ORIGINAL_APPLICATION,game resource,MEDIUM
Payload/pool.app/TemporaryShopEntryPoint-hd.plist,False,595,412,cbb3d05f,3644072cd715c6a4226082259153a3421516aebd91a4502dfd2ec497636081c2,ORIGINAL_APPLICATION,game resource,MEDIUM
Payload/pool.app/MenuProfileTabbedView.ccbi,False,2155,1072,dd6b1295,4f421ce983529ec27fd4f83a89213dc363e9544dcc6cfae3679aad74c3b92fcd,ORIGINAL_APPLICATION,game resource,MEDIUM
Payload/pool.app/CushionShotTutorial.atlas,False,3754,663,85236247,efddf64317c000b34e4d920789ec0b4c7b87fd8ffbc39b13a59752cb4f5f0253,ORIGINAL_APPLICATION,game resource,MEDIUM
Payload/pool.app/victoryBoxChampion.plist,False,898,578,0901238a,fce57fc96ead9c28ed6885179a0fb257351924e43f8d1cc148ca1a3517d2d469,ORIGINAL_APPLICATION,game resource,MEDIUM
Payload/pool.app/localization1_pt_br-hd.png,False,45258,45268,82c51681,eeb8d3d11c0f2955a5c172965dbdeca4c645a7c10dfbd2c5a5d91328bbe86ab8,ORIGINAL_APPLICATION,game resource,MEDIUM
Payload/pool.app/MCFInfoFrame1.plist,False,322,241,24bfbba4,dbb101fd6977ec8958991cc43b5f478d15da43e44ecf2221e284b0eb239260d2,ORIGINAL_APPLICATION,game resource,MEDIUM
Payload/pool.app/DailyFreeSpinWheelNode.ccbi,False,3101,1442,c95ca1f1,f399e15530dc396e4137c405535b95bb9560cff6d744cb53e1a5008f27b81513,ORIGINAL_APPLICATION,game resource,MEDIUM
Payload/pool.app/MCFButtonRedFrameFromHSF.plist,False,336,250,e963c0b3,591459fa6c86d8884b6c653a34aff8325a936a91e071ff8361f63c3fd20b6585,ORIGINAL_APPLICATION,game resource,MEDIUM
Payload/pool.app/flag_NZ.png,False,486,486,9841593b,e71f28b8ac038cc7bc1e1cbce4c62cd2e0c5be9d80fc99289ca989d75fe48704,ORIGINAL_APPLICATION,game resource,MEDIUM
Payload/pool.app/flag_MA.png,False,374,374,79118055,c07f72b1efb235e6fa012b18b7c4dc08f3fe9a405e1c23508207dedcda47c2ca,ORIGINAL_APPLICATION,game resource,MEDIUM
Payload/pool.app/flag_JM-hd.png,False,1090,1090,3507e76c,b7e4f9264ea1ce83405f75e615275bf364cb9e4ccf1efa266c944c3bab693a37,ORIGINAL_APPLICATION,game resource,MEDIUM
Payload/pool.app/MinigamesTabButton.ccbi,False,1961,1041,4921c1c3,8cf526c692bed7608ed5501526e5f152a585c91f2f5be42efc873f0035d25ae8,ORIGINAL_APPLICATION,game resource,MEDIUM
Payload/pool.app/singletableLondon.png,False,14128,14109,4adde548,2db40177a39c26b010a07e85dacf81854d5bdecfa5cc878e3989051f96c913b6,ORIGINAL_APPLICATION,game resource,MEDIUM
Payload/pool.app/flag_LR.png,False,398,398,75962214,cd7b17722b3517780e177d3371cab9d30ab4b39d08235c3fa90724a3974fdff4,ORIGINAL_APPLICATION,game resource,MEDIUM
Payload/pool.app/Button-CTA-Gray.png,False,556,556,9e90adbd,f29f591122b75c8d682a3b38328a157b93889e89f1331278422a3b129819270e,ORIGINAL_APPLICATION,game resource,MEDIUM
Payload/pool.app/ClubsOverview_BottomShine-hd.png,False,3578,3578,03c65fec,b33e1dd4af74eaa8e749a57bf2b3f5cb00a2766141a25483c336cd628a52d532,ORIGINAL_APPLICATION,game resource,MEDIUM
Payload/pool.app/flag_MV.png,False,411,411,2bd018d0,00cd96aad5ec4420b9e860f4280c07f255d14b00e8dc22d7c4248ae3da0fde13,ORIGINAL_APPLICATION,game resource,MEDIUM
Payload/pool.app/Cue_Case_Epic.plist,False,5996,4394,38a9bf67,2d6a2066970a01b29151aad617ceb353178ebe36d4321b96c14c4ca33afe6184,ORIGINAL_APPLICATION,game resource,MEDIUM
Payload/pool.app/MaticooSDK.bundle/,True,0,0,00000000,,ORIGINAL_APPLICATION,game resource,MEDIUM
Payload/pool.app/MaticooSDK.bundle/zmaticoo_score_gray.png,False,2127,1877,d9a6c056,a3d7bfe1e090ee8da6df53a0e7fe1945935bda8c34fb72487f153895483a4152,ORIGINAL_APPLICATION,game resource,MEDIUM
Payload/pool.app/MaticooSDK.bundle/zmaticoo_ic_volume_off.png,False,688,688,cc4e22ee,0aa0e27f4d9914d007b450786738552f4c289659e616423f26b01b27ce885b8d,ORIGINAL_APPLICATION,game resource,MEDIUM
Payload/pool.app/MaticooSDK.bundle/zmaticoo_banner_zm_right_top_logo_small.png,False,1543,1543,37d727a9,6e3f0fef72a82850772a2c2beae071b2580903c7e21e901d3911f4340b034118,ORIGINAL_APPLICATION,game resource,MEDIUM
Payload/pool.app/MaticooSDK.bundle/zmaticoo_b_close.png,False,488,488,d9ace8a0,a05840c7a1e2388c72654316f5f741131ecac484581affdc03d02d614317a60e,ORIGINAL_APPLICATION,game resource,MEDIUM
Payload/pool.app/MaticooSDK.bundle/zmaticoo_exit_confirm_detail.png,False,15822,15822,511dfa7b,872c90318e6c935b2737f58d4c83fed45eec113b38a0fc2d277d4dc614123c0f,ORIGINAL_APPLICATION,game resource,MEDIUM
Payload/pool.app/MaticooSDK.bundle/zmaticoo_ad_icon2.png,False,2571,2571,44c19778,1eab98cec7489bd6edf56529712febe7c7127bf4043db6c79d1f05d887a6f272,ORIGINAL_APPLICATION,game resource,MEDIUM
Payload/pool.app/MaticooSDK.bundle/zmaticoo_score.png,False,2038,1792,32e32566,d6f502ce839ec919a3a366d2524f1593944aa16b49616d5f729028f048df0145,ORIGINAL_APPLICATION,game resource,MEDIUM
Payload/pool.app/MaticooSDK.bundle/zmaticoo_ic_arrow_left.png,False,577,577,fe594d3f,845d263006734e41f282a97b2ddef047c112e27f74a7d6c7771204321b140ece,ORIGINAL_APPLICATION,game resource,MEDIUM
Payload/pool.app/MaticooSDK.bundle/zmaticoo_about2.png,False,2263,2233,7bea2711,486c3485c937cdba5637c9e05ef2ea4a50221f63e1cc468cb70e8d8490db7d69,ORIGINAL_APPLICATION,game resource,MEDIUM
Payload/pool.app/MaticooSDK.bundle/zmaticoo_about1.png,False,18036,18036,696ba014,c7a046673a4f166fb5709660084f79fe5e2d4a29b44d0da95427467aa2a74ca3,ORIGINAL_APPLICATION,game resource,MEDIUM
Payload/pool.app/MaticooSDK.bundle/mraid_2.js,False,28888,5128,ee434206,845d982335f920fbe7c76f353fbf78553b3c15d226726fd86a3b0f055cd56781,ORIGINAL_APPLICATION,game resource,MEDIUM
Payload/pool.app/MaticooSDK.bundle/zmaticoo_mraid_close_pressed.png,False,4170,4170,94f9d955,1e2af7e7b011b53d7ea5009c6e63e7cb70015968555dd4d419cbcafa785e6c0b,ORIGINAL_APPLICATION,game resource,MEDIUM
Payload/pool.app/MaticooSDK.bundle/zmaticoo_b_fail.png,False,39681,39097,267aed88,931418ef5df2089d6edcee24dff4b222209f540511195680e26ff9eed3aa253f,ORIGINAL_APPLICATION,game resource,MEDIUM
Payload/pool.app/MaticooSDK.bundle/zmaticoo_ad_choices.png,False,323,323,f6280737,d0bd3364b1abc1b03f3118c9300be1d57af2ab2ffc7946e7a2d3d2a26bc62611,ORIGINAL_APPLICATION,game resource,MEDIUM
Payload/pool.app/MaticooSDK.bundle/zmaticoo_selection_badge.png,False,14325,14318,aa8065fd,7cbe18d0ff0f5b6933395cabb2e8727848efcf08acac333e34c17e37f65845ff,ORIGINAL_APPLICATION,game resource,MEDIUM
Payload/pool.app/MaticooSDK.bundle/zmaticoo_ic_volume_up.png,False,873,873,7c9fb207,42e9627e9e1c297a840df8a469d235faeb62486433e817bb7f5c1fb248eb5b68,ORIGINAL_APPLICATION,game resource,MEDIUM
Payload/pool.app/MaticooSDK.bundle/zmaticoo_nav_button.png,False,502,483,a6941f70,a113c501c164c2282f12ee4f495f40e22868c70a6e4e7820bebc5ba0d99f39b8,ORIGINAL_APPLICATION,game resource,MEDIUM
Payload/pool.app/MaticooSDK.bundle/zmaticoo_ad_close.png,False,340,340,080cef52,a18733efdf5dc36af37935a1464a664e6baf3f905e916e0598fd3675d7cbab78,ORIGINAL_APPLICATION,game resource,MEDIUM
Payload/pool.app/MaticooSDK.bundle/zmaticoo_mraid_close.png,False,4059,4059,5082fcfa,a1d744ba80c8ceebed5a25555336fa3ddfb747e1dcd545f4337bdbc2cec9051f,ORIGINAL_APPLICATION,game resource,MEDIUM
Payload/pool.app/MaticooSDK.bundle/zmaticoo_browser_left.png,False,417,417,ad5f89d1,0b61622e098bbc11fd899b41e03b2e4d7a7536b9eb8bf68445d339c6baf09ba5,ORIGINAL_APPLICATION,game resource,MEDIUM
Payload/pool.app/MaticooSDK.bundle/zmaticoo_more.png,False,248,248,22c66767,17f179f26dfd12c7c9ba48a2b2a9dd7bcd160ea7073f494c1cf6ed1925a8d78c,ORIGINAL_APPLICATION,game resource,MEDIUM
Payload/pool.app/MaticooSDK.bundle/zmaticoo_browser_right.png,False,433,433,2d49355d,9fa1b3268a87d067278713303facb67ff763e578ce18f2c17d8cdf257e44295f,ORIGINAL_APPLICATION,game resource,MEDIUM
Payload/pool.app/MaticooSDK.bundle/zmaticoo_banner_close_small.png,False,1561,1561,553d03ec,842919e53e7deebd0abc330874f41000729a450d12ad5095fd0f6f1657efa0ff,ORIGINAL_APPLICATION,game resource,MEDIUM
Payload/pool.app/MaticooSDK.bundle/zmaticoo_b_404.png,False,24007,23816,7cdba772,b9aa094b75cc645571380982c1636501daa81d55919de50285ecec6468c25e1b,ORIGINAL_APPLICATION,game resource,MEDIUM
Payload/pool.app/MaticooSDK.bundle/zmaticoo_refresh.png,False,539,539,a8479481,7c89435cd24ce83b8f43e46083c6326f045b3ee5eefef63017abe2dccc6000ec,ORIGINAL_APPLICATION,game resource,MEDIUM
Payload/pool.app/MaticooSDK.bundle/zmaticoo_ad_large_close.png,False,712,712,ac118b33,c98f7027a3828f5812c3eba1cac1e58efca4c733de9a743c8854280f227caf4b,ORIGINAL_APPLICATION,game resource,MEDIUM
Payload/pool.app/MaticooSDK.bundle/zmaticoo_copy_link.png,False,15475,15475,753572ff,bdffc8c1a60c292eac598b459cee23f02c78f65aa84719bedd901ff099aa43a8,ORIGINAL_APPLICATION,game resource,MEDIUM
Payload/pool.app/MaticooSDK.bundle/zmaticoo_ad_icon.png,False,2446,2446,a5489719,af253b2957f08f4406a7fceb65c36b884b24ed8bfe8044c6b7db351e073d367b,ORIGINAL_APPLICATION,game resource,MEDIUM
Payload/pool.app/sfx_spinActivateNormal.mp3,False,29767,22648,fe47c008,9e670c2f56d4b40a2f043d2229232ae1e29a70f5dea17f1bf9ac907beba9d646,ORIGINAL_APPLICATION,game resource,MEDIUM
Payload/pool.app/sfx_luckyShot_ballOnTable_1.mp3,False,8483,2624,ede5c61b,79558bc0577c76084bc4a274944d5ce57b9aec04c8d3cfc4f040cdf511bcac14,ORIGINAL_APPLICATION,game resource,MEDIUM
Payload/pool.app/sfx_spinArrow.mp3,False,19751,5742,d75b7601,26103d52fde12778e33c8a1eae555a2cc4f6736493e2385f1a05309a971e48a3,ORIGINAL_APPLICATION,game resource,MEDIUM
Payload/pool.app/fbmessage_sound.wav,False,194086,143452,f44b9e9a,4d8a07afcd55e462c61f8a4726131bd719eec9c32706844ef43e9b38b4da9b35,ORIGINAL_APPLICATION,game resource,MEDIUM
Payload/pool.app/gifting-hd.png,False,45106,45116,e6911193,02a3b1626b8196dc757328f33e4ea0ce684cba76c85d5e0be73cd27ac6bae7c7,ORIGINAL_APPLICATION,game resource,MEDIUM
Payload/pool.app/MCFSShopBigTabsFramePromo.plist,False,337,256,988a38c7,02da9405e238116e4f15e70e745e661a692ae2790cf8b89e129f3b4ae401cd88,ORIGINAL_APPLICATION,game resource,MEDIUM
Payload/pool.app/sfx_luckyShot_ingame_UI_3rdPrize.mp3,False,1284,504,f12d705d,2b2e8678bebc32a1659008b33e1fff7e76c7864a0f0e3698aad4be63a8823002,ORIGINAL_APPLICATION,game resource,MEDIUM
Payload/pool.app/PromotionSystemConfiguration.plist,False,48,48,9a029f03,31d76eb254c97fadf6da44883062b847c3193b605997af5ac1f80823c4204d1e,ORIGINAL_APPLICATION,game resource,MEDIUM
Payload/pool.app/TemporaryShopPopupHeader_v56_14.ccbi,False,1280,757,30107ae2,e30290a21e18fa4eacf1ead63e4a8dde20cf3e1ff53c922d0ea5d7ba0c238816,ORIGINAL_APPLICATION,game resource,MEDIUM
Payload/pool.app/ball11.png,False,826,826,e7a658fa,1dba27b66698a277e62726dae7f9c5a886780ff6cc397c9d536b06a673bcd0ad,ORIGINAL_APPLICATION,game resource,MEDIUM
Payload/pool.app/GenericInfoPopup.ccbi,False,4566,2329,d0fa1504,3237b1e2394d176022b3d8fea2c0b3a477b40b308ebbb65f0d680c1a0ab8fc5c,ORIGINAL_APPLICATION,game resource,MEDIUM
Payload/pool.app/sfx_luckyShot_gold_popup_drumLOOP.mp3,False,57600,52731,abd760ef,0b55f6a34e91139ee38f665e205488500d20b4d97c19e269b53904edd0ed9bd5,ORIGINAL_APPLICATION,game resource,MEDIUM
Payload/pool.app/sfx_node_impact.mp3,False,44956,27699,8284c921,7d8a6b36ee6882340c663a7314a3e02a8dba6821bbefc29a62a03d55f482bb00,ORIGINAL_APPLICATION,game resource,MEDIUM
Payload/pool.app/ShopPromo_Items-hd.plist,False,1598,880,4cd04f6d,37e9d7b337d620297ebb771767066647f66cd92cbe864edf27475c6778e1b5b4,ORIGINAL_APPLICATION,game resource,MEDIUM
Payload/pool.app/VictoryAnimatedBaseCard.ccbi,False,1754,980,5ba6ea25,d50c398e0185540af862a60da580ddca00c2f65f949a8ef3c38fd0e14d52472f,ORIGINAL_APPLICATION,game resource,MEDIUM
Payload/pool.app/ClubResultsChatBubble.ccbi,False,2593,1355,4a29b3f0,9c8c3baf79b12aca632434c0b8f04f92ecbcc687bdabf4bb91f4378365f2cd3f,ORIGINAL_APPLICATION,game resource,MEDIUM
Payload/pool.app/flag_TC.png,False,466,466,84d9f24a,8d38de7085453208c043808c0f3381995571a6f6c6fd4bebc18f3abceff78296,ORIGINAL_APPLICATION,game resource,MEDIUM
Payload/pool.app/iMessenger_background_blurred-ipad.png,False,12896,12896,f02ec7a0,1982d6fce4bbe1de5ad86b6f6f718853d69c0f33a6225d398d486b84c654c378,ORIGINAL_APPLICATION,game resource,MEDIUM
Payload/pool.app/Generic_Logo_MMR-ipad.png,False,16422,16422,ba00eb58,b73e525452e31dbe519ab9f392499e71d9313cf48a1af35eb60740b8d4cc7049,ORIGINAL_APPLICATION,game resource,MEDIUM
Payload/pool.app/TierLockQuestWidget.ccbi,False,1707,1005,bd75a38e,0aa487181ad0b8ca50312bae461c25c04a0f8ffc25892f93b8c6bd2ddbdea442,ORIGINAL_APPLICATION,game resource,MEDIUM
Payload/pool.app/Subscription_Popup_Center_Particles.png,False,556,556,e986073d,01a48de9f9e82cc5f6784d22eea6039248f2181b3afe42587822ffddb6715153,ORIGINAL_APPLICATION,game resource,MEDIUM
Payload/pool.app/flag_UG.png,False,488,488,99abf2c4,92f877c843357db50c4c1d0f334582ca24d1e9d44d5dc7376ee7dee5576edef5,ORIGINAL_APPLICATION,game resource,MEDIUM
Payload/pool.app/flag_TT.png,False,522,522,15b1d603,9afbca6eb51bd52f730e9d384e292f5029ed9af85bca10bdccb728b14e167568,ORIGINAL_APPLICATION,game resource,MEDIUM
Payload/pool.app/FramedSpriteTableCellOrangeFrameDesc.plist,False,209,183,da6fb881,c63c87898a0d5ebfc603abb547bc66078ad3c31667d9626fc79b3f2df2124521,ORIGINAL_APPLICATION,game resource,MEDIUM
Payload/pool.app/40071_productIcon-hd.png,False,14424,14424,9e4be4f7,8d7a15cb0c58ffe9c32ffd550fc6ec7cc6b8fddf67ef42d06f7aa24e0e02aef2,ORIGINAL_APPLICATION,game resource,MEDIUM
Payload/pool.app/EmbeddablePopupExitButton.ccbi,False,497,343,321634ec,89c62cd51ae721d5998c510301c9954606a20b55a5c44b6d180a2141b2da81be,ORIGINAL_APPLICATION,game resource,MEDIUM
Payload/pool.app/GameAimWheel.ccbi,False,1341,770,a3a9b0ad,cc284659e19941a1d91dcd1b8e3f716c6c26b9097bb1b7d4396237adef78948f,ORIGINAL_APPLICATION,game resource,MEDIUM
Payload/pool.app/SimpleCellNumberDescriptionProductDisplayWidget.ccbi,False,1209,739,59554d74,81572f952b6eddfd94fdcc97a10ed21e1bad2ab178723a080997cc8980e2cee8,ORIGINAL_APPLICATION,game resource,MEDIUM
Payload/pool.app/flag_LB-hd.png,False,784,784,86786a62,b098d8b1570aeb4efcfd649f5a76b2a3fb57ccc2b886524122aa5b13bb1040d0,ORIGINAL_APPLICATION,game resource,MEDIUM
Payload/pool.app/MenuClubsAvatarShop.ccbi,False,1532,980,20dd7c05,603a2700b5ec9e181f58417bf35a2e75161d330cab96dadc778efb9a9460a9a2,ORIGINAL_APPLICATION,game resource,MEDIUM
Payload/pool.app/FreeSlotStateViewNode.ccbi,False,910,616,6b5cd922,2f321e642892fcff7c4f53802432b3ce7d244ec65c02ac2dcad8df2c4d48c096,ORIGINAL_APPLICATION,game resource,MEDIUM
Payload/pool.app/GenericTimerLabel.ccbi,False,867,574,4f711690,292d4439c9b6d580a4a371a4410aa1374067c3bce92e13075cef53a2ec9da25b,ORIGINAL_APPLICATION,game resource,MEDIUM
Payload/pool.app/MinigamesTabView.ccbi,False,153,131,f516b7d1,07e447245f84dcb378113a01952657c093afc2950915dc3ecd68396f4acac331,ORIGINAL_APPLICATION,game resource,MEDIUM
Payload/pool.app/Cue-Emprty-Search-Icon-hd.png,False,7758,7758,08e326c9,84bdd271a6ce8083f817fa715d0ec975bf58f3c54420055c264ef7e083b123fe,ORIGINAL_APPLICATION,game resource,MEDIUM
Payload/pool.app/sfx_victoryBoxes_infoPages_victoryCues.mp3,False,65762,43606,0d7e2e4d,022b01ee7bda0edf7fc06d90939557537272480aeb2742a7e20a6f0c851dcfba,ORIGINAL_APPLICATION,game resource,MEDIUM
Payload/pool.app/localization1_ru.plist,False,471,352,46e3b7b8,779f889898f26498499e7fb9ac15c1f98cf626e41411bfd5e27b244f499a8310,ORIGINAL_APPLICATION,game resource,MEDIUM
Payload/pool.app/icons2-hd.plist,False,7505,2889,496e86f2,8e75559d0766f67daf598c10400096758a7e6bec0f7202e9ba78ec8bf79e98a7,ORIGINAL_APPLICATION,game resource,MEDIUM
Payload/pool.app/theme5.plist,False,541,375,b6181151,0dca4e4c5c3aaa3b420ee156612d62af125351433efb64bfd1bcf36cf94968af,ORIGINAL_APPLICATION,game resource,MEDIUM
Payload/pool.app/sfx_luckyShot_target_highlight_yellowCenter.mp3,False,75152,45266,f7c1f491,6e138bc8dbf46214214683bbff9c782d8de9c25d43b69a4ffd4afe0f14faf4de,ORIGINAL_APPLICATION,game resource,MEDIUM
Payload/pool.app/MCFSPromoShopSectionFrame.plist,False,402,282,36cb6652,2ba95b35984d99ee0de3b1d19c709d047a4eef427c8876b81d3512a0b659dd5d,ORIGINAL_APPLICATION,game resource,MEDIUM
Payload/pool.app/GS_1_idle_02.png,False,556,556,e986073d,01a48de9f9e82cc5f6784d22eea6039248f2181b3afe42587822ffddb6715153,ORIGINAL_APPLICATION,game resource,MEDIUM
Payload/pool.app/GS_1_idle_01.plist,False,1542,828,d83a9955,051da0723c7bc87b562216a3ad181714fac37201eb3bc0ec7bf7a6e10e239152,ORIGINAL_APPLICATION,game resource,MEDIUM
Payload/pool.app/sfx_victoryBoxes_box_youGotCard_2.mp3,False,10048,7834,d6cabdbb,f8aca738b2f72e3186b21b493adf891bba6843b7be1b4f0ec9dc94bef67cd1d5,ORIGINAL_APPLICATION,game resource,MEDIUM
Payload/pool.app/surpriseBoxes-hd.plist,False,4402,1993,a1f9e3f1,53d078761e518f32831fcad8609a6221d605e7447f2aad1313f818bdf6d5dedc,ORIGINAL_APPLICATION,game resource,MEDIUM
Payload/pool.app/MCFButtonCyanFrame.plist,False,333,249,30a83872,584e0afa703a406b9dd39f915e8ca1e4ec01233077174c9f0a6881248426c29c,ORIGINAL_APPLICATION,game resource,MEDIUM
Payload/pool.app/Shop-FreeRewards-Cell-Gray-hd.png,False,1598,1598,b17e535f,93ba8013082df51c5f27c22c29477df02701868f9a835aa281e869b90a371a0f,ORIGINAL_APPLICATION,game resource,MEDIUM
Payload/pool.app/InboxButton.ccbi,False,1891,924,fcb43545,4c6a4978fd4f72621fa8740106f508dcb39643ce0ef01c05d9571c0cc47d21b0,ORIGINAL_APPLICATION,game resource,MEDIUM
Payload/pool.app/ProgressionBasedEvents.plist,False,757,479,b36daca9,44927e2d8cb2703635517b34ca29aa5e6df73d244ce8e967319f2dc20ea6edb5,ORIGINAL_APPLICATION,game resource,MEDIUM
Payload/pool.app/LabelTTF.ccbi,False,994,596,fdb04269,9efdc66538cd6b68204b03ad68dc2bb2555dcdb86f2e569a2cfa5af9e3701555,ORIGINAL_APPLICATION,game resource,MEDIUM
Payload/pool.app/39409_productIcon.png,False,5090,5090,fe85059e,ef0e26f80e0dbbdcb4bea1d333e73b5a2691607895d42cdc321308ab1ed9aa2e,ORIGINAL_APPLICATION,game resource,MEDIUM
Payload/pool.app/40069_productIcon.png,False,5090,5090,fe85059e,ef0e26f80e0dbbdcb4bea1d333e73b5a2691607895d42cdc321308ab1ed9aa2e,ORIGINAL_APPLICATION,game resource,MEDIUM
Payload/pool.app/PollPass_Lock.atlas,False,284,167,76212975,ffbe716eb9cb12c15e7d566d55b53dd211d5682faa9a5a17e13870abca068ffa,ORIGINAL_APPLICATION,game resource,MEDIUM
Payload/pool.app/FreeRewards-Stripe.png,False,616,616,d6e183b4,3a81c104b9136844066a77591adaa9e9e68f98737043c6246a86c0f4d0b4c4c8,ORIGINAL_APPLICATION,game resource,MEDIUM
Payload/pool.app/singletableLondon-ipad.plist,False,233,198,c6c49009,9c003cc9877cfe2cdb69d68986b4eca203f4c032da8fa77bda3ffe14364b65ca,ORIGINAL_APPLICATION,game resource,MEDIUM
Payload/pool.app/SubscriptionInfoCard.ccbi,False,8890,3560,ce495e2d,3671e02979c5e61f2a4913afd7bc739e5972a7f7e82cff6547347a1a32ef4d2e,ORIGINAL_APPLICATION,game resource,MEDIUM
Payload/pool.app/MenuNoAdsForYouPopupView.plist,False,478,388,c97f782f,edad75dd156983210d104e20a7692515935521dc4ac6395172d29e018d8e9f34,ORIGINAL_APPLICATION,game resource,MEDIUM
Payload/pool.app/MCFCueStatsBackgroundFrameDesc.plist,False,350,259,f57c8095,27d9652eac5c2e9bf9e7bbf51a2d83e5908f6a0c86e9f812dc3f9edc4a6df528,ORIGINAL_APPLICATION,game resource,MEDIUM
Payload/pool.app/MCFTierRulesRibbonFromHSF.plist,False,331,257,807aca19,3523d34a62c47f5f8629b86ad5287f8225b4949f24b3d999c913f84e7e6f4112,ORIGINAL_APPLICATION,game resource,MEDIUM
Payload/pool.app/Boost.ccbi,False,2201,1289,2598717f,62f13eb08c48966674a01446e651002b449248da8cee7d49828a5930fb92aea0,ORIGINAL_APPLICATION,game resource,MEDIUM
Payload/pool.app/MenuUserProfileContent_WithDailyStreak.ccbi,False,8076,3691,8a23f7e8,42e51075ee2d3c18dc7496ce4ea0f3a7233fa294088a53c3f7c9c0efed87da32,ORIGINAL_APPLICATION,game resource,MEDIUM
Payload/pool.app/flag_ML-hd.png,False,584,584,1ecc85b0,f3cb1ec200e95456bb0aeeb806b686f4638c31c8bab3b4965e18276c60f88543,ORIGINAL_APPLICATION,game resource,MEDIUM
Payload/pool.app/Shop-FreeRewards-Cell-Frame-Number.png,False,240,240,3fe62c0d,4412bebb83c0e9bcf6d843ccaac9c950e9309812e7223ff2e5ba83f566207837,ORIGINAL_APPLICATION,game resource,MEDIUM
Payload/pool.app/MCFSTopBarBackground.plist,False,355,256,ecfd19c2,a018e6d347423cad4a92ae87b2fa5a7fe2edfc44de2d3d0ba5ac5cd62544cbd0,ORIGINAL_APPLICATION,game resource,MEDIUM
Payload/pool.app/MCFSPremiumBubbleFrameDesc.plist,False,354,269,99653f28,441f6037673ce3cf712798d3446efe7af5b2aedb1b552b0c33f99f5c38e9dca2,ORIGINAL_APPLICATION,game resource,MEDIUM
Payload/pool.app/surpriseBoxEpic.png,False,13726,13726,29e53d8f,4ea3906fdf376e1b8cb2f20e2d0b04388660641b5c795a87892e3db62f26609b,ORIGINAL_APPLICATION,game resource,MEDIUM
Payload/pool.app/MenuClubLeaguesLeaderboardGeneralTabView.ccbi,False,4351,2150,915df83a,b36b13b28621fdbf1de65635816a517446fa9c3ef2714900e69fbbfad126edac,ORIGINAL_APPLICATION,game resource,MEDIUM
Payload/pool.app/sfx_counter_decreasing_ticking.mp3,False,40870,39793,dafd0318,4d2b37b7167abeafe9fe0d8a072d1e9cec82edc95c82ae20a9c0b52721c32c2c,ORIGINAL_APPLICATION,game resource,MEDIUM
Payload/pool.app/sfx_luckyShot_gold_popup_in.mp3,False,51677,33697,b005304b,db4d40d29ce7880c4cdd04850ef8e4acd180ce43dd5d5ae055f30aa43a9cc2a4,ORIGINAL_APPLICATION,game resource,MEDIUM
Payload/pool.app/MCFButtonGreenFrameFromHSF.plist,False,345,259,ea61060d,60b632bcf98668252b75db21059d89ef97d63a63767b290f476e526ce67e7a10,ORIGINAL_APPLICATION,game resource,MEDIUM
Payload/pool.app/ballsBase-ipadhd.png,False,8320,8320,e2266794,74acdb4ad2f479dcf31300d333ec403b72ddab563266e96596abf97836454d4a,ORIGINAL_APPLICATION,game resource,MEDIUM
Payload/pool.app/LeaderboardMenuTable.ccbi,False,2013,1106,3c0ca2c5,3910c42582629145da483cf50095d0e46ce5791f8c70264b291fdbd40333a7ee,ORIGINAL_APPLICATION,game resource,MEDIUM
Payload/pool.app/Progression.plist,False,639,377,e23d06b6,2de5300b34f24c9bd320aa4697ccd50a83bacf1594a0595388c331d05468baf8,ORIGINAL_APPLICATION,game resource,MEDIUM
Payload/pool.app/LeagueMedalDefault.ccbi,False,149,128,acb43e69,23d7e6620406af412af91f123f5e74713148c0fb42f3b4c1933740e445660f0f,ORIGINAL_APPLICATION,game resource,MEDIUM
Payload/pool.app/flag_NR-hd.png,False,642,642,9aaeda1a,48c9fa32c9fcceb4e059246d4b89b1660d210ad8acf8fd32a6d0d2fc12cc29cd,ORIGINAL_APPLICATION,game resource,MEDIUM
Payload/pool.app/SurpriseBoxes_Card.atlas,False,192,145,a3c54083,2251a65edf701027197fc861697a1493c064bb747560b0b290aad30eec2eec1d,ORIGINAL_APPLICATION,game resource,MEDIUM
Payload/pool.app/CueCollectionInfoPowerPage.ccbi,False,2014,1185,3bfef73d,3dfe36cd01eb30ba63c1d84a485be2d7a94481309cefaf5e6745f77105654ea5,ORIGINAL_APPLICATION,game resource,MEDIUM
Payload/pool.app/Champion_Medal_2.skel,False,1967,766,f230ebea,ee77edc1cf275036fb1ee4c5fe28918a9fd210c22e05330132f8257a32cb7414,ORIGINAL_APPLICATION,game resource,MEDIUM
Payload/pool.app/Info.plist,False,38105,4894,7176beed,84572f30773e74ca2fdd1688631bd5b5ab12c12f629d38504532bc107858dd23,ORIGINAL_APPLICATION,bundle metadata / localization,HIGH
Payload/pool.app/Coins_Pile_2_Blue_Glow.png,False,33966,33976,73d1cf35,1257813292380ea6496e8eb54c8ff398d61bfa7d8ab00d29652ac838db276734,ORIGINAL_APPLICATION,game resource,MEDIUM
Payload/pool.app/MCFClubsPrizeBarSeparator2.plist,False,354,265,6f264f1b,777e50f8ef2a7e06174b62efd491aedfb8c5b6c2a23c93377de36aaf95a296e1,ORIGINAL_APPLICATION,game resource,MEDIUM
Payload/pool.app/ChooseAccountOnConflictPopup.ccbi,False,4335,2231,cdc77617,177a190aa6efa02f8cd7067436b2319aa79e67f3c573cf541d58f2a33566a8a8,ORIGINAL_APPLICATION,game resource,MEDIUM
Payload/pool.app/Splash-Landscape-iPhone-AnyWidth-AnyHeight@3x.png,False,20340,14877,0f4af43f,1d227817f9fa810156cff864be84b448c749dd6bd0444a29399c9e527611fa16,ORIGINAL_APPLICATION,game resource,MEDIUM
Payload/pool.app/ball15-hd.png,False,1446,1446,f5f2ae57,eff2dbc424792313e67870a5932a1bd0bc2f5b0504acf14589534c83002564df,ORIGINAL_APPLICATION,game resource,MEDIUM
Payload/pool.app/sfx_clock.mp3,False,9404,9130,31593749,679f2aa890ebae3ac3b09850702d411832c3e4955992f0fc4a6b6988875a03a8,ORIGINAL_APPLICATION,game resource,MEDIUM
Payload/pool.app/flag_GF-hd.png,False,584,584,7fa86e94,c142e658fa12c559ced2209dc1909971287d25fc95d2c7034de5ff2d5b243d47,ORIGINAL_APPLICATION,game resource,MEDIUM
Payload/pool.app/SurpriseBoxes_Box.skel,False,26286,7229,f7a9f181,1b2c0ac275df6b0eb55b4d98dc80957d483e486c1189fd9db12de48579265b79,ORIGINAL_APPLICATION,game resource,MEDIUM
Payload/pool.app/flag_CU-hd.png,False,858,858,e425683e,d54c38895c95bd6e19ddc699a1ba80c3c183140a87652c8512465f4ae3d3eef0,ORIGINAL_APPLICATION,game resource,MEDIUM
Payload/pool.app/BigBox_Rare_Shines.png,False,556,556,e986073d,01a48de9f9e82cc5f6784d22eea6039248f2181b3afe42587822ffddb6715153,ORIGINAL_APPLICATION,game resource,MEDIUM
Payload/pool.app/MenuClubLeagueChangedPopup.ccbi,False,3462,1837,e4993fe3,28b9f0c8de743b1234d9ab96cc21c75f8aec5f9d7d907f0c60f8dbb9ff2e03a4,ORIGINAL_APPLICATION,game resource,MEDIUM
Payload/pool.app/UserGenericProductView.ccbi,False,2678,1467,aeb67224,58ee7dcbf3ee9856af259ae53addf95d1c7abee19424ac8bd0de9247b858f51b,ORIGINAL_APPLICATION,game resource,MEDIUM
Payload/pool.app/Card-Rare-Front-hd.png,False,6184,6140,c236811b,50b9feeba1066d3ebd07c4d676dabec2f31f0b63667c977846eb40999ea0291b,ORIGINAL_APPLICATION,game resource,MEDIUM
Payload/pool.app/MCFButtonPurpleFrame.plist,False,335,250,aa5f357e,af284929b32d8ec7d7c5dca9fb37b43799e66b25dc2b3b78f1dbb0e07443a791,ORIGINAL_APPLICATION,game resource,MEDIUM
Payload/pool.app/theme7.plist,False,433,324,5adbe657,3da0ae38486df06797a661b3e5d31d63cd9bc4bac13541c60729d337ea0281b0,ORIGINAL_APPLICATION,game resource,MEDIUM
Payload/pool.app/MCFClubsPrizeBarSeparator.plist,False,345,257,592bbc7d,dd38bc163a48cb07f9e263465abb7848876e7d7120e55b371060c62b459e1348,ORIGINAL_APPLICATION,game resource,MEDIUM
Payload/pool.app/flag_SD-hd.png,False,624,624,78669097,9fc68a166db61bbbcc38ca1a4413e49e8a84599ff97322fef7bac44b3a37dd48,ORIGINAL_APPLICATION,game resource,MEDIUM
Payload/pool.app/MCFMatchScreenPlayerCoinsFrame.plist,False,341,259,f4125a92,9c29dd6274dd37afe706dac19a26e76b6f01f89bf517735b82360951e96620ad,ORIGINAL_APPLICATION,game resource,MEDIUM
Payload/pool.app/themeLogos1-hd.png,False,464220,464234,593c6c01,20d8c752bda5ed98bc66c4ee51d1cd326afecabd4c28940549c6d3ec922fa32f,ORIGINAL_APPLICATION,game resource,MEDIUM
Payload/pool.app/FramedSpritePopupItemDesc.plist,False,210,180,e79609f6,06ac6bed271adeb865cafd21c3b86f97878a70cf9f275563299b088a1d09c8fb,ORIGINAL_APPLICATION,game resource,MEDIUM
Payload/pool.app/Cue_Collection_BG_Purple-hd.png,False,15312,15312,be5e55b0,9137348c3631a2c98d13c8ad1893547f904871fa3a18c22ca87e70673504a64c,ORIGINAL_APPLICATION,game resource,MEDIUM
Payload/pool.app/DailySpin_MainButton.atlas,False,298,174,18c5b412,182be888326b5cc7a460f26698875f566c301022fe15839a732817da897bfa59,ORIGINAL_APPLICATION,game resource,MEDIUM
Payload/pool.app/MenuItemsReceivedPopupView.ccbi,False,3522,1948,32497320,48118435bb3d518ab8103c16e99348bdd90324834adcd056832a21f5dfd90557,ORIGINAL_APPLICATION,game resource,MEDIUM
Payload/pool.app/PoolTitlesFntLabelTTF.ccbi,False,807,525,95da2c1e,43c1b6cb59f0ea6bff910e778ca331472016a0ba64c64420a7709876789ab2b7,ORIGINAL_APPLICATION,game resource,MEDIUM
Payload/pool.app/ShopPromo_Cards_LayoutV2-hd.plist,False,1380,650,ded8ff25,fc9f8e6603947ec5f3ab3e3d097881179ffec9ce8c103e4707879f09398a6eed,ORIGINAL_APPLICATION,game resource,MEDIUM
Payload/pool.app/pt_br_text.plist,False,1213090,445324,463e965c,9dcf5cfa8ea80c88a1f6be077b8a19708566beeb272e3f7650f93f022ce47f37,ORIGINAL_APPLICATION,game resource,MEDIUM
Payload/pool.app/flag_UG-hd.png,False,848,848,1f75dacf,e9dbb8119144552b117ca2a3dff2e618fc3e23a49696ce60c239b60d4c69e7f2,ORIGINAL_APPLICATION,game resource,MEDIUM
Payload/pool.app/DailySpin_Transition.atlas,False,195,149,53a46d98,9ccc478d507b40b93ccd25b199c179bee93b140aa7558189f8c44a716cc4fa91,ORIGINAL_APPLICATION,game resource,MEDIUM
Payload/pool.app/ru_promo_text.plist,False,104372,37400,6ad4c855,ec65b7055b0a084aeae34c2651febe4ae6db15a911c424a5bfc8bd0304e9af25,ORIGINAL_APPLICATION,game resource,MEDIUM
Payload/pool.app/tableCushions-ipad.png,False,1696,1696,ae33ce63,6a9ecb3e5fecb93cab31c38a71dfc518b2b5e0ce474042ed882649ad2bfc181d,ORIGINAL_APPLICATION,game resource,MEDIUM
Payload/pool.app/MCFSubscriptionLoungeCard.plist,False,353,267,d2a2c38f,b777a253fdce5f822ea01933ab24c6e2b350cd9ca4d7a629b121b92d77e4896b,ORIGINAL_APPLICATION,game resource,MEDIUM
Payload/pool.app/Card-Rare-Back.png,False,3034,3034,00e33a35,6ce5bad59da480f7d6dd47a8953a0712155385a6b49b7ac7369f36e8c62d2175,ORIGINAL_APPLICATION,game resource,MEDIUM
Payload/pool.app/DailyMissionsWidgetWithOverarching.ccbi,False,2702,1405,d1eb777c,4cf0bc15d51c51af6a43a3033fb2340dd969531efc5a5b0c9ac1d9baf5734791,ORIGINAL_APPLICATION,game resource,MEDIUM
Payload/pool.app/DailySpin_MainButton-hd.png,False,8854,8834,be647c94,2df3c4796c31654d6d99629d3a431504900cd2ef410f66c6bbc9a2dc8e10d4cd,ORIGINAL_APPLICATION,game resource,MEDIUM
Payload/pool.app/MCFSLoginButtonMiniclipDark.plist,False,334,250,28ad7106,52db6b6e4c5b398b70129271bfd8277cae2b93ff6ebd1034e88ac2d1daf0e5b1,ORIGINAL_APPLICATION,game resource,MEDIUM
Payload/pool.app/flag_AE-hd.png,False,578,578,d4cd30d5,7cb166fb5598a30e98945bc82a77a6ee3f83ee4819d61f544a39fae4c2fb726f,ORIGINAL_APPLICATION,game resource,MEDIUM
Payload/pool.app/ps_cm_badge_header_idle_2.png,False,1932,1932,75b7ce72,35aca518ad1707cd3210199da83c07e9be2b59b1c4c0cd22f4c13d04ffb52953,ORIGINAL_APPLICATION,game resource,MEDIUM
Payload/pool.app/ShopPromo_Cards_LayoutV2-hd.png,False,93452,93398,9205f10d,d9def9764bf2cd54e069dc76e77308359cdb41f3304eb09b329774c8b6e8cdb1,ORIGINAL_APPLICATION,game resource,MEDIUM
Payload/pool.app/MCFButtonTwitterFrame.plist,False,334,247,d786029d,75e02c27ad32533018440c84872523343cece84a628f0fab02f80fc36717f3c7,ORIGINAL_APPLICATION,game resource,MEDIUM
Payload/pool.app/Spin_Sparkles_Particles.png,False,1590,1590,b8beaa0d,2673942b382dd00c85ca0edf5cae3f9b682b1f05e682552fc02efcc5ebabb8d4,ORIGINAL_APPLICATION,game resource,MEDIUM
Payload/pool.app/flag_TV.png,False,464,464,a38722c7,68b072894b4bfa39db32d095b8a1c568ddb212c176cc3f6675d1176e4fcbaf47,ORIGINAL_APPLICATION,game resource,MEDIUM
Payload/pool.app/TrophyRoadTier.ccbi,False,1851,1043,3c2047cd,a4f9429bf231396a44a9dcf17ba5dd925b9f2ed40f4d77bc1c092e6c34c3ba44,ORIGINAL_APPLICATION,game resource,MEDIUM
Payload/pool.app/flag_UK-hd.png,False,1366,1366,cfc966fc,655db202e35ddcc3b782aaa9f1029768975ab5e437827265897f0411daea29e2,ORIGINAL_APPLICATION,game resource,MEDIUM
Payload/pool.app/flag_VI.png,False,444,444,44f7d90a,5d0db1ef724ac654cd1340a4a637c0f82f21124009455e88471363c567be705c,ORIGINAL_APPLICATION,game resource,MEDIUM
Payload/pool.app/CueCollectionRoadCurrentPointsBubbleWidget.ccbi,False,1536,912,2cc42a76,c39273b4067aeff3875a043c50dae9e072a0de115e32eb217b488f4e1db51ee0,ORIGINAL_APPLICATION,game resource,MEDIUM
Payload/pool.app/AccountLoginButton.ccbi,False,3745,1487,ad7a0cd4,7218c46278cc03faa2f9c0d32bad24c083d865277a4a70449f3b9cf045104ae9,ORIGINAL_APPLICATION,game resource,MEDIUM
Payload/pool.app/ball7-ipadhd.png,False,3922,3231,24ead903,284126ab5101e2732cdeb75c47fc33de4d2051059673b89a645c18851b572d5c,ORIGINAL_APPLICATION,game resource,MEDIUM
Payload/pool.app/Generic_Logo_MMR-ipadhd.png,False,43070,43080,08f6f162,bedd177b8280bcfcea6c264a94bcae0b5c8fca961fbd559513b00818ed89aa45,ORIGINAL_APPLICATION,game resource,MEDIUM
Payload/pool.app/surpriseBoxEpic-hd.plist,False,611,436,95138272,b7c5730dcb1122146d495004bd95473bf5c5230ed31cfd7831fd76a99df4ec4f,ORIGINAL_APPLICATION,game resource,MEDIUM
Payload/pool.app/Progression-hd.plist,False,641,383,a7f6f553,2916e0416b6c229afa279373f91029322491f182ea400a3be9a9b1d50640f87f,ORIGINAL_APPLICATION,game resource,MEDIUM
Payload/pool.app/flag_BW-hd.png,False,544,544,8de7cde0,7feaccac326cb35fe337c53089b1237894cb0547bb9b5b6cc10cdd6f519557b0,ORIGINAL_APPLICATION,game resource,MEDIUM
Payload/pool.app/ball13.png,False,846,846,55a39089,c24fc9e2239d81af07b347adcf0789c14afdab41e7a7c464123123ce5e5acb70,ORIGINAL_APPLICATION,game resource,MEDIUM
Payload/pool.app/FramedSpriteCellFrameDesc.plist,False,209,179,62273aa4,2e253cd0f1216abec25979e984df44d9004332af08af07ed0f3c64738aa60cd3,ORIGINAL_APPLICATION,game resource,MEDIUM
Payload/pool.app/flag_VU-hd.png,False,968,968,9053e5a4,465a538e88701ea480db9afad335fc040f521e7a2d59337657a52d4f6c155542,ORIGINAL_APPLICATION,game resource,MEDIUM
Payload/pool.app/56_28_0_MenuUserProfileMiniPopup.ccbi,False,5735,2778,b1dd2664,7c80cbe8bf7478fc7f60e2189fb3a6bc5ec6556d1bde87f1ba510c9563a203b7,ORIGINAL_APPLICATION,game resource,MEDIUM
Payload/pool.app/Pink_Particles.plist,False,1522,822,5c5fc48b,3bfb3a7c8ca4daf4652d3e478ef4ec9fec10d023fd751b16c8aa544379e831f5,ORIGINAL_APPLICATION,game resource,MEDIUM
Payload/pool.app/sfx_luckyShot_ballOnTable_3.mp3,False,8483,3012,94dbaef1,d2f25ce31ecdb182b5213ce2d600e79d1d2d86d751e37830dae8a712ab90e785,ORIGINAL_APPLICATION,game resource,MEDIUM
Payload/pool.app/NotoSansDevanagariUI-SemiBold.ttf,False,146420,61319,24e13016,38cb0c951e959e43cf58dcb886806667d9c8bd69f2d6636f869945d1e8bc7a9c,ORIGINAL_APPLICATION,game resource,MEDIUM
Payload/pool.app/CueCollectionRoadPrizeCell.ccbi,False,1466,845,fa3fb848,36b6a8e1417d463451fe1b441c1972a5cae51eadb2375e695bb707db611f195e,ORIGINAL_APPLICATION,game resource,MEDIUM
Payload/pool.app/flag_AI-hd.png,False,956,956,f624dd33,32a764184398e45f30f0e26d1ba83551fd9ff04dd3ac963612c14440a92225c8,ORIGINAL_APPLICATION,game resource,MEDIUM
Payload/pool.app/DailyMissionsDropdown_WithGoButton.ccbi,False,2767,1545,83c5ac47,659b2a51f870e95a5024eedb601616922be5de808984f601b414995a2493c398,ORIGINAL_APPLICATION,game resource,MEDIUM
Payload/pool.app/39410_productIcon-hd.png,False,12828,12828,c069c879,87e1ddc0c695d9bc62385cb827eaa8c86ba3cf380df69dcd57f35761a2a744f7,ORIGINAL_APPLICATION,game resource,MEDIUM
Payload/pool.app/flag_NO.png,False,494,494,546919e7,5691707455127fefefd1b5874d91346e1c64519b7e7bd8b4c3d147cd1f45d1cf,ORIGINAL_APPLICATION,game resource,MEDIUM
Payload/pool.app/flag_MT.png,False,338,338,afad1c60,48890968822da741e85eba44bdb55c02552da0779a195784ed1d8382cbb204d3,ORIGINAL_APPLICATION,game resource,MEDIUM
Payload/pool.app/flag_CY-hd.png,False,502,502,268e4e04,ab409e33d682858990f1e619e1d23ead9ff7f32524a437ad3fd0f3ba5ce1505b,ORIGINAL_APPLICATION,game resource,MEDIUM
Payload/pool.app/White_Particles.plist,False,11106,5006,940fb1a5,cb45b3306c5d3b83aa55681a576d0e1c40eeb8aea1efe5ea7a37e08aeb3cdf38,ORIGINAL_APPLICATION,game resource,MEDIUM
Payload/pool.app/sfx_luckyShot_ingame_UI_2ndPrize.mp3,False,1284,469,e9c3a4d6,eda7eddb75b6da2a8bef9251a5c2146eb3b3c832f3d271b63e3426d2dffb05fe,ORIGINAL_APPLICATION,game resource,MEDIUM
Payload/pool.app/flag_MC.png,False,268,268,4046400e,6092817bae57f4d1937777aff6e0e20519d03aefaa28f37b00ea1fa6dcb424d2,ORIGINAL_APPLICATION,game resource,MEDIUM
Payload/pool.app/LuckyShotTrophies.ccbi,False,297,235,92d1238a,142d8bc5e83325d18b53131adf22ccc536c1ba90e886935b8e7a5404f141ab04,ORIGINAL_APPLICATION,game resource,MEDIUM
Payload/pool.app/OpenSlotStateViewNode.ccbi,False,2503,1243,c19b1e53,aee6319884918c623b8168553869e774066ffdc45c440f831b2cf54ecd72b6e5,ORIGINAL_APPLICATION,game resource,MEDIUM
Payload/pool.app/flag_CH.png,False,403,403,59b93da9,f410bdf4fe1fd29c90f9958e3dd9fb3150a350a03ea7b769574698bea7b8bf0e,ORIGINAL_APPLICATION,game resource,MEDIUM
Payload/pool.app/FramedSpriteLeaderboardPopupTabSelectedDesc.plist,False,210,188,c1f702c1,9b26a552786876318e038b9288bb2ef936527a56f5561eb840951b9423dc6c25,ORIGINAL_APPLICATION,game resource,MEDIUM
Payload/pool.app/flag_AW.png,False,364,364,86ccf1c0,75a208a2af5b7a7c9a3dcb334d74282590ed94be0677a973d509836c9c62b92a,ORIGINAL_APPLICATION,game resource,MEDIUM
Payload/pool.app/theme1-hd.plist,False,469,337,d2859982,c11943342d473f48e84cf91b036d4cf40fea3126d5f4d08969860527c26f60f0,ORIGINAL_APPLICATION,game resource,MEDIUM
Payload/pool.app/ball6-ipad.png,False,2238,2238,6f969e68,d2159f8520960d45b224fc71b55bf0155f3803f13a9a7a3daeeb80847920e015,ORIGINAL_APPLICATION,game resource,MEDIUM
Payload/pool.app/TrophyRoadMiddleBar.ccbi,False,1264,643,667ccd8c,5ae57a2efb39fca15ad13818c79d68db440bbd957d6a509a329e506517c9b5b7,ORIGINAL_APPLICATION,game resource,MEDIUM
Payload/pool.app/flag_SH-hd.png,False,864,864,18a8ce14,626125e01b5038a35a41bd072d5148cea17dd8b8d201114698a2c6f703771f50,ORIGINAL_APPLICATION,game resource,MEDIUM
Payload/pool.app/ball7-ipad.png,False,1998,1998,c0c294e4,cfcacf3bfe40aba7915bfd5126384b7c751f5d51f7070e7d7009254893111c58,ORIGINAL_APPLICATION,game resource,MEDIUM
Payload/pool.app/Shop-Promo-Card-SB-Legendary-A.png,False,1250,1250,a4a13c64,84c45ed9404244d8684fc4551cb3c7365a151a6be5b409b599d6e8d5d15167a5,ORIGINAL_APPLICATION,game resource,MEDIUM
Payload/pool.app/VictoryBoxNode.ccbi,False,3488,1368,c36e6cdf,0de3c56b0bfc778a5587ee067efb19c9d43a05e27c3db1ab5117b439fafceb39,ORIGINAL_APPLICATION,game resource,MEDIUM
Payload/pool.app/flag_BZ.png,False,428,428,53897767,54deb238be79b12ddc762d1d471547094fc8c32706fbf721860b872576894b28,ORIGINAL_APPLICATION,game resource,MEDIUM
Payload/pool.app/MenuNoAdsForYouPopupView.ccbi,False,1394,915,bc5d3759,3a171e33044ff0765dd330a5ae562c2f780f4a051293b5fba5c079fd0da339c5,ORIGINAL_APPLICATION,game resource,MEDIUM
Payload/pool.app/flag_AQ-hd.png,False,772,772,e99e06b3,6589aaacd3037b91d97b88cf711c9f33694175a4342b25d477ca099fda91232e,ORIGINAL_APPLICATION,game resource,MEDIUM
Payload/pool.app/ProgressionBasedEvents-hd.png,False,22374,22374,479bb52e,5b495e247050d9d47c7cd4da03ad2a750a8602e84bdcd04163b7be8592634d15,ORIGINAL_APPLICATION,game resource,MEDIUM
Payload/pool.app/BG-Tournaments-BuenosAires.png,False,9104,9104,e6133022,5e844afa7a03c0146149fc6cf9c77bd3fc5c9a6ab30beb5a3efc636268b3cba4,ORIGINAL_APPLICATION,game resource,MEDIUM
Payload/pool.app/flag_BM.png,False,488,488,37e43423,5ec57043c3568dc16d45ec9bb946cdbf277a02a92d55d5f1eac9ee207f728479,ORIGINAL_APPLICATION,game resource,MEDIUM
Payload/pool.app/ShopPromoWalletWidget.ccbi,False,1492,927,c0cc90ba,8f85ac005b1448a3588553528b96d5aa34165e659f81bf982797c013a2d1669f,ORIGINAL_APPLICATION,game resource,MEDIUM
Payload/pool.app/Blue_Top_Particles.plist,False,1517,814,c1dc125a,27526ba4035b275c0d38aead83cd86935bc3bfb65108cc2918aed77f1e7803bd,ORIGINAL_APPLICATION,game resource,MEDIUM
Payload/pool.app/flag_CI.png,False,332,332,773d0277,c2b534f5670a196984c39928c3e79da6ab8e0826b8a5a02ad026bcbae28a03d8,ORIGINAL_APPLICATION,game resource,MEDIUM
Payload/pool.app/PkgInfo,False,8,8,5b8a0449,82502191c9484b04d685374f9879a0066069c49b8acae7a04b01d38d07e8eca0,ORIGINAL_APPLICATION,game resource,MEDIUM
Payload/pool.app/Card-Epic-Back-hd.png,False,8848,8839,92066fb7,92467551cc60424fd45cecfe45aa25824cefe8d3cd83f85938dcd16726ad8c31,ORIGINAL_APPLICATION,game resource,MEDIUM
Payload/pool.app/FreeSpinTrophies.ccbi,False,304,240,6de982ac,13408081d41d44c388334c2c91fbba8686d44c8edbe85efc1473744d3744cc42,ORIGINAL_APPLICATION,game resource,MEDIUM
Payload/pool.app/Pot_Particle.png,False,556,556,e986073d,01a48de9f9e82cc5f6784d22eea6039248f2181b3afe42587822ffddb6715153,ORIGINAL_APPLICATION,game resource,MEDIUM
Payload/pool.app/PoolGenericButton.ccbi,False,1579,856,853f6248,a854b6c6677e89adc6fba5b2d9bf7d62bc62626bcb2b5c121e612816de943c0a,ORIGINAL_APPLICATION,game resource,MEDIUM
Payload/pool.app/flag_BO-hd.png,False,564,564,24db0bd2,bfc9bb7a98669dc88ddd3ca5298a304574988fa4ca71cb34d6973f5d5c3c3a61,ORIGINAL_APPLICATION,game resource,MEDIUM
Payload/pool.app/MCFDailyRewardArrow2FrameDesc.plist,False,357,263,b37aeb64,9c82e07898f69e041fc29777249bee891058af1b1d3bf42fc2c2e0635352ed84,ORIGINAL_APPLICATION,game resource,MEDIUM
Payload/pool.app/FormFallbackTransactionButton.ccbi,False,3806,1853,4e010398,dc6cc1b8139d587c0689eb38bed307ff3c92c0d3bd1318f080bda134feb9dca0,ORIGINAL_APPLICATION,game resource,MEDIUM
Payload/pool.app/jp_text.plist,False,1069592,424197,802b47f9,bea70e1defc7ea698fba3c25dfbf51a958b83834c237be85001c4afd9c0f1c46,ORIGINAL_APPLICATION,game resource,MEDIUM
Payload/pool.app/ps_explosion_1.plist,False,10762,8074,b50e58e1,e0356cbeddb05a8f718790c5fd84efa45f6c2ea4752c17a08ea51358b3baa922,ORIGINAL_APPLICATION,game resource,MEDIUM
Payload/pool.app/MCFSGenericFrame2.plist,False,329,241,88e90e3d,d582c9eaa03fe03f31c041b10bb9004f1e9ea0745301b61339ec5d4e07f20c0d,ORIGINAL_APPLICATION,game resource,MEDIUM
Payload/pool.app/jp_promo_text.plist,False,93127,34938,09cccc72,168184b258334b2bb48368c29bbb278e6075de492e6b23e110278f0102055e23,ORIGINAL_APPLICATION,game resource,MEDIUM
Payload/pool.app/localization1_it-hd.plist,False,476,363,aea158b2,e41018c53bdd24fe43a36d91a9b9a403317098c7424e2ae670c6192a73a6a68e,ORIGINAL_APPLICATION,game resource,MEDIUM
Payload/pool.app/cueInfo.png,False,1414,1414,7c3920a0,48e7d96372ea5fdebc0bb97742bba30e16140e1163e789053e396b4422fbb7e4,ORIGINAL_APPLICATION,game resource,MEDIUM
Payload/pool.app/flag_MU.png,False,366,366,b06a0104,5865a3cf7bdb3d2f57d3861153ea002f0fb34d57b4318ccc3812ee2fecce6d91,ORIGINAL_APPLICATION,game resource,MEDIUM
Payload/pool.app/BoostWidgetMainMenu.ccbi,False,1354,740,d333db69,f80483077e5f737327ff0f2ebe3a5df0fa04fbe5b255bcab1ef50b6ce189d23b,ORIGINAL_APPLICATION,game resource,MEDIUM
Payload/pool.app/flag_US-hd.png,False,928,928,49b4f041,4255d122fa5f9fe68f2679a2894553ca2e66440f3569900fe5594281bc47e1b8,ORIGINAL_APPLICATION,game resource,MEDIUM
Payload/pool.app/iMessenger_background-ipadhd.png,False,333488,333543,1e307867,f6bc89f9781fcfb6f9c4763d452e279d14f238f17d6cad6a9bbd1f2329fa5894,ORIGINAL_APPLICATION,game resource,MEDIUM
Payload/pool.app/ClubInviteMsgBubble.ccbi,False,642,489,37980659,91420eeb587f5ef8ff60c7bf167200ad86707dde831f6354aadafd53e4e93fb9,ORIGINAL_APPLICATION,game resource,MEDIUM
Payload/pool.app/MCFSGenericFrame21.plist,False,330,242,3e32b75a,14c0aa073b8b6b2a059b1234879a1050044599f33baa04c84f8b5afc51d3eb27,ORIGINAL_APPLICATION,game resource,MEDIUM
Payload/pool.app/hi.lproj/,True,0,0,00000000,,ORIGINAL_APPLICATION,bundle metadata / localization,HIGH
Payload/pool.app/hi.lproj/strings.strings,False,73,67,271593cb,f55c7db739fba8921e60443a61281f0e76276e114b11f6a841b57c1bf96fdbb5,ORIGINAL_APPLICATION,bundle metadata / localization,HIGH
Payload/pool.app/hi.lproj/InfoPlist.strings,False,216,164,591a8bee,c5f15e91e76d761c0804aa9a81f87a79774327bb2d5c38f3cf11471474cf967d,ORIGINAL_APPLICATION,bundle metadata / localization,HIGH
Payload/pool.app/dailySpin-hd.png,False,43394,43404,767dc1f9,c989c7c3d5cca4c6e34bf0466c3ee7e16e120440957029e61bcf010bad973ed2,ORIGINAL_APPLICATION,game resource,MEDIUM
Payload/pool.app/localization1_en-hd.png,False,39340,39350,788b7a57,ed25190610693c481658bb3068d3399193aefc53778de49674fece048c8358e2,ORIGINAL_APPLICATION,game resource,MEDIUM
Payload/pool.app/TheLostLuminousCueTableRight.plist,False,11792,8829,18e3c640,75be93b3440fed4635560d2d30d39969a33173e50e02ca99075bdfd0427506a3,ORIGINAL_APPLICATION,game resource,MEDIUM
Payload/pool.app/ClubsNewMessagesSeparator.ccbi,False,802,536,ce42c9b2,bc6a828f3229f30a7725653fad3ab0cbf22c9794ba216de559775e94ae48f979,ORIGINAL_APPLICATION,game resource,MEDIUM
Payload/pool.app/sfx_luckyShot_ballOnTable_2.mp3,False,8483,3397,1d006f98,6b382deea0d39a5fae46705961fa7824753193453ef38b20a2143170da997d0c,ORIGINAL_APPLICATION,game resource,MEDIUM
Payload/pool.app/SurpriseBoxesShopMenuNode.ccbi,False,2704,1413,ca190be9,87358c8532f2c099d7b6c32935e20c3b3821eadbec991dfc62ed412ac87cc4ab,ORIGINAL_APPLICATION,game resource,MEDIUM
Payload/pool.app/Blue_Particles.plist,False,1522,819,5bb4befd,a8a0da0e8aa42dbe0cedd7a3c024685503c8aee3bff8fb4f5c11e918ca441bef,ORIGINAL_APPLICATION,game resource,MEDIUM
Payload/pool.app/TopBarCuesButton.ccbi,False,3518,1907,d0212eea,feeb15af10a20e1f3ce9e10270e2818bc1bee8c5d421e25307d797d3715ad968,ORIGINAL_APPLICATION,game resource,MEDIUM
Payload/pool.app/ps_cm_featureunlock_idle_1.png,False,1932,1932,75b7ce72,35aca518ad1707cd3210199da83c07e9be2b59b1c4c0cd22f4c13d04ffb52953,ORIGINAL_APPLICATION,game resource,MEDIUM
Payload/pool.app/ball12.png,False,838,838,3b102aad,42950a5bcf2748d030469965ed9e1380f73ed969f90d48b46b5cc41d9a625f38,ORIGINAL_APPLICATION,game resource,MEDIUM
Payload/pool.app/ShopSubscriptionMainButtonOverlay.ccbi,False,1747,952,d786b4e6,8f2e96261028d077334c344d759780f3ccf1c8d088458afdd3e336343b9dd9c6,ORIGINAL_APPLICATION,game resource,MEDIUM
Payload/pool.app/MenuProgressiveVideoAdRewardsPopup.ccbi,False,5031,2391,4c1a861e,5d93f434bb8c2c2688ae7d7edc4f8d12ad2d7a37ee758eed113315e219e2c57e,ORIGINAL_APPLICATION,game resource,MEDIUM
Payload/pool.app/Coin_Texture.png,False,3206,3206,e918d830,fd07a29c9a876241976be8ff186f61292d07e4e4badfcd1896932e6247e0b6e1,ORIGINAL_APPLICATION,game resource,MEDIUM
Payload/pool.app/ball13-ipadhd.png,False,5402,4589,e7aa8c61,391adb22d8873467e7215c7cadd242489a8649acc809f119233cafff7807de24,ORIGINAL_APPLICATION,game resource,MEDIUM
Payload/pool.app/flag_PN-hd.png,False,976,976,1acc8cc5,853ca2158fd4e3587f8c0aec8ce0f0afba06fdf27485254e5acc4895033b25b6,ORIGINAL_APPLICATION,game resource,MEDIUM
Payload/pool.app/MenuClubsClubFullPopup.ccbi,False,2267,1318,a5f97b51,e3196144a3d71fac43e13d8de506197d376bd51830015c45e5023be12d71b37a,ORIGINAL_APPLICATION,game resource,MEDIUM
Payload/pool.app/GiftsNotAvailablePopup.ccbi,False,2756,1559,73904f0a,dcc25922e13421b4d3304b1af680313ed49c7ddb17a3da841ca43f36ce287a33,ORIGINAL_APPLICATION,game resource,MEDIUM
Payload/pool.app/flag_US.png,False,390,390,fff5c070,7fa559b90ba96f0bec9c9e08774dc75301e0f60c3e6640c35a2767b577841ecf,ORIGINAL_APPLICATION,game resource,MEDIUM
Payload/pool.app/QFP0AVP4A-hd.png,False,13242,13242,148fcf1c,ce57abd3f8e9e9df147b158e06def1463a5b2ab5591b064d77558328ddf8efe6,ORIGINAL_APPLICATION,game resource,MEDIUM
Payload/pool.app/flag_GR-hd.png,False,788,788,71c8e3a9,58889c1cdf040b96aaffb429172c72a3d71b6fb60037845a45e4f50f17706b20,ORIGINAL_APPLICATION,game resource,MEDIUM
Payload/pool.app/GenericCircularCounter_v56_19_0.ccbi,False,1413,800,c9aaef5b,0538218f7bdcc72c96a3a340a0ce985fe8cafefaa6c0680921f8d3a297b4fcd5,ORIGINAL_APPLICATION,game resource,MEDIUM
Payload/pool.app/flag_CA-hd.png,False,996,996,a94b9df7,612baf5b08a06ef6c410d9a4dcaf9993a4ba942323c0f31f792788d413b35029,ORIGINAL_APPLICATION,game resource,MEDIUM
Payload/pool.app/flag_TW.png,False,412,412,3e7442e3,7f08e8b9f76c888d151e2d08e8fa29b117a98506fadae6e705b0b099b173276e,ORIGINAL_APPLICATION,game resource,MEDIUM
Payload/pool.app/sfx_victoryBoxes_upgradeCue.mp3,False,149785,99963,f4da8390,ad0138f02670171692855b7a16f8c23d50f5373f29c572c7234000ff24cef00b,ORIGINAL_APPLICATION,game resource,MEDIUM
Payload/pool.app/Spin_Introduction_Particle.plist,False,6567,4869,51229689,88b85fce6a7d4b5749df0d2772bf0a90ec533c3899b823a7f70fe685cf1cf591,ORIGINAL_APPLICATION,game resource,MEDIUM
Payload/pool.app/SpectateBrowserSocialEntryPoint.ccbi,False,1549,982,30b688f2,5192c8375150d8d7228302d644154c3dbef3ce6c7522405492adc370115e723b,ORIGINAL_APPLICATION,game resource,MEDIUM
Payload/pool.app/sfx_victoryBoxes_box_youGotCard_1.mp3,False,10048,7517,4ecbb9db,b3e1f18e4f190ac40d6bd413af5b65d27c960e4e06ea414ba11de923d37b158b,ORIGINAL_APPLICATION,game resource,MEDIUM
Payload/pool.app/vi_text.plist,False,1291287,449055,ee91fa2b,46f89179e8b7be0aefb946fb5b0de3110845483b8f57005d5956fef525106e1e,ORIGINAL_APPLICATION,game resource,MEDIUM
Payload/pool.app/sfx_luckyShot_target_circularHighlight.mp3,False,35401,21457,b022721b,088f3d8e0851e6ae2cd7202759046c6c26ac8141b22877c8148c17293675d79e,ORIGINAL_APPLICATION,game resource,MEDIUM
Payload/pool.app/GS_1_idle_01.png,False,972,972,e3209090,bf3a7cc192e9fbb61e145dbc26208607d446cd4f08a92a29f96f421a7f958e90,ORIGINAL_APPLICATION,game resource,MEDIUM
Payload/pool.app/MenuClubsLandingTabSearch.ccbi,False,152,134,dd968d8f,caca83c38c842e4199e29cb86ae48717e2be2d072c7170a0513890aa5fe146b5,ORIGINAL_APPLICATION,game resource,MEDIUM
Payload/pool.app/flag_CM-hd.png,False,738,738,83b7a3b4,712fa21b78c4a85ed7e11529b3cb9b404d4b8299197eac33e21a144d39c178e9,ORIGINAL_APPLICATION,game resource,MEDIUM
Payload/pool.app/MCFTableBGAndroidTablet.plist,False,341,254,6e366ba6,4049bde140618d266c2dbbd71efe206520df3f76097bb0fba067d3c14af79967,ORIGINAL_APPLICATION,game resource,MEDIUM
Payload/pool.app/CoverflowLabelWithShadow.ccbi,False,841,532,439d8b24,6cb47e7903e44209524c1f63d12889c429289c5017a2bb9fc203f64e0eb35a72,ORIGINAL_APPLICATION,game resource,MEDIUM
Payload/pool.app/sfx_spinPressGoldenSpin.mp3,False,96123,76249,541d49de,7c3174bb2391cc6a895a1d9ac2d3c74dbd50ec4fa136ddbf00e0897af613660b,ORIGINAL_APPLICATION,game resource,MEDIUM
Payload/pool.app/ps_cm_cue_idle.png,False,1932,1932,75b7ce72,35aca518ad1707cd3210199da83c07e9be2b59b1c4c0cd22f4c13d04ffb52953,ORIGINAL_APPLICATION,game resource,MEDIUM
Payload/pool.app/GD-Animation-PrizeGlow.skel,False,1181,374,b61bcd52,9221df1259a56a355ddec1fd1f15ddf40f8b729ed978cfe31dce3a85f7bc24df,ORIGINAL_APPLICATION,game resource,MEDIUM
Payload/pool.app/ShopPromo_Cards_LayoutV2.plist,False,1356,601,ae29291e,06bc5acd38cbe8dfa0c7335747870ec387c9469225dcda33316e1df4f81300eb,ORIGINAL_APPLICATION,game resource,MEDIUM
Payload/pool.app/DailySpin_Lights.png,False,12140,12140,2c6c7803,2bfac90855ab2703f44b2512a486e94228e4abde906fa8cd51dd8dddce0f80c5,ORIGINAL_APPLICATION,game resource,MEDIUM
Payload/pool.app/SocialActivityNewSeparatorNode.ccbi,False,868,569,e152a106,77004e0db228ad01867a6f6185e6e09a488f35eabb8de7bdcfa428be67d2af4e,ORIGINAL_APPLICATION,game resource,MEDIUM
Payload/pool.app/flag_VA-hd.png,False,536,536,4d63ac36,10771b67f8ccc88693c1ff301a691bed8290219555278dbda7f019cf7cc2100a,ORIGINAL_APPLICATION,game resource,MEDIUM
Payload/pool.app/CreatorMode-hd.png,False,19174,19174,c905a7d5,23d401e74e9c1905e8be48a179364fd5dc5435a94d361eed6cb2aea7f92d5b12,ORIGINAL_APPLICATION,game resource,MEDIUM
Payload/pool.app/GenericGreenArrowBanner.ccbi,False,1717,1089,53745aa5,c8d82b0253a33184db19a45a45ca7ede8b4d8d52772d5394354723616eaedb6b,ORIGINAL_APPLICATION,game resource,MEDIUM
Payload/pool.app/Impact_Particule2.png,False,998,998,89548713,49f83c8bb3a0a68b00b954c775f10965de10b929b92044d043af673b579d1394,ORIGINAL_APPLICATION,game resource,MEDIUM
Payload/pool.app/ActionButtonLoaderLayout.ccbi,False,1185,684,a67185bf,adf30736e4787a7cac406709666e3c8339a1e8a29bb0096ee3408eb57ecc69dd,ORIGINAL_APPLICATION,game resource,MEDIUM
Payload/pool.app/TemporaryShopNodeCards-hd.png,False,62370,61551,efbfd4d8,2efc8a8b375853efe0285ae8997215401d07165cef10184e93b17fc5a05e70ec,ORIGINAL_APPLICATION,game resource,MEDIUM
Payload/pool.app/FormTransactionButton.ccbi,False,2685,1486,620bad57,046d044f3aa9c3ba55b5a09ec7b42fdb70a15283ce9a11083e92ee949a2b548a,ORIGINAL_APPLICATION,game resource,MEDIUM
Payload/pool.app/Offer-Button-Banner-Red-hd.png,False,654,654,431300db,a43570d93c51f3fa6cc0115eba66eec4205acd7a428d36dbdcc779807a983679,ORIGINAL_APPLICATION,game resource,MEDIUM
Payload/pool.app/MCFButtonWhiteFrame.plist,False,334,246,6dddc7fd,20d606cc2d478f4ba08ba6a18fed6fcd16e09992c8056f702db7f08b411cce2b,ORIGINAL_APPLICATION,game resource,MEDIUM
Payload/pool.app/iMessenger_background.png,False,24974,24974,7387d4f8,06400fe809ce856e21bc59fc8870d90bbc04fffd8ed1f04806469888a647ae85,ORIGINAL_APPLICATION,game resource,MEDIUM
Payload/pool.app/tournament-hd.plist,False,2504,1256,8a424cb5,9aaaf6f7c368b6413181ce84cb9054d4ea0eb652489449d7066f33599ea64020,ORIGINAL_APPLICATION,game resource,MEDIUM
Payload/pool.app/SubscriptionInfoLoungeMembership.ccbi,False,3180,1519,4363bcae,a04c5f00676639fa2f78fb9fe7a477c9d163f292489ddcc697a0a193c0b4a389,ORIGINAL_APPLICATION,game resource,MEDIUM
Payload/pool.app/imessenger.png,False,19586,19586,b3d39cfe,a75ad0cfa0295ff81965cd7bc277899c77239c3287fea4aac98d4189400e3aed,ORIGINAL_APPLICATION,game resource,MEDIUM
Payload/pool.app/GenericProductsView-hd.png,False,22156,22114,3519be38,e277274c6df14942ebd413af718dc7a21cf7d5a7912c14cd5014074a7b957877,ORIGINAL_APPLICATION,game resource,MEDIUM
Payload/pool.app/sfx_LAchampionship_championshipResults_didntWin.mp3,False,55120,46214,70827398,4abfdb8cd0b192a9b3f090c6d3f3bccc64aff745b943bff9342e37d7012185f7,ORIGINAL_APPLICATION,game resource,MEDIUM
Payload/pool.app/CueMastery-hd.png,False,251786,251629,431c4b5a,6e84db52088d2da8d02db3c59e79c09593dc603105670470b13ee8583ff93369,ORIGINAL_APPLICATION,game resource,MEDIUM
Payload/pool.app/FriendActionsWidget.ccbi,False,2810,1468,cd251c25,490446b0cb9e2266cb7cd5c7a31e10a29ac60bb4c2f6cc998e4a7988de5eb97c,ORIGINAL_APPLICATION,game resource,MEDIUM
Payload/pool.app/ProductNodesCommon.png,False,15760,15760,0cabdcd3,bb40c6cd872398482edd3d3f22fd5ac132d15385fed9e70f78ec32e2d7968785,ORIGINAL_APPLICATION,game resource,MEDIUM
Payload/pool.app/MCFLeaderboardTabSelectedDesc.plist,False,353,260,23773dac,bef2bff51288e44402fcc69e4f03d27cdda0be88d62fd1e3f3f91c1e6a88da46,ORIGINAL_APPLICATION,game resource,MEDIUM
Payload/pool.app/DailyRewardsDisplaySlotTransaction.ccbi,False,1131,695,92689a80,d144700937cf06077d3912cf4c8045606a9e6412b87c81e56a7cffc0c6aab04e,ORIGINAL_APPLICATION,game resource,MEDIUM
Payload/pool.app/ClubGiftNotification.ccbi,False,1980,1233,e5f93eab,9c2f4f4c62d14123db218bc00822d6a3d7276db4005f5f6d03510832bd814b0a,ORIGINAL_APPLICATION,game resource,MEDIUM
Payload/pool.app/Cue_Case_Explosion.plist,False,6581,4873,43628c28,cd839e67c96ad4b471007b8ed24f7d47d6329bca3a28098d4bf88eb011eb67cf,ORIGINAL_APPLICATION,game resource,MEDIUM
Payload/pool.app/ProfileSegmentedCollectionPopupView.ccbi,False,664,432,d92db0bc,675bc0099e0575fa5e0037ffced9384fdeb73fc7d91ea366c4c29997f2178c03,ORIGINAL_APPLICATION,game resource,MEDIUM
Payload/pool.app/ballsBase-ipadhd.plist,False,448,351,ae7b562a,1b7b588f2a3b2f6d61a0d5360dec5a68244722eb7f7f660d8cff1ed58b6f8ad8,ORIGINAL_APPLICATION,game resource,MEDIUM
Payload/pool.app/TournamentWithFreindsTierRulesContent.ccbi,False,165,145,43772a71,74077b0c4ff705e3f9c2f5affc262deae8d7d911615484ef2f519fbc8dd5d527,ORIGINAL_APPLICATION,game resource,MEDIUM
Payload/pool.app/Daily_Streak_Main_Menu.png,False,20574,20574,301d3598,2fa85e66e82b8bed7f0ad338c0cd578eda0bd17dcc36c86942da186debe44725,ORIGINAL_APPLICATION,game resource,MEDIUM
